Manim Community v0.20.1

[07/03/26 19:11:48] INFO     Caching disabled.             cairo_renderer.py:83
[07/03/26 19:11:52] INFO     Animation 0 : Partial     scene_file_writer.py:601
                             movie file written in                             
                             'C:\storage\coding\EEE\co                         
                             de_fyp\VisionSoC\fyp_demo                         
                             \bonsai_video\media\video                         
                             s\s1_title\1080p60\partia                         
                             l_movie_files\Title\uncac                         
                             hed_00000.mp4'                                    
[07/03/26 19:11:53] INFO     Caching disabled.             cairo_renderer.py:83
[07/03/26 19:11:55] INFO     Animation 1 : Partial     scene_file_writer.py:601
                             movie file written in                             
                             'C:\storage\coding\EEE\co                         
                             de_fyp\VisionSoC\fyp_demo                         
                             \bonsai_video\media\video                         
                             s\s1_title\1080p60\partia                         
                             l_movie_files\Title\uncac                         
                             hed_00001.mp4'                                    
                    INFO     Caching disabled.             cairo_renderer.py:83
[07/03/26 19:11:56] INFO     Animation 2 : Partial     scene_file_writer.py:601
                             movie file written in                             
                             'C:\storage\coding\EEE\co                         
                             de_fyp\VisionSoC\fyp_demo                         
                             \bonsai_video\media\video                         
                             s\s1_title\1080p60\partia                         
                             l_movie_files\Title\uncac                         
                             hed_00002.mp4'                                    
                    INFO     Caching disabled.             cairo_renderer.py:83
[07/03/26 19:11:59] INFO     Animation 3 : Partial     scene_file_writer.py:601
                             movie file written in                             
                             'C:\storage\coding\EEE\co                         
                             de_fyp\VisionSoC\fyp_demo                         
                             \bonsai_video\media\video                         
                             s\s1_title\1080p60\partia                         
                             l_movie_files\Title\uncac                         
                             hed_00003.mp4'                                    
                    INFO     Caching disabled.             cairo_renderer.py:83
[07/03/26 19:12:03] INFO     Animation 4 : Partial     scene_file_writer.py:601
                             movie file written in                             
                             'C:\storage\coding\EEE\co                         
                             de_fyp\VisionSoC\fyp_demo                         
                             \bonsai_video\media\video                         
                             s\s1_title\1080p60\partia                         
                             l_movie_files\Title\uncac                         
                             hed_00004.mp4'                                    
                    INFO     Caching disabled.             cairo_renderer.py:83
[07/03/26 19:12:07] INFO     Animation 5 : Partial     scene_file_writer.py:601
                             movie file written in                             
                             'C:\storage\coding\EEE\co                         
                             de_fyp\VisionSoC\fyp_demo                         
                             \bonsai_video\media\video                         
                             s\s1_title\1080p60\partia                         
                             l_movie_files\Title\uncac                         
                             hed_00005.mp4'                                    
                    INFO     Combining to Movie file.  scene_file_writer.py:753
                    INFO                               scene_file_writer.py:904
                             File ready at                                     
                             'C:\storage\coding\EEE\co                         
                             de_fyp\VisionSoC\fyp_demo                         
                             \bonsai_video\media\video                         
                             s\s1_title\1080p60\Title.                         
                             mp4'                                              
                                                                               
                    INFO     Rendered Title                        scene.py:278
                             Played 6 animations                               
Manim Community v0.20.1

[07/03/26 19:12:12] INFO     Caching disabled.             cairo_renderer.py:83
[07/03/26 19:12:13] INFO     Animation 0 : Partial     scene_file_writer.py:601
                             movie file written in                             
                             'C:\storage\coding\EEE\co                         
                             de_fyp\VisionSoC\fyp_demo                         
                             \bonsai_video\media\video                         
                             s\s1_5_kernel_demo\1080p6                         
                             0\partial_movie_files\Ker                         
                             nelDemo\uncached_00000.mp                         
                             4'                                                
                    INFO     Caching disabled.             cairo_renderer.py:83
[07/03/26 19:12:14] INFO     Animation 1 : Partial     scene_file_writer.py:601
                             movie file written in                             
                             'C:\storage\coding\EEE\co                         
                             de_fyp\VisionSoC\fyp_demo                         
                             \bonsai_video\media\video                         
                             s\s1_5_kernel_demo\1080p6                         
                             0\partial_movie_files\Ker                         
                             nelDemo\uncached_00001.mp                         
                             4'                                                
                    INFO     Caching disabled.             cairo_renderer.py:83
[07/03/26 19:12:15] INFO     Animation 2 : Partial     scene_file_writer.py:601
                             movie file written in                             
                             'C:\storage\coding\EEE\co                         
                             de_fyp\VisionSoC\fyp_demo                         
                             \bonsai_video\media\video                         
                             s\s1_5_kernel_demo\1080p6                         
                             0\partial_movie_files\Ker                         
                             nelDemo\uncached_00002.mp                         
                             4'                                                
                    INFO     Caching disabled.             cairo_renderer.py:83
[07/03/26 19:12:16] INFO     Animation 3 : Partial     scene_file_writer.py:601
                             movie file written in                             
                             'C:\storage\coding\EEE\co                         
                             de_fyp\VisionSoC\fyp_demo                         
                             \bonsai_video\media\video                         
                             s\s1_5_kernel_demo\1080p6                         
                             0\partial_movie_files\Ker                         
                             nelDemo\uncached_00003.mp                         
                             4'                                                
                    INFO     Caching disabled.             cairo_renderer.py:83
[07/03/26 19:12:21] INFO     Animation 4 : Partial     scene_file_writer.py:601
                             movie file written in                             
                             'C:\storage\coding\EEE\co                         
                             de_fyp\VisionSoC\fyp_demo                         
                             \bonsai_video\media\video                         
                             s\s1_5_kernel_demo\1080p6                         
                             0\partial_movie_files\Ker                         
                             nelDemo\uncached_00004.mp                         
                             4'                                                
[07/03/26 19:12:22] INFO     Caching disabled.             cairo_renderer.py:83
[07/03/26 19:12:37] INFO     Animation 5 : Partial     scene_file_writer.py:601
                             movie file written in                             
                             'C:\storage\coding\EEE\co                         
                             de_fyp\VisionSoC\fyp_demo                         
                             \bonsai_video\media\video                         
                             s\s1_5_kernel_demo\1080p6                         
                             0\partial_movie_files\Ker                         
                             nelDemo\uncached_00005.mp                         
                             4'                                                
                    INFO     Caching disabled.             cairo_renderer.py:83
[07/03/26 19:12:40] INFO     Animation 6 : Partial     scene_file_writer.py:601
                             movie file written in                             
                             'C:\storage\coding\EEE\co                         
                             de_fyp\VisionSoC\fyp_demo                         
                             \bonsai_video\media\video                         
                             s\s1_5_kernel_demo\1080p6                         
                             0\partial_movie_files\Ker                         
                             nelDemo\uncached_00006.mp                         
                             4'                                                
[07/03/26 19:12:41] INFO     Caching disabled.             cairo_renderer.py:83
[07/03/26 19:12:48] INFO     Animation 7 : Partial     scene_file_writer.py:601
                             movie file written in                             
                             'C:\storage\coding\EEE\co                         
                             de_fyp\VisionSoC\fyp_demo                         
                             \bonsai_video\media\video                         
                             s\s1_5_kernel_demo\1080p6                         
                             0\partial_movie_files\Ker                         
                             nelDemo\uncached_00007.mp                         
                             4'                                                
                    INFO     Caching disabled.             cairo_renderer.py:83
[07/03/26 19:12:51] INFO     Animation 8 : Partial     scene_file_writer.py:601
                             movie file written in                             
                             'C:\storage\coding\EEE\co                         
                             de_fyp\VisionSoC\fyp_demo                         
                             \bonsai_video\media\video                         
                             s\s1_5_kernel_demo\1080p6                         
                             0\partial_movie_files\Ker                         
                             nelDemo\uncached_00008.mp                         
                             4'                                                
                    INFO     Caching disabled.             cairo_renderer.py:83
[07/03/26 19:12:59] INFO     Animation 9 : Partial     scene_file_writer.py:601
                             movie file written in                             
                             'C:\storage\coding\EEE\co                         
                             de_fyp\VisionSoC\fyp_demo                         
                             \bonsai_video\media\video                         
                             s\s1_5_kernel_demo\1080p6                         
                             0\partial_movie_files\Ker                         
                             nelDemo\uncached_00009.mp                         
                             4'                                                
                    INFO     Caching disabled.             cairo_renderer.py:83
[07/03/26 19:13:01] INFO     Animation 10 : Partial    scene_file_writer.py:601
                             movie file written in                             
                             'C:\storage\coding\EEE\co                         
                             de_fyp\VisionSoC\fyp_demo                         
                             \bonsai_video\media\video                         
                             s\s1_5_kernel_demo\1080p6                         
                             0\partial_movie_files\Ker                         
                             nelDemo\uncached_00010.mp                         
                             4'                                                
                    INFO     Caching disabled.             cairo_renderer.py:83
[07/03/26 19:13:05] INFO     Animation 11 : Partial    scene_file_writer.py:601
                             movie file written in                             
                             'C:\storage\coding\EEE\co                         
                             de_fyp\VisionSoC\fyp_demo                         
                             \bonsai_video\media\video                         
                             s\s1_5_kernel_demo\1080p6                         
                             0\partial_movie_files\Ker                         
                             nelDemo\uncached_00011.mp                         
                             4'                                                
                    INFO     Caching disabled.             cairo_renderer.py:83
[07/03/26 19:13:11] INFO     Animation 12 : Partial    scene_file_writer.py:601
                             movie file written in                             
                             'C:\storage\coding\EEE\co                         
                             de_fyp\VisionSoC\fyp_demo                         
                             \bonsai_video\media\video                         
                             s\s1_5_kernel_demo\1080p6                         
                             0\partial_movie_files\Ker                         
                             nelDemo\uncached_00012.mp                         
                             4'                                                
                    INFO     Caching disabled.             cairo_renderer.py:83
[07/03/26 19:13:18] INFO     Animation 13 : Partial    scene_file_writer.py:601
                             movie file written in                             
                             'C:\storage\coding\EEE\co                         
                             de_fyp\VisionSoC\fyp_demo                         
                             \bonsai_video\media\video                         
                             s\s1_5_kernel_demo\1080p6                         
                             0\partial_movie_files\Ker                         
                             nelDemo\uncached_00013.mp                         
                             4'                                                
                    INFO     Caching disabled.             cairo_renderer.py:83
[07/03/26 19:13:23] INFO     Animation 14 : Partial    scene_file_writer.py:601
                             movie file written in                             
                             'C:\storage\coding\EEE\co                         
                             de_fyp\VisionSoC\fyp_demo                         
                             \bonsai_video\media\video                         
                             s\s1_5_kernel_demo\1080p6                         
                             0\partial_movie_files\Ker                         
                             nelDemo\uncached_00014.mp                         
                             4'                                                
                    INFO     Caching disabled.             cairo_renderer.py:83
[07/03/26 19:13:30] INFO     Animation 15 : Partial    scene_file_writer.py:601
                             movie file written in                             
                             'C:\storage\coding\EEE\co                         
                             de_fyp\VisionSoC\fyp_demo                         
                             \bonsai_video\media\video                         
                             s\s1_5_kernel_demo\1080p6                         
                             0\partial_movie_files\Ker                         
                             nelDemo\uncached_00015.mp                         
                             4'                                                
                    INFO     Caching disabled.             cairo_renderer.py:83
[07/03/26 19:13:35] INFO     Animation 16 : Partial    scene_file_writer.py:601
                             movie file written in                             
                             'C:\storage\coding\EEE\co                         
                             de_fyp\VisionSoC\fyp_demo                         
                             \bonsai_video\media\video                         
                             s\s1_5_kernel_demo\1080p6                         
                             0\partial_movie_files\Ker                         
                             nelDemo\uncached_00016.mp                         
                             4'                                                
                    INFO     Caching disabled.             cairo_renderer.py:83
[07/03/26 19:13:41] INFO     Animation 17 : Partial    scene_file_writer.py:601
                             movie file written in                             
                             'C:\storage\coding\EEE\co                         
                             de_fyp\VisionSoC\fyp_demo                         
                             \bonsai_video\media\video                         
                             s\s1_5_kernel_demo\1080p6                         
                             0\partial_movie_files\Ker                         
                             nelDemo\uncached_00017.mp                         
                             4'                                                
                    INFO     Caching disabled.             cairo_renderer.py:83
[07/03/26 19:13:47] INFO     Animation 18 : Partial    scene_file_writer.py:601
                             movie file written in                             
                             'C:\storage\coding\EEE\co                         
                             de_fyp\VisionSoC\fyp_demo                         
                             \bonsai_video\media\video                         
                             s\s1_5_kernel_demo\1080p6                         
                             0\partial_movie_files\Ker                         
                             nelDemo\uncached_00018.mp                         
                             4'                                                
                    INFO     Caching disabled.             cairo_renderer.py:83
[07/03/26 19:13:52] INFO     Animation 19 : Partial    scene_file_writer.py:601
                             movie file written in                             
                             'C:\storage\coding\EEE\co                         
                             de_fyp\VisionSoC\fyp_demo                         
                             \bonsai_video\media\video                         
                             s\s1_5_kernel_demo\1080p6                         
                             0\partial_movie_files\Ker                         
                             nelDemo\uncached_00019.mp                         
                             4'                                                
                    INFO     Caching disabled.             cairo_renderer.py:83
[07/03/26 19:13:58] INFO     Animation 20 : Partial    scene_file_writer.py:601
                             movie file written in                             
                             'C:\storage\coding\EEE\co                         
                             de_fyp\VisionSoC\fyp_demo                         
                             \bonsai_video\media\video                         
                             s\s1_5_kernel_demo\1080p6                         
                             0\partial_movie_files\Ker                         
                             nelDemo\uncached_00020.mp                         
                             4'                                                
                    INFO     Caching disabled.             cairo_renderer.py:83
[07/03/26 19:14:05] INFO     Animation 21 : Partial    scene_file_writer.py:601
                             movie file written in                             
                             'C:\storage\coding\EEE\co                         
                             de_fyp\VisionSoC\fyp_demo                         
                             \bonsai_video\media\video                         
                             s\s1_5_kernel_demo\1080p6                         
                             0\partial_movie_files\Ker                         
                             nelDemo\uncached_00021.mp                         
                             4'                                                
                    INFO     Caching disabled.             cairo_renderer.py:83
[07/03/26 19:14:11] INFO     Animation 22 : Partial    scene_file_writer.py:601
                             movie file written in                             
                             'C:\storage\coding\EEE\co                         
                             de_fyp\VisionSoC\fyp_demo                         
                             \bonsai_video\media\video                         
                             s\s1_5_kernel_demo\1080p6                         
                             0\partial_movie_files\Ker                         
                             nelDemo\uncached_00022.mp                         
                             4'                                                
                    INFO     Caching disabled.             cairo_renderer.py:83
[07/03/26 19:14:17] INFO     Animation 23 : Partial    scene_file_writer.py:601
                             movie file written in                             
                             'C:\storage\coding\EEE\co                         
                             de_fyp\VisionSoC\fyp_demo                         
                             \bonsai_video\media\video                         
                             s\s1_5_kernel_demo\1080p6                         
                             0\partial_movie_files\Ker                         
                             nelDemo\uncached_00023.mp                         
                             4'                                                
                    INFO     Caching disabled.             cairo_renderer.py:83
[07/03/26 19:14:29] INFO     Animation 24 : Partial    scene_file_writer.py:601
                             movie file written in                             
                             'C:\storage\coding\EEE\co                         
                             de_fyp\VisionSoC\fyp_demo                         
                             \bonsai_video\media\video                         
                             s\s1_5_kernel_demo\1080p6                         
                             0\partial_movie_files\Ker                         
                             nelDemo\uncached_00024.mp                         
                             4'                                                
                    INFO     Combining to Movie file.  scene_file_writer.py:753
                    INFO                               scene_file_writer.py:904
                             File ready at                                     
                             'C:\storage\coding\EEE\co                         
                             de_fyp\VisionSoC\fyp_demo                         
                             \bonsai_video\media\video                         
                             s\s1_5_kernel_demo\1080p6                         
                             0\KernelDemo.mp4'                                 
                                                                               
                    INFO     Rendered KernelDemo                   scene.py:278
                             Played 25 animations                              
Manim Community v0.20.1

[07/03/26 19:14:35] INFO     Caching disabled.             cairo_renderer.py:83
[07/03/26 19:14:37] INFO     Animation 0 : Partial     scene_file_writer.py:601
                             movie file written in                             
                             'C:\storage\coding\EEE\co                         
                             de_fyp\VisionSoC\fyp_demo                         
                             \bonsai_video\media\video                         
                             s\s2_cat\1080p60\partial_                         
                             movie_files\TheImage\unca                         
                             ched_00000.mp4'                                   
                    INFO     Caching disabled.             cairo_renderer.py:83
[07/03/26 19:14:44] INFO     Animation 1 : Partial     scene_file_writer.py:601
                             movie file written in                             
                             'C:\storage\coding\EEE\co                         
                             de_fyp\VisionSoC\fyp_demo                         
                             \bonsai_video\media\video                         
                             s\s2_cat\1080p60\partial_                         
                             movie_files\TheImage\unca                         
                             ched_00001.mp4'                                   
                    INFO     Caching disabled.             cairo_renderer.py:83
[07/03/26 19:14:46] INFO     Animation 2 : Partial     scene_file_writer.py:601
                             movie file written in                             
                             'C:\storage\coding\EEE\co                         
                             de_fyp\VisionSoC\fyp_demo                         
                             \bonsai_video\media\video                         
                             s\s2_cat\1080p60\partial_                         
                             movie_files\TheImage\unca                         
                             ched_00002.mp4'                                   
                    INFO     Caching disabled.             cairo_renderer.py:83
[07/03/26 19:14:49] INFO     Animation 3 : Partial     scene_file_writer.py:601
                             movie file written in                             
                             'C:\storage\coding\EEE\co                         
                             de_fyp\VisionSoC\fyp_demo                         
                             \bonsai_video\media\video                         
                             s\s2_cat\1080p60\partial_                         
                             movie_files\TheImage\unca                         
                             ched_00003.mp4'                                   
                    INFO     Caching disabled.             cairo_renderer.py:83
[07/03/26 19:14:55] INFO     Animation 4 : Partial     scene_file_writer.py:601
                             movie file written in                             
                             'C:\storage\coding\EEE\co                         
                             de_fyp\VisionSoC\fyp_demo                         
                             \bonsai_video\media\video                         
                             s\s2_cat\1080p60\partial_                         
                             movie_files\TheImage\unca                         
                             ched_00004.mp4'                                   
                    INFO     Caching disabled.             cairo_renderer.py:83
[07/03/26 19:14:56] INFO     Animation 5 : Partial     scene_file_writer.py:601
                             movie file written in                             
                             'C:\storage\coding\EEE\co                         
                             de_fyp\VisionSoC\fyp_demo                         
                             \bonsai_video\media\video                         
                             s\s2_cat\1080p60\partial_                         
                             movie_files\TheImage\unca                         
                             ched_00005.mp4'                                   
                    INFO     Combining to Movie file.  scene_file_writer.py:753
                    INFO                               scene_file_writer.py:904
                             File ready at                                     
                             'C:\storage\coding\EEE\co                         
                             de_fyp\VisionSoC\fyp_demo                         
                             \bonsai_video\media\video                         
                             s\s2_cat\1080p60\TheImage                         
                             .mp4'                                             
                                                                               
                    INFO     Rendered TheImage                     scene.py:278
                             Played 6 animations                               
Manim Community v0.20.1

[07/03/26 19:15:00] INFO     Caching disabled.             cairo_renderer.py:83
[07/03/26 19:15:02] INFO     Animation 0 : Partial     scene_file_writer.py:601
                             movie file written in                             
                             'C:\storage\coding\EEE\co                         
                             de_fyp\VisionSoC\fyp_demo                         
                             \bonsai_video\media\video                         
                             s\s3_5_compare\1080p60\pa                         
                             rtial_movie_files\ThreeWa                         
                             yCompare\uncached_00000.m                         
                             p4'                                               
                    INFO     Caching disabled.             cairo_renderer.py:83
[07/03/26 19:15:06] INFO     Animation 1 : Partial     scene_file_writer.py:601
                             movie file written in                             
                             'C:\storage\coding\EEE\co                         
                             de_fyp\VisionSoC\fyp_demo                         
                             \bonsai_video\media\video                         
                             s\s3_5_compare\1080p60\pa                         
                             rtial_movie_files\ThreeWa                         
                             yCompare\uncached_00001.m                         
                             p4'                                               
                    INFO     Caching disabled.             cairo_renderer.py:83
[07/03/26 19:15:11] INFO     Animation 2 : Partial     scene_file_writer.py:601
                             movie file written in                             
                             'C:\storage\coding\EEE\co                         
                             de_fyp\VisionSoC\fyp_demo                         
                             \bonsai_video\media\video                         
                             s\s3_5_compare\1080p60\pa                         
                             rtial_movie_files\ThreeWa                         
                             yCompare\uncached_00002.m                         
                             p4'                                               
[07/03/26 19:15:12] INFO     Caching disabled.             cairo_renderer.py:83
[07/03/26 19:15:17] INFO     Animation 3 : Partial     scene_file_writer.py:601
                             movie file written in                             
                             'C:\storage\coding\EEE\co                         
                             de_fyp\VisionSoC\fyp_demo                         
                             \bonsai_video\media\video                         
                             s\s3_5_compare\1080p60\pa                         
                             rtial_movie_files\ThreeWa                         
                             yCompare\uncached_00003.m                         
                             p4'                                               
                    INFO     Caching disabled.             cairo_renderer.py:83
[07/03/26 19:15:21] INFO     Animation 4 : Partial     scene_file_writer.py:601
                             movie file written in                             
                             'C:\storage\coding\EEE\co                         
                             de_fyp\VisionSoC\fyp_demo                         
                             \bonsai_video\media\video                         
                             s\s3_5_compare\1080p60\pa                         
                             rtial_movie_files\ThreeWa                         
                             yCompare\uncached_00004.m                         
                             p4'                                               
                    INFO     Caching disabled.             cairo_renderer.py:83
[07/03/26 19:15:23] INFO     Animation 5 : Partial     scene_file_writer.py:601
                             movie file written in                             
                             'C:\storage\coding\EEE\co                         
                             de_fyp\VisionSoC\fyp_demo                         
                             \bonsai_video\media\video                         
                             s\s3_5_compare\1080p60\pa                         
                             rtial_movie_files\ThreeWa                         
                             yCompare\uncached_00005.m                         
                             p4'                                               
                    INFO     Caching disabled.             cairo_renderer.py:83
[07/03/26 19:15:24] INFO     Animation 6 : Partial     scene_file_writer.py:601
                             movie file written in                             
                             'C:\storage\coding\EEE\co                         
                             de_fyp\VisionSoC\fyp_demo                         
                             \bonsai_video\media\video                         
                             s\s3_5_compare\1080p60\pa                         
                             rtial_movie_files\ThreeWa                         
                             yCompare\uncached_00006.m                         
                             p4'                                               
                    INFO     Caching disabled.             cairo_renderer.py:83
[07/03/26 19:15:29] INFO     Animation 7 : Partial     scene_file_writer.py:601
                             movie file written in                             
                             'C:\storage\coding\EEE\co                         
                             de_fyp\VisionSoC\fyp_demo                         
                             \bonsai_video\media\video                         
                             s\s3_5_compare\1080p60\pa                         
                             rtial_movie_files\ThreeWa                         
                             yCompare\uncached_00007.m                         
                             p4'                                               
                    INFO     Caching disabled.             cairo_renderer.py:83
[07/03/26 19:15:33] INFO     Animation 8 : Partial     scene_file_writer.py:601
                             movie file written in                             
                             'C:\storage\coding\EEE\co                         
                             de_fyp\VisionSoC\fyp_demo                         
                             \bonsai_video\media\video                         
                             s\s3_5_compare\1080p60\pa                         
                             rtial_movie_files\ThreeWa                         
                             yCompare\uncached_00008.m                         
                             p4'                                               
                    INFO     Caching disabled.             cairo_renderer.py:83
[07/03/26 19:15:34] INFO     Animation 9 : Partial     scene_file_writer.py:601
                             movie file written in                             
                             'C:\storage\coding\EEE\co                         
                             de_fyp\VisionSoC\fyp_demo                         
                             \bonsai_video\media\video                         
                             s\s3_5_compare\1080p60\pa                         
                             rtial_movie_files\ThreeWa                         
                             yCompare\uncached_00009.m                         
                             p4'                                               
                    INFO     Caching disabled.             cairo_renderer.py:83
[07/03/26 19:15:37] INFO     Animation 10 : Partial    scene_file_writer.py:601
                             movie file written in                             
                             'C:\storage\coding\EEE\co                         
                             de_fyp\VisionSoC\fyp_demo                         
                             \bonsai_video\media\video                         
                             s\s3_5_compare\1080p60\pa                         
                             rtial_movie_files\ThreeWa                         
                             yCompare\uncached_00010.m                         
                             p4'                                               
                    INFO     Caching disabled.             cairo_renderer.py:83
[07/03/26 19:15:39] INFO     Animation 11 : Partial    scene_file_writer.py:601
                             movie file written in                             
                             'C:\storage\coding\EEE\co                         
                             de_fyp\VisionSoC\fyp_demo                         
                             \bonsai_video\media\video                         
                             s\s3_5_compare\1080p60\pa                         
                             rtial_movie_files\ThreeWa                         
                             yCompare\uncached_00011.m                         
                             p4'                                               
                    INFO     Caching disabled.             cairo_renderer.py:83
[07/03/26 19:15:41] INFO     Animation 12 : Partial    scene_file_writer.py:601
                             movie file written in                             
                             'C:\storage\coding\EEE\co                         
                             de_fyp\VisionSoC\fyp_demo                         
                             \bonsai_video\media\video                         
                             s\s3_5_compare\1080p60\pa                         
                             rtial_movie_files\ThreeWa                         
                             yCompare\uncached_00012.m                         
                             p4'                                               
                    INFO     Caching disabled.             cairo_renderer.py:83
[07/03/26 19:15:42] INFO     Animation 13 : Partial    scene_file_writer.py:601
                             movie file written in                             
                             'C:\storage\coding\EEE\co                         
                             de_fyp\VisionSoC\fyp_demo                         
                             \bonsai_video\media\video                         
                             s\s3_5_compare\1080p60\pa                         
                             rtial_movie_files\ThreeWa                         
                             yCompare\uncached_00013.m                         
                             p4'                                               
[07/03/26 19:15:43] INFO     Caching disabled.             cairo_renderer.py:83
[07/03/26 19:15:46] INFO     Animation 14 : Partial    scene_file_writer.py:601
                             movie file written in                             
                             'C:\storage\coding\EEE\co                         
                             de_fyp\VisionSoC\fyp_demo                         
                             \bonsai_video\media\video                         
                             s\s3_5_compare\1080p60\pa                         
                             rtial_movie_files\ThreeWa                         
                             yCompare\uncached_00014.m                         
                             p4'                                               
                    INFO     Caching disabled.             cairo_renderer.py:83
[07/03/26 19:15:49] INFO     Animation 15 : Partial    scene_file_writer.py:601
                             movie file written in                             
                             'C:\storage\coding\EEE\co                         
                             de_fyp\VisionSoC\fyp_demo                         
                             \bonsai_video\media\video                         
                             s\s3_5_compare\1080p60\pa                         
                             rtial_movie_files\ThreeWa                         
                             yCompare\uncached_00015.m                         
                             p4'                                               
                    INFO     Caching disabled.             cairo_renderer.py:83
[07/03/26 19:15:53] INFO     Animation 16 : Partial    scene_file_writer.py:601
                             movie file written in                             
                             'C:\storage\coding\EEE\co                         
                             de_fyp\VisionSoC\fyp_demo                         
                             \bonsai_video\media\video                         
                             s\s3_5_compare\1080p60\pa                         
                             rtial_movie_files\ThreeWa                         
                             yCompare\uncached_00016.m                         
                             p4'                                               
                    INFO     Caching disabled.             cairo_renderer.py:83
[07/03/26 19:15:58] INFO     Animation 17 : Partial    scene_file_writer.py:601
                             movie file written in                             
                             'C:\storage\coding\EEE\co                         
                             de_fyp\VisionSoC\fyp_demo                         
                             \bonsai_video\media\video                         
                             s\s3_5_compare\1080p60\pa                         
                             rtial_movie_files\ThreeWa                         
                             yCompare\uncached_00017.m                         
                             p4'                                               
                    INFO     Caching disabled.             cairo_renderer.py:83
[07/03/26 19:16:01] INFO     Animation 18 : Partial    scene_file_writer.py:601
                             movie file written in                             
                             'C:\storage\coding\EEE\co                         
                             de_fyp\VisionSoC\fyp_demo                         
                             \bonsai_video\media\video                         
                             s\s3_5_compare\1080p60\pa                         
                             rtial_movie_files\ThreeWa                         
                             yCompare\uncached_00018.m                         
                             p4'                                               
                    INFO     Caching disabled.             cairo_renderer.py:83
[07/03/26 19:16:04] INFO     Animation 19 : Partial    scene_file_writer.py:601
                             movie file written in                             
                             'C:\storage\coding\EEE\co                         
                             de_fyp\VisionSoC\fyp_demo                         
                             \bonsai_video\media\video                         
                             s\s3_5_compare\1080p60\pa                         
                             rtial_movie_files\ThreeWa                         
                             yCompare\uncached_00019.m                         
                             p4'                                               
                    INFO     Caching disabled.             cairo_renderer.py:83
[07/03/26 19:16:07] INFO     Animation 20 : Partial    scene_file_writer.py:601
                             movie file written in                             
                             'C:\storage\coding\EEE\co                         
                             de_fyp\VisionSoC\fyp_demo                         
                             \bonsai_video\media\video                         
                             s\s3_5_compare\1080p60\pa                         
                             rtial_movie_files\ThreeWa                         
                             yCompare\uncached_00020.m                         
                             p4'                                               
                    INFO     Caching disabled.             cairo_renderer.py:83
[07/03/26 19:16:08] INFO     Animation 21 : Partial    scene_file_writer.py:601
                             movie file written in                             
                             'C:\storage\coding\EEE\co                         
                             de_fyp\VisionSoC\fyp_demo                         
                             \bonsai_video\media\video                         
                             s\s3_5_compare\1080p60\pa                         
                             rtial_movie_files\ThreeWa                         
                             yCompare\uncached_00021.m                         
                             p4'                                               
[07/03/26 19:16:09] INFO     Caching disabled.             cairo_renderer.py:83
[07/03/26 19:16:15] INFO     Animation 22 : Partial    scene_file_writer.py:601
                             movie file written in                             
                             'C:\storage\coding\EEE\co                         
                             de_fyp\VisionSoC\fyp_demo                         
                             \bonsai_video\media\video                         
                             s\s3_5_compare\1080p60\pa                         
                             rtial_movie_files\ThreeWa                         
                             yCompare\uncached_00022.m                         
                             p4'                                               
                    INFO     Caching disabled.             cairo_renderer.py:83
[07/03/26 19:16:19] INFO     Animation 23 : Partial    scene_file_writer.py:601
                             movie file written in                             
                             'C:\storage\coding\EEE\co                         
                             de_fyp\VisionSoC\fyp_demo                         
                             \bonsai_video\media\video                         
                             s\s3_5_compare\1080p60\pa                         
                             rtial_movie_files\ThreeWa                         
                             yCompare\uncached_00023.m                         
                             p4'                                               
                    INFO     Caching disabled.             cairo_renderer.py:83
[07/03/26 19:16:29] INFO     Animation 24 : Partial    scene_file_writer.py:601
                             movie file written in                             
                             'C:\storage\coding\EEE\co                         
                             de_fyp\VisionSoC\fyp_demo                         
                             \bonsai_video\media\video                         
                             s\s3_5_compare\1080p60\pa                         
                             rtial_movie_files\ThreeWa                         
                             yCompare\uncached_00024.m                         
                             p4'                                               
[07/03/26 19:16:30] INFO     Caching disabled.             cairo_renderer.py:83
[07/03/26 19:16:33] INFO     Animation 25 : Partial    scene_file_writer.py:601
                             movie file written in                             
                             'C:\storage\coding\EEE\co                         
                             de_fyp\VisionSoC\fyp_demo                         
                             \bonsai_video\media\video                         
                             s\s3_5_compare\1080p60\pa                         
                             rtial_movie_files\ThreeWa                         
                             yCompare\uncached_00025.m                         
                             p4'                                               
                    INFO     Caching disabled.             cairo_renderer.py:83
[07/03/26 19:16:36] INFO     Animation 26 : Partial    scene_file_writer.py:601
                             movie file written in                             
                             'C:\storage\coding\EEE\co                         
                             de_fyp\VisionSoC\fyp_demo                         
                             \bonsai_video\media\video                         
                             s\s3_5_compare\1080p60\pa                         
                             rtial_movie_files\ThreeWa                         
                             yCompare\uncached_00026.m                         
                             p4'                                               
                    INFO     Caching disabled.             cairo_renderer.py:83
[07/03/26 19:16:40] INFO     Animation 27 : Partial    scene_file_writer.py:601
                             movie file written in                             
                             'C:\storage\coding\EEE\co                         
                             de_fyp\VisionSoC\fyp_demo                         
                             \bonsai_video\media\video                         
                             s\s3_5_compare\1080p60\pa                         
                             rtial_movie_files\ThreeWa                         
                             yCompare\uncached_00027.m                         
                             p4'                                               
                    INFO     Caching disabled.             cairo_renderer.py:83
[07/03/26 19:16:46] INFO     Animation 28 : Partial    scene_file_writer.py:601
                             movie file written in                             
                             'C:\storage\coding\EEE\co                         
                             de_fyp\VisionSoC\fyp_demo                         
                             \bonsai_video\media\video                         
                             s\s3_5_compare\1080p60\pa                         
                             rtial_movie_files\ThreeWa                         
                             yCompare\uncached_00028.m                         
                             p4'                                               
                    INFO     Caching disabled.             cairo_renderer.py:83
[07/03/26 19:17:06] INFO     Animation 29 : Partial    scene_file_writer.py:601
                             movie file written in                             
                             'C:\storage\coding\EEE\co                         
                             de_fyp\VisionSoC\fyp_demo                         
                             \bonsai_video\media\video                         
                             s\s3_5_compare\1080p60\pa                         
                             rtial_movie_files\ThreeWa                         
                             yCompare\uncached_00029.m                         
                             p4'                                               
                    INFO     Combining to Movie file.  scene_file_writer.py:753
[07/03/26 19:17:07] INFO                               scene_file_writer.py:904
                             File ready at                                     
                             'C:\storage\coding\EEE\co                         
                             de_fyp\VisionSoC\fyp_demo                         
                             \bonsai_video\media\video                         
                             s\s3_5_compare\1080p60\Th                         
                             reeWayCompare.mp4'                                
                                                                               
                    INFO     Rendered ThreeWayCompare              scene.py:278
                             Played 30 animations                              
Manim Community v0.20.1

[07/03/26 19:17:17] INFO     Caching disabled.             cairo_renderer.py:83
[07/03/26 19:17:18] INFO     Animation 0 : Partial     scene_file_writer.py:601
                             movie file written in                             
                             'C:\storage\coding\EEE\co                         
                             de_fyp\VisionSoC\fyp_demo                         
                             \bonsai_video\media\video                         
                             s\s3_6_contribution\1080p                         
                             60\partial_movie_files\Co                         
                             ntributionArch\uncached_0                         
                             0000.mp4'                                         
                    INFO     Caching disabled.             cairo_renderer.py:83
[07/03/26 19:17:20] INFO     Animation 1 : Partial     scene_file_writer.py:601
                             movie file written in                             
                             'C:\storage\coding\EEE\co                         
                             de_fyp\VisionSoC\fyp_demo                         
                             \bonsai_video\media\video                         
                             s\s3_6_contribution\1080p                         
                             60\partial_movie_files\Co                         
                             ntributionArch\uncached_0                         
                             0001.mp4'                                         
                    INFO     Caching disabled.             cairo_renderer.py:83
[07/03/26 19:17:23] INFO     Animation 2 : Partial     scene_file_writer.py:601
                             movie file written in                             
                             'C:\storage\coding\EEE\co                         
                             de_fyp\VisionSoC\fyp_demo                         
                             \bonsai_video\media\video                         
                             s\s3_6_contribution\1080p                         
                             60\partial_movie_files\Co                         
                             ntributionArch\uncached_0                         
                             0002.mp4'                                         
[07/03/26 19:17:24] INFO     Caching disabled.             cairo_renderer.py:83
[07/03/26 19:17:28] INFO     Animation 3 : Partial     scene_file_writer.py:601
                             movie file written in                             
                             'C:\storage\coding\EEE\co                         
                             de_fyp\VisionSoC\fyp_demo                         
                             \bonsai_video\media\video                         
                             s\s3_6_contribution\1080p                         
                             60\partial_movie_files\Co                         
                             ntributionArch\uncached_0                         
                             0003.mp4'                                         
                    INFO     Caching disabled.             cairo_renderer.py:83
[07/03/26 19:17:31] INFO     Animation 4 : Partial     scene_file_writer.py:601
                             movie file written in                             
                             'C:\storage\coding\EEE\co                         
                             de_fyp\VisionSoC\fyp_demo                         
                             \bonsai_video\media\video                         
                             s\s3_6_contribution\1080p                         
                             60\partial_movie_files\Co                         
                             ntributionArch\uncached_0                         
                             0004.mp4'                                         
                    INFO     Caching disabled.             cairo_renderer.py:83
[07/03/26 19:17:35] INFO     Animation 5 : Partial     scene_file_writer.py:601
                             movie file written in                             
                             'C:\storage\coding\EEE\co                         
                             de_fyp\VisionSoC\fyp_demo                         
                             \bonsai_video\media\video                         
                             s\s3_6_contribution\1080p                         
                             60\partial_movie_files\Co                         
                             ntributionArch\uncached_0                         
                             0005.mp4'                                         
[07/03/26 19:17:36] INFO     Caching disabled.             cairo_renderer.py:83
[07/03/26 19:17:41] INFO     Animation 6 : Partial     scene_file_writer.py:601
                             movie file written in                             
                             'C:\storage\coding\EEE\co                         
                             de_fyp\VisionSoC\fyp_demo                         
                             \bonsai_video\media\video                         
                             s\s3_6_contribution\1080p                         
                             60\partial_movie_files\Co                         
                             ntributionArch\uncached_0                         
                             0006.mp4'                                         
                    INFO     Caching disabled.             cairo_renderer.py:83
[07/03/26 19:17:47] INFO     Animation 7 : Partial     scene_file_writer.py:601
                             movie file written in                             
                             'C:\storage\coding\EEE\co                         
                             de_fyp\VisionSoC\fyp_demo                         
                             \bonsai_video\media\video                         
                             s\s3_6_contribution\1080p                         
                             60\partial_movie_files\Co                         
                             ntributionArch\uncached_0                         
                             0007.mp4'                                         
                    INFO     Combining to Movie file.  scene_file_writer.py:753
[07/03/26 19:17:48] INFO                               scene_file_writer.py:904
                             File ready at                                     
                             'C:\storage\coding\EEE\co                         
                             de_fyp\VisionSoC\fyp_demo                         
                             \bonsai_video\media\video                         
                             s\s3_6_contribution\1080p                         
                             60\ContributionArch.mp4'                          
                                                                               
                    INFO     Rendered ContributionArch             scene.py:278
                             Played 8 animations                               
Manim Community v0.20.1

[07/03/26 19:17:51] INFO     Caching disabled.             cairo_renderer.py:83
[07/03/26 19:17:52] INFO     Animation 0 : Partial     scene_file_writer.py:601
                             movie file written in                             
                             'C:\storage\coding\EEE\co                         
                             de_fyp\VisionSoC\fyp_demo                         
                             \bonsai_video\media\video                         
                             s\s3_7_fpga\1080p60\parti                         
                             al_movie_files\Contributi                         
                             onFPGA\uncached_00000.mp4                         
                             '                                                 
                    INFO     Caching disabled.             cairo_renderer.py:83
[07/03/26 19:17:53] INFO     Animation 1 : Partial     scene_file_writer.py:601
                             movie file written in                             
                             'C:\storage\coding\EEE\co                         
                             de_fyp\VisionSoC\fyp_demo                         
                             \bonsai_video\media\video                         
                             s\s3_7_fpga\1080p60\parti                         
                             al_movie_files\Contributi                         
                             onFPGA\uncached_00001.mp4                         
                             '                                                 
                    INFO     Caching disabled.             cairo_renderer.py:83
[07/03/26 19:18:02] INFO     Animation 2 : Partial     scene_file_writer.py:601
                             movie file written in                             
                             'C:\storage\coding\EEE\co                         
                             de_fyp\VisionSoC\fyp_demo                         
                             \bonsai_video\media\video                         
                             s\s3_7_fpga\1080p60\parti                         
                             al_movie_files\Contributi                         
                             onFPGA\uncached_00002.mp4                         
                             '                                                 
                    INFO     Caching disabled.             cairo_renderer.py:83
[07/03/26 19:18:04] INFO     Animation 3 : Partial     scene_file_writer.py:601
                             movie file written in                             
                             'C:\storage\coding\EEE\co                         
                             de_fyp\VisionSoC\fyp_demo                         
                             \bonsai_video\media\video                         
                             s\s3_7_fpga\1080p60\parti                         
                             al_movie_files\Contributi                         
                             onFPGA\uncached_00003.mp4                         
                             '                                                 
                    INFO     Caching disabled.             cairo_renderer.py:83
[07/03/26 19:18:05] INFO     Animation 4 : Partial     scene_file_writer.py:601
                             movie file written in                             
                             'C:\storage\coding\EEE\co                         
                             de_fyp\VisionSoC\fyp_demo                         
                             \bonsai_video\media\video                         
                             s\s3_7_fpga\1080p60\parti                         
                             al_movie_files\Contributi                         
                             onFPGA\uncached_00004.mp4                         
                             '                                                 
                    INFO     Caching disabled.             cairo_renderer.py:83
[07/03/26 19:18:06] INFO     Animation 5 : Partial     scene_file_writer.py:601
                             movie file written in                             
                             'C:\storage\coding\EEE\co                         
                             de_fyp\VisionSoC\fyp_demo                         
                             \bonsai_video\media\video                         
                             s\s3_7_fpga\1080p60\parti                         
                             al_movie_files\Contributi                         
                             onFPGA\uncached_00005.mp4                         
                             '                                                 
                    INFO     Caching disabled.             cairo_renderer.py:83
[07/03/26 19:18:09] INFO     Animation 6 : Partial     scene_file_writer.py:601
                             movie file written in                             
                             'C:\storage\coding\EEE\co                         
                             de_fyp\VisionSoC\fyp_demo                         
                             \bonsai_video\media\video                         
                             s\s3_7_fpga\1080p60\parti                         
                             al_movie_files\Contributi                         
                             onFPGA\uncached_00006.mp4                         
                             '                                                 
                    INFO     Caching disabled.             cairo_renderer.py:83
[07/03/26 19:18:20] INFO     Animation 7 : Partial     scene_file_writer.py:601
                             movie file written in                             
                             'C:\storage\coding\EEE\co                         
                             de_fyp\VisionSoC\fyp_demo                         
                             \bonsai_video\media\video                         
                             s\s3_7_fpga\1080p60\parti                         
                             al_movie_files\Contributi                         
                             onFPGA\uncached_00007.mp4                         
                             '                                                 
                    INFO     Combining to Movie file.  scene_file_writer.py:753
                    INFO                               scene_file_writer.py:904
                             File ready at                                     
                             'C:\storage\coding\EEE\co                         
                             de_fyp\VisionSoC\fyp_demo                         
                             \bonsai_video\media\video                         
                             s\s3_7_fpga\1080p60\Contr                         
                             ibutionFPGA.mp4'                                  
                                                                               
                    INFO     Rendered ContributionFPGA             scene.py:278
                             Played 8 animations                               
Manim Community v0.20.1

[07/03/26 19:18:23] INFO     Caching disabled.             cairo_renderer.py:83
[07/03/26 19:18:24] INFO     Animation 0 : Partial     scene_file_writer.py:601
                             movie file written in                             
                             'C:\storage\coding\EEE\co                         
                             de_fyp\VisionSoC\fyp_demo                         
                             \bonsai_video\media\video                         
                             s\s3_8_eval\1080p60\parti                         
                             al_movie_files\Contributi                         
                             onEval\uncached_00000.mp4                         
                             '                                                 
                    INFO     Caching disabled.             cairo_renderer.py:83
[07/03/26 19:18:26] INFO     Animation 1 : Partial     scene_file_writer.py:601
                             movie file written in                             
                             'C:\storage\coding\EEE\co                         
                             de_fyp\VisionSoC\fyp_demo                         
                             \bonsai_video\media\video                         
                             s\s3_8_eval\1080p60\parti                         
                             al_movie_files\Contributi                         
                             onEval\uncached_00001.mp4                         
                             '                                                 
                    INFO     Caching disabled.             cairo_renderer.py:83
[07/03/26 19:18:27] INFO     Animation 2 : Partial     scene_file_writer.py:601
                             movie file written in                             
                             'C:\storage\coding\EEE\co                         
                             de_fyp\VisionSoC\fyp_demo                         
                             \bonsai_video\media\video                         
                             s\s3_8_eval\1080p60\parti                         
                             al_movie_files\Contributi                         
                             onEval\uncached_00002.mp4                         
                             '                                                 
                    INFO     Caching disabled.             cairo_renderer.py:83
[07/03/26 19:18:28] INFO     Animation 3 : Partial     scene_file_writer.py:601
                             movie file written in                             
                             'C:\storage\coding\EEE\co                         
                             de_fyp\VisionSoC\fyp_demo                         
                             \bonsai_video\media\video                         
                             s\s3_8_eval\1080p60\parti                         
                             al_movie_files\Contributi                         
                             onEval\uncached_00003.mp4                         
                             '                                                 
                    INFO     Caching disabled.             cairo_renderer.py:83
[07/03/26 19:18:29] INFO     Animation 4 : Partial     scene_file_writer.py:601
                             movie file written in                             
                             'C:\storage\coding\EEE\co                         
                             de_fyp\VisionSoC\fyp_demo                         
                             \bonsai_video\media\video                         
                             s\s3_8_eval\1080p60\parti                         
                             al_movie_files\Contributi                         
                             onEval\uncached_00004.mp4                         
                             '                                                 
                    INFO     Caching disabled.             cairo_renderer.py:83
[07/03/26 19:18:30] INFO     Animation 5 : Partial     scene_file_writer.py:601
                             movie file written in                             
                             'C:\storage\coding\EEE\co                         
                             de_fyp\VisionSoC\fyp_demo                         
                             \bonsai_video\media\video                         
                             s\s3_8_eval\1080p60\parti                         
                             al_movie_files\Contributi                         
                             onEval\uncached_00005.mp4                         
                             '                                                 
                    INFO     Caching disabled.             cairo_renderer.py:83
[07/03/26 19:18:31] INFO     Animation 6 : Partial     scene_file_writer.py:601
                             movie file written in                             
                             'C:\storage\coding\EEE\co                         
                             de_fyp\VisionSoC\fyp_demo                         
                             \bonsai_video\media\video                         
                             s\s3_8_eval\1080p60\parti                         
                             al_movie_files\Contributi                         
                             onEval\uncached_00006.mp4                         
                             '                                                 
                    INFO     Caching disabled.             cairo_renderer.py:83
[07/03/26 19:18:32] INFO     Animation 7 : Partial     scene_file_writer.py:601
                             movie file written in                             
                             'C:\storage\coding\EEE\co                         
                             de_fyp\VisionSoC\fyp_demo                         
                             \bonsai_video\media\video                         
                             s\s3_8_eval\1080p60\parti                         
                             al_movie_files\Contributi                         
                             onEval\uncached_00007.mp4                         
                             '                                                 
                    INFO     Caching disabled.             cairo_renderer.py:83
[07/03/26 19:18:33] INFO     Animation 8 : Partial     scene_file_writer.py:601
                             movie file written in                             
                             'C:\storage\coding\EEE\co                         
                             de_fyp\VisionSoC\fyp_demo                         
                             \bonsai_video\media\video                         
                             s\s3_8_eval\1080p60\parti                         
                             al_movie_files\Contributi                         
                             onEval\uncached_00008.mp4                         
                             '                                                 
                    INFO     Caching disabled.             cairo_renderer.py:83
[07/03/26 19:18:34] INFO     Animation 9 : Partial     scene_file_writer.py:601
                             movie file written in                             
                             'C:\storage\coding\EEE\co                         
                             de_fyp\VisionSoC\fyp_demo                         
                             \bonsai_video\media\video                         
                             s\s3_8_eval\1080p60\parti                         
                             al_movie_files\Contributi                         
                             onEval\uncached_00009.mp4                         
                             '                                                 
                    INFO     Caching disabled.             cairo_renderer.py:83
[07/03/26 19:18:36] INFO     Animation 10 : Partial    scene_file_writer.py:601
                             movie file written in                             
                             'C:\storage\coding\EEE\co                         
                             de_fyp\VisionSoC\fyp_demo                         
                             \bonsai_video\media\video                         
                             s\s3_8_eval\1080p60\parti                         
                             al_movie_files\Contributi                         
                             onEval\uncached_00010.mp4                         
                             '                                                 
                    INFO     Caching disabled.             cairo_renderer.py:83
[07/03/26 19:18:41] INFO     Animation 11 : Partial    scene_file_writer.py:601
                             movie file written in                             
                             'C:\storage\coding\EEE\co                         
                             de_fyp\VisionSoC\fyp_demo                         
                             \bonsai_video\media\video                         
                             s\s3_8_eval\1080p60\parti                         
                             al_movie_files\Contributi                         
                             onEval\uncached_00011.mp4                         
                             '                                                 
                    INFO     Combining to Movie file.  scene_file_writer.py:753
                    INFO                               scene_file_writer.py:904
                             File ready at                                     
                             'C:\storage\coding\EEE\co                         
                             de_fyp\VisionSoC\fyp_demo                         
                             \bonsai_video\media\video                         
                             s\s3_8_eval\1080p60\Contr                         
                             ibutionEval.mp4'                                  
                                                                               
                    INFO     Rendered ContributionEval             scene.py:278
                             Played 12 animations                              
Manim Community v0.20.1

[07/03/26 19:18:43] INFO     Caching disabled.             cairo_renderer.py:83
[07/03/26 19:18:45] INFO     Animation 0 : Partial     scene_file_writer.py:601
                             movie file written in                             
                             'C:\storage\coding\EEE\co                         
                             de_fyp\VisionSoC\fyp_demo                         
                             \bonsai_video\media\video                         
                             s\s3_85_similar_work\1080                         
                             p60\partial_movie_files\S                         
                             imilarWork\uncached_00000                         
                             .mp4'                                             
                    INFO     Caching disabled.             cairo_renderer.py:83
[07/03/26 19:18:47] INFO     Animation 1 : Partial     scene_file_writer.py:601
                             movie file written in                             
                             'C:\storage\coding\EEE\co                         
                             de_fyp\VisionSoC\fyp_demo                         
                             \bonsai_video\media\video                         
                             s\s3_85_similar_work\1080                         
                             p60\partial_movie_files\S                         
                             imilarWork\uncached_00001                         
                             .mp4'                                             
                    INFO     Caching disabled.             cairo_renderer.py:83
[07/03/26 19:18:49] INFO     Animation 2 : Partial     scene_file_writer.py:601
                             movie file written in                             
                             'C:\storage\coding\EEE\co                         
                             de_fyp\VisionSoC\fyp_demo                         
                             \bonsai_video\media\video                         
                             s\s3_85_similar_work\1080                         
                             p60\partial_movie_files\S                         
                             imilarWork\uncached_00002                         
                             .mp4'                                             
                    INFO     Caching disabled.             cairo_renderer.py:83
[07/03/26 19:18:52] INFO     Animation 3 : Partial     scene_file_writer.py:601
                             movie file written in                             
                             'C:\storage\coding\EEE\co                         
                             de_fyp\VisionSoC\fyp_demo                         
                             \bonsai_video\media\video                         
                             s\s3_85_similar_work\1080                         
                             p60\partial_movie_files\S                         
                             imilarWork\uncached_00003                         
                             .mp4'                                             
                    INFO     Caching disabled.             cairo_renderer.py:83
[07/03/26 19:18:54] INFO     Animation 4 : Partial     scene_file_writer.py:601
                             movie file written in                             
                             'C:\storage\coding\EEE\co                         
                             de_fyp\VisionSoC\fyp_demo                         
                             \bonsai_video\media\video                         
                             s\s3_85_similar_work\1080                         
                             p60\partial_movie_files\S                         
                             imilarWork\uncached_00004                         
                             .mp4'                                             
                    INFO     Caching disabled.             cairo_renderer.py:83
[07/03/26 19:18:55] INFO     Animation 5 : Partial     scene_file_writer.py:601
                             movie file written in                             
                             'C:\storage\coding\EEE\co                         
                             de_fyp\VisionSoC\fyp_demo                         
                             \bonsai_video\media\video                         
                             s\s3_85_similar_work\1080                         
                             p60\partial_movie_files\S                         
                             imilarWork\uncached_00005                         
                             .mp4'                                             
                    INFO     Caching disabled.             cairo_renderer.py:83
[07/03/26 19:18:57] INFO     Animation 6 : Partial     scene_file_writer.py:601
                             movie file written in                             
                             'C:\storage\coding\EEE\co                         
                             de_fyp\VisionSoC\fyp_demo                         
                             \bonsai_video\media\video                         
                             s\s3_85_similar_work\1080                         
                             p60\partial_movie_files\S                         
                             imilarWork\uncached_00006                         
                             .mp4'                                             
[07/03/26 19:18:58] INFO     Caching disabled.             cairo_renderer.py:83
[07/03/26 19:19:02] INFO     Animation 7 : Partial     scene_file_writer.py:601
                             movie file written in                             
                             'C:\storage\coding\EEE\co                         
                             de_fyp\VisionSoC\fyp_demo                         
                             \bonsai_video\media\video                         
                             s\s3_85_similar_work\1080                         
                             p60\partial_movie_files\S                         
                             imilarWork\uncached_00007                         
                             .mp4'                                             
                    INFO     Caching disabled.             cairo_renderer.py:83
[07/03/26 19:19:04] INFO     Animation 8 : Partial     scene_file_writer.py:601
                             movie file written in                             
                             'C:\storage\coding\EEE\co                         
                             de_fyp\VisionSoC\fyp_demo                         
                             \bonsai_video\media\video                         
                             s\s3_85_similar_work\1080                         
                             p60\partial_movie_files\S                         
                             imilarWork\uncached_00008                         
                             .mp4'                                             
                    INFO     Caching disabled.             cairo_renderer.py:83
[07/03/26 19:19:09] INFO     Animation 9 : Partial     scene_file_writer.py:601
                             movie file written in                             
                             'C:\storage\coding\EEE\co                         
                             de_fyp\VisionSoC\fyp_demo                         
                             \bonsai_video\media\video                         
                             s\s3_85_similar_work\1080                         
                             p60\partial_movie_files\S                         
                             imilarWork\uncached_00009                         
                             .mp4'                                             
                    INFO     Caching disabled.             cairo_renderer.py:83
[07/03/26 19:19:11] INFO     Animation 10 : Partial    scene_file_writer.py:601
                             movie file written in                             
                             'C:\storage\coding\EEE\co                         
                             de_fyp\VisionSoC\fyp_demo                         
                             \bonsai_video\media\video                         
                             s\s3_85_similar_work\1080                         
                             p60\partial_movie_files\S                         
                             imilarWork\uncached_00010                         
                             .mp4'                                             
                    INFO     Caching disabled.             cairo_renderer.py:83
[07/03/26 19:19:22] INFO     Animation 11 : Partial    scene_file_writer.py:601
                             movie file written in                             
                             'C:\storage\coding\EEE\co                         
                             de_fyp\VisionSoC\fyp_demo                         
                             \bonsai_video\media\video                         
                             s\s3_85_similar_work\1080                         
                             p60\partial_movie_files\S                         
                             imilarWork\uncached_00011                         
                             .mp4'                                             
                    INFO     Caching disabled.             cairo_renderer.py:83
[07/03/26 19:19:24] INFO     Animation 12 : Partial    scene_file_writer.py:601
                             movie file written in                             
                             'C:\storage\coding\EEE\co                         
                             de_fyp\VisionSoC\fyp_demo                         
                             \bonsai_video\media\video                         
                             s\s3_85_similar_work\1080                         
                             p60\partial_movie_files\S                         
                             imilarWork\uncached_00012                         
                             .mp4'                                             
                    INFO     Caching disabled.             cairo_renderer.py:83
[07/03/26 19:19:30] INFO     Animation 13 : Partial    scene_file_writer.py:601
                             movie file written in                             
                             'C:\storage\coding\EEE\co                         
                             de_fyp\VisionSoC\fyp_demo                         
                             \bonsai_video\media\video                         
                             s\s3_85_similar_work\1080                         
                             p60\partial_movie_files\S                         
                             imilarWork\uncached_00013                         
                             .mp4'                                             
                    INFO     Caching disabled.             cairo_renderer.py:83
[07/03/26 19:19:36] INFO     Animation 14 : Partial    scene_file_writer.py:601
                             movie file written in                             
                             'C:\storage\coding\EEE\co                         
                             de_fyp\VisionSoC\fyp_demo                         
                             \bonsai_video\media\video                         
                             s\s3_85_similar_work\1080                         
                             p60\partial_movie_files\S                         
                             imilarWork\uncached_00014                         
                             .mp4'                                             
                    INFO     Caching disabled.             cairo_renderer.py:83
[07/03/26 19:19:38] INFO     Animation 15 : Partial    scene_file_writer.py:601
                             movie file written in                             
                             'C:\storage\coding\EEE\co                         
                             de_fyp\VisionSoC\fyp_demo                         
                             \bonsai_video\media\video                         
                             s\s3_85_similar_work\1080                         
                             p60\partial_movie_files\S                         
                             imilarWork\uncached_00015                         
                             .mp4'                                             
                    INFO     Caching disabled.             cairo_renderer.py:83
[07/03/26 19:19:41] INFO     Animation 16 : Partial    scene_file_writer.py:601
                             movie file written in                             
                             'C:\storage\coding\EEE\co                         
                             de_fyp\VisionSoC\fyp_demo                         
                             \bonsai_video\media\video                         
                             s\s3_85_similar_work\1080                         
                             p60\partial_movie_files\S                         
                             imilarWork\uncached_00016                         
                             .mp4'                                             
                    INFO     Caching disabled.             cairo_renderer.py:83
[07/03/26 19:19:47] INFO     Animation 17 : Partial    scene_file_writer.py:601
                             movie file written in                             
                             'C:\storage\coding\EEE\co                         
                             de_fyp\VisionSoC\fyp_demo                         
                             \bonsai_video\media\video                         
                             s\s3_85_similar_work\1080                         
                             p60\partial_movie_files\S                         
                             imilarWork\uncached_00017                         
                             .mp4'                                             
                    INFO     Caching disabled.             cairo_renderer.py:83
[07/03/26 19:19:49] INFO     Animation 18 : Partial    scene_file_writer.py:601
                             movie file written in                             
                             'C:\storage\coding\EEE\co                         
                             de_fyp\VisionSoC\fyp_demo                         
                             \bonsai_video\media\video                         
                             s\s3_85_similar_work\1080                         
                             p60\partial_movie_files\S                         
                             imilarWork\uncached_00018                         
                             .mp4'                                             
[07/03/26 19:19:50] INFO     Caching disabled.             cairo_renderer.py:83
[07/03/26 19:19:55] INFO     Animation 19 : Partial    scene_file_writer.py:601
                             movie file written in                             
                             'C:\storage\coding\EEE\co                         
                             de_fyp\VisionSoC\fyp_demo                         
                             \bonsai_video\media\video                         
                             s\s3_85_similar_work\1080                         
                             p60\partial_movie_files\S                         
                             imilarWork\uncached_00019                         
                             .mp4'                                             
                    INFO     Caching disabled.             cairo_renderer.py:83
[07/03/26 19:19:57] INFO     Animation 20 : Partial    scene_file_writer.py:601
                             movie file written in                             
                             'C:\storage\coding\EEE\co                         
                             de_fyp\VisionSoC\fyp_demo                         
                             \bonsai_video\media\video                         
                             s\s3_85_similar_work\1080                         
                             p60\partial_movie_files\S                         
                             imilarWork\uncached_00020                         
                             .mp4'                                             
                    INFO     Caching disabled.             cairo_renderer.py:83
[07/03/26 19:20:01] INFO     Animation 21 : Partial    scene_file_writer.py:601
                             movie file written in                             
                             'C:\storage\coding\EEE\co                         
                             de_fyp\VisionSoC\fyp_demo                         
                             \bonsai_video\media\video                         
                             s\s3_85_similar_work\1080                         
                             p60\partial_movie_files\S                         
                             imilarWork\uncached_00021                         
                             .mp4'                                             
                    INFO     Caching disabled.             cairo_renderer.py:83
[07/03/26 19:20:09] INFO     Animation 22 : Partial    scene_file_writer.py:601
                             movie file written in                             
                             'C:\storage\coding\EEE\co                         
                             de_fyp\VisionSoC\fyp_demo                         
                             \bonsai_video\media\video                         
                             s\s3_85_similar_work\1080                         
                             p60\partial_movie_files\S                         
                             imilarWork\uncached_00022                         
                             .mp4'                                             
                    INFO     Combining to Movie file.  scene_file_writer.py:753
                    INFO                               scene_file_writer.py:904
                             File ready at                                     
                             'C:\storage\coding\EEE\co                         
                             de_fyp\VisionSoC\fyp_demo                         
                             \bonsai_video\media\video                         
                             s\s3_85_similar_work\1080                         
                             p60\SimilarWork.mp4'                              
                                                                               
[07/03/26 19:20:10] INFO     Rendered SimilarWork                  scene.py:278
                             Played 23 animations                              
Manim Community v0.20.1

[07/03/26 19:20:14] INFO     Caching disabled.             cairo_renderer.py:83
[07/03/26 19:20:17] INFO     Animation 0 : Partial     scene_file_writer.py:601
                             movie file written in                             
                             'C:\storage\coding\EEE\co                         
                             de_fyp\VisionSoC\fyp_demo                         
                             \bonsai_video\media\video                         
                             s\s3_9_howitworks\1080p60                         
                             \partial_movie_files\HowI                         
                             tWorks\uncached_00000.mp4                         
                             '                                                 
                    INFO     Caching disabled.             cairo_renderer.py:83
[07/03/26 19:20:18] INFO     Animation 1 : Partial     scene_file_writer.py:601
                             movie file written in                             
                             'C:\storage\coding\EEE\co                         
                             de_fyp\VisionSoC\fyp_demo                         
                             \bonsai_video\media\video                         
                             s\s3_9_howitworks\1080p60                         
                             \partial_movie_files\HowI                         
                             tWorks\uncached_00001.mp4                         
                             '                                                 
                    INFO     Caching disabled.             cairo_renderer.py:83
[07/03/26 19:20:20] INFO     Animation 2 : Partial     scene_file_writer.py:601
                             movie file written in                             
                             'C:\storage\coding\EEE\co                         
                             de_fyp\VisionSoC\fyp_demo                         
                             \bonsai_video\media\video                         
                             s\s3_9_howitworks\1080p60                         
                             \partial_movie_files\HowI                         
                             tWorks\uncached_00002.mp4                         
                             '                                                 
                    INFO     Caching disabled.             cairo_renderer.py:83
[07/03/26 19:20:23] INFO     Animation 3 : Partial     scene_file_writer.py:601
                             movie file written in                             
                             'C:\storage\coding\EEE\co                         
                             de_fyp\VisionSoC\fyp_demo                         
                             \bonsai_video\media\video                         
                             s\s3_9_howitworks\1080p60                         
                             \partial_movie_files\HowI                         
                             tWorks\uncached_00003.mp4                         
                             '                                                 
                    INFO     Combining to Movie file.  scene_file_writer.py:753
                    INFO                               scene_file_writer.py:904
                             File ready at                                     
                             'C:\storage\coding\EEE\co                         
                             de_fyp\VisionSoC\fyp_demo                         
                             \bonsai_video\media\video                         
                             s\s3_9_howitworks\1080p60                         
                             \HowItWorks.mp4'                                  
                                                                               
                    INFO     Rendered HowItWorks                   scene.py:278
                             Played 4 animations                               
Manim Community v0.20.1

[07/03/26 19:20:27] INFO     Caching disabled.             cairo_renderer.py:83
[07/03/26 19:20:35] INFO     Animation 0 : Partial     scene_file_writer.py:601
                             movie file written in                             
                             'C:\storage\coding\EEE\co                         
                             de_fyp\VisionSoC\fyp_demo                         
                             \bonsai_video\media\video                         
                             s\s3_10_soc_dataflow\1080                         
                             p60\partial_movie_files\S                         
                             ocDataflow\uncached_00000                         
                             .mp4'                                             
                    INFO     Caching disabled.             cairo_renderer.py:83
[07/03/26 19:20:36] INFO     Animation 1 : Partial     scene_file_writer.py:601
                             movie file written in                             
                             'C:\storage\coding\EEE\co                         
                             de_fyp\VisionSoC\fyp_demo                         
                             \bonsai_video\media\video                         
                             s\s3_10_soc_dataflow\1080                         
                             p60\partial_movie_files\S                         
                             ocDataflow\uncached_00001                         
                             .mp4'                                             
                    INFO     Caching disabled.             cairo_renderer.py:83
[07/03/26 19:20:38] INFO     Animation 2 : Partial     scene_file_writer.py:601
                             movie file written in                             
                             'C:\storage\coding\EEE\co                         
                             de_fyp\VisionSoC\fyp_demo                         
                             \bonsai_video\media\video                         
                             s\s3_10_soc_dataflow\1080                         
                             p60\partial_movie_files\S                         
                             ocDataflow\uncached_00002                         
                             .mp4'                                             
                    INFO     Caching disabled.             cairo_renderer.py:83
[07/03/26 19:20:44] INFO     Animation 3 : Partial     scene_file_writer.py:601
                             movie file written in                             
                             'C:\storage\coding\EEE\co                         
                             de_fyp\VisionSoC\fyp_demo                         
                             \bonsai_video\media\video                         
                             s\s3_10_soc_dataflow\1080                         
                             p60\partial_movie_files\S                         
                             ocDataflow\uncached_00003                         
                             .mp4'                                             
                    INFO     Caching disabled.             cairo_renderer.py:83
[07/03/26 19:20:46] INFO     Animation 4 : Partial     scene_file_writer.py:601
                             movie file written in                             
                             'C:\storage\coding\EEE\co                         
                             de_fyp\VisionSoC\fyp_demo                         
                             \bonsai_video\media\video                         
                             s\s3_10_soc_dataflow\1080                         
                             p60\partial_movie_files\S                         
                             ocDataflow\uncached_00004                         
                             .mp4'                                             
                    INFO     Caching disabled.             cairo_renderer.py:83
[07/03/26 19:20:51] INFO     Animation 5 : Partial     scene_file_writer.py:601
                             movie file written in                             
                             'C:\storage\coding\EEE\co                         
                             de_fyp\VisionSoC\fyp_demo                         
                             \bonsai_video\media\video                         
                             s\s3_10_soc_dataflow\1080                         
                             p60\partial_movie_files\S                         
                             ocDataflow\uncached_00005                         
                             .mp4'                                             
                    INFO     Caching disabled.             cairo_renderer.py:83
[07/03/26 19:20:53] INFO     Animation 6 : Partial     scene_file_writer.py:601
                             movie file written in                             
                             'C:\storage\coding\EEE\co                         
                             de_fyp\VisionSoC\fyp_demo                         
                             \bonsai_video\media\video                         
                             s\s3_10_soc_dataflow\1080                         
                             p60\partial_movie_files\S                         
                             ocDataflow\uncached_00006                         
                             .mp4'                                             
                    INFO     Caching disabled.             cairo_renderer.py:83
[07/03/26 19:21:00] INFO     Animation 7 : Partial     scene_file_writer.py:601
                             movie file written in                             
                             'C:\storage\coding\EEE\co                         
                             de_fyp\VisionSoC\fyp_demo                         
                             \bonsai_video\media\video                         
                             s\s3_10_soc_dataflow\1080                         
                             p60\partial_movie_files\S                         
                             ocDataflow\uncached_00007                         
                             .mp4'                                             
                    INFO     Caching disabled.             cairo_renderer.py:83
[07/03/26 19:21:01] INFO     Animation 8 : Partial     scene_file_writer.py:601
                             movie file written in                             
                             'C:\storage\coding\EEE\co                         
                             de_fyp\VisionSoC\fyp_demo                         
                             \bonsai_video\media\video                         
                             s\s3_10_soc_dataflow\1080                         
                             p60\partial_movie_files\S                         
                             ocDataflow\uncached_00008                         
                             .mp4'                                             
                    INFO     Caching disabled.             cairo_renderer.py:83
[07/03/26 19:21:02] INFO     Animation 9 : Partial     scene_file_writer.py:601
                             movie file written in                             
                             'C:\storage\coding\EEE\co                         
                             de_fyp\VisionSoC\fyp_demo                         
                             \bonsai_video\media\video                         
                             s\s3_10_soc_dataflow\1080                         
                             p60\partial_movie_files\S                         
                             ocDataflow\uncached_00009                         
                             .mp4'                                             
                    INFO     Caching disabled.             cairo_renderer.py:83
[07/03/26 19:21:08] INFO     Animation 10 : Partial    scene_file_writer.py:601
                             movie file written in                             
                             'C:\storage\coding\EEE\co                         
                             de_fyp\VisionSoC\fyp_demo                         
                             \bonsai_video\media\video                         
                             s\s3_10_soc_dataflow\1080                         
                             p60\partial_movie_files\S                         
                             ocDataflow\uncached_00010                         
                             .mp4'                                             
                    INFO     Caching disabled.             cairo_renderer.py:83
[07/03/26 19:21:09] INFO     Animation 11 : Partial    scene_file_writer.py:601
                             movie file written in                             
                             'C:\storage\coding\EEE\co                         
                             de_fyp\VisionSoC\fyp_demo                         
                             \bonsai_video\media\video                         
                             s\s3_10_soc_dataflow\1080                         
                             p60\partial_movie_files\S                         
                             ocDataflow\uncached_00011                         
                             .mp4'                                             
[07/03/26 19:21:10] INFO     Caching disabled.             cairo_renderer.py:83
[07/03/26 19:21:12] INFO     Animation 12 : Partial    scene_file_writer.py:601
                             movie file written in                             
                             'C:\storage\coding\EEE\co                         
                             de_fyp\VisionSoC\fyp_demo                         
                             \bonsai_video\media\video                         
                             s\s3_10_soc_dataflow\1080                         
                             p60\partial_movie_files\S                         
                             ocDataflow\uncached_00012                         
                             .mp4'                                             
                    INFO     Caching disabled.             cairo_renderer.py:83
[07/03/26 19:21:23] INFO     Animation 13 : Partial    scene_file_writer.py:601
                             movie file written in                             
                             'C:\storage\coding\EEE\co                         
                             de_fyp\VisionSoC\fyp_demo                         
                             \bonsai_video\media\video                         
                             s\s3_10_soc_dataflow\1080                         
                             p60\partial_movie_files\S                         
                             ocDataflow\uncached_00013                         
                             .mp4'                                             
                    INFO     Caching disabled.             cairo_renderer.py:83
[07/03/26 19:21:24] INFO     Animation 14 : Partial    scene_file_writer.py:601
                             movie file written in                             
                             'C:\storage\coding\EEE\co                         
                             de_fyp\VisionSoC\fyp_demo                         
                             \bonsai_video\media\video                         
                             s\s3_10_soc_dataflow\1080                         
                             p60\partial_movie_files\S                         
                             ocDataflow\uncached_00014                         
                             .mp4'                                             
                    INFO     Caching disabled.             cairo_renderer.py:83
[07/03/26 19:21:25] INFO     Animation 15 : Partial    scene_file_writer.py:601
                             movie file written in                             
                             'C:\storage\coding\EEE\co                         
                             de_fyp\VisionSoC\fyp_demo                         
                             \bonsai_video\media\video                         
                             s\s3_10_soc_dataflow\1080                         
                             p60\partial_movie_files\S                         
                             ocDataflow\uncached_00015                         
                             .mp4'                                             
                    INFO     Caching disabled.             cairo_renderer.py:83
[07/03/26 19:21:28] INFO     Animation 16 : Partial    scene_file_writer.py:601
                             movie file written in                             
                             'C:\storage\coding\EEE\co                         
                             de_fyp\VisionSoC\fyp_demo                         
                             \bonsai_video\media\video                         
                             s\s3_10_soc_dataflow\1080                         
                             p60\partial_movie_files\S                         
                             ocDataflow\uncached_00016                         
                             .mp4'                                             
                    INFO     Caching disabled.             cairo_renderer.py:83
[07/03/26 19:21:29] INFO     Animation 17 : Partial    scene_file_writer.py:601
                             movie file written in                             
                             'C:\storage\coding\EEE\co                         
                             de_fyp\VisionSoC\fyp_demo                         
                             \bonsai_video\media\video                         
                             s\s3_10_soc_dataflow\1080                         
                             p60\partial_movie_files\S                         
                             ocDataflow\uncached_00017                         
                             .mp4'                                             
                    INFO     Caching disabled.             cairo_renderer.py:83
[07/03/26 19:21:32] INFO     Animation 18 : Partial    scene_file_writer.py:601
                             movie file written in                             
                             'C:\storage\coding\EEE\co                         
                             de_fyp\VisionSoC\fyp_demo                         
                             \bonsai_video\media\video                         
                             s\s3_10_soc_dataflow\1080                         
                             p60\partial_movie_files\S                         
                             ocDataflow\uncached_00018                         
                             .mp4'                                             
                    INFO     Caching disabled.             cairo_renderer.py:83
[07/03/26 19:21:34] INFO     Animation 19 : Partial    scene_file_writer.py:601
                             movie file written in                             
                             'C:\storage\coding\EEE\co                         
                             de_fyp\VisionSoC\fyp_demo                         
                             \bonsai_video\media\video                         
                             s\s3_10_soc_dataflow\1080                         
                             p60\partial_movie_files\S                         
                             ocDataflow\uncached_00019                         
                             .mp4'                                             
                    INFO     Caching disabled.             cairo_renderer.py:83
                    INFO     Animation 20 : Partial    scene_file_writer.py:601
                             movie file written in                             
                             'C:\storage\coding\EEE\co                         
                             de_fyp\VisionSoC\fyp_demo                         
                             \bonsai_video\media\video                         
                             s\s3_10_soc_dataflow\1080                         
                             p60\partial_movie_files\S                         
                             ocDataflow\uncached_00020                         
                             .mp4'                                             
                    INFO     Combining to Movie file.  scene_file_writer.py:753
                    INFO                               scene_file_writer.py:904
                             File ready at                                     
                             'C:\storage\coding\EEE\co                         
                             de_fyp\VisionSoC\fyp_demo                         
                             \bonsai_video\media\video                         
                             s\s3_10_soc_dataflow\1080                         
                             p60\SocDataflow.mp4'                              
                                                                               
                    INFO     Rendered SocDataflow                  scene.py:278
                             Played 21 animations                              
Manim Community v0.20.1

[07/03/26 19:21:37] INFO     Caching disabled.             cairo_renderer.py:83
[07/03/26 19:21:38] INFO     Animation 0 : Partial     scene_file_writer.py:601
                             movie file written in                             
                             'C:\storage\coding\EEE\co                         
                             de_fyp\VisionSoC\fyp_demo                         
                             \bonsai_video\media\video                         
                             s\s6_programmability\1080                         
                             p60\partial_movie_files\P                         
                             rogrammability\uncached_0                         
                             0000.mp4'                                         
                    INFO     Caching disabled.             cairo_renderer.py:83
[07/03/26 19:21:39] INFO     Animation 1 : Partial     scene_file_writer.py:601
                             movie file written in                             
                             'C:\storage\coding\EEE\co                         
                             de_fyp\VisionSoC\fyp_demo                         
                             \bonsai_video\media\video                         
                             s\s6_programmability\1080                         
                             p60\partial_movie_files\P                         
                             rogrammability\uncached_0                         
                             0001.mp4'                                         
[07/03/26 19:21:40] INFO     Caching disabled.             cairo_renderer.py:83
[07/03/26 19:21:48] INFO     Animation 2 : Partial     scene_file_writer.py:601
                             movie file written in                             
                             'C:\storage\coding\EEE\co                         
                             de_fyp\VisionSoC\fyp_demo                         
                             \bonsai_video\media\video                         
                             s\s6_programmability\1080                         
                             p60\partial_movie_files\P                         
                             rogrammability\uncached_0                         
                             0002.mp4'                                         
                    INFO     Caching disabled.             cairo_renderer.py:83
[07/03/26 19:21:51] INFO     Animation 3 : Partial     scene_file_writer.py:601
                             movie file written in                             
                             'C:\storage\coding\EEE\co                         
                             de_fyp\VisionSoC\fyp_demo                         
                             \bonsai_video\media\video                         
                             s\s6_programmability\1080                         
                             p60\partial_movie_files\P                         
                             rogrammability\uncached_0                         
                             0003.mp4'                                         
                    INFO     Caching disabled.             cairo_renderer.py:83
[07/03/26 19:21:55] INFO     Animation 4 : Partial     scene_file_writer.py:601
                             movie file written in                             
                             'C:\storage\coding\EEE\co                         
                             de_fyp\VisionSoC\fyp_demo                         
                             \bonsai_video\media\video                         
                             s\s6_programmability\1080                         
                             p60\partial_movie_files\P                         
                             rogrammability\uncached_0                         
                             0004.mp4'                                         
                    INFO     Caching disabled.             cairo_renderer.py:83
[07/03/26 19:21:56] INFO     Animation 5 : Partial     scene_file_writer.py:601
                             movie file written in                             
                             'C:\storage\coding\EEE\co                         
                             de_fyp\VisionSoC\fyp_demo                         
                             \bonsai_video\media\video                         
                             s\s6_programmability\1080                         
                             p60\partial_movie_files\P                         
                             rogrammability\uncached_0                         
                             0005.mp4'                                         
                    INFO     Caching disabled.             cairo_renderer.py:83
[07/03/26 19:22:00] INFO     Animation 6 : Partial     scene_file_writer.py:601
                             movie file written in                             
                             'C:\storage\coding\EEE\co                         
                             de_fyp\VisionSoC\fyp_demo                         
                             \bonsai_video\media\video                         
                             s\s6_programmability\1080                         
                             p60\partial_movie_files\P                         
                             rogrammability\uncached_0                         
                             0006.mp4'                                         
                    INFO     Caching disabled.             cairo_renderer.py:83
[07/03/26 19:22:01] INFO     Animation 7 : Partial     scene_file_writer.py:601
                             movie file written in                             
                             'C:\storage\coding\EEE\co                         
                             de_fyp\VisionSoC\fyp_demo                         
                             \bonsai_video\media\video                         
                             s\s6_programmability\1080                         
                             p60\partial_movie_files\P                         
                             rogrammability\uncached_0                         
                             0007.mp4'                                         
                    INFO     Caching disabled.             cairo_renderer.py:83
                    INFO     Animation 8 : Partial     scene_file_writer.py:601
                             movie file written in                             
                             'C:\storage\coding\EEE\co                         
                             de_fyp\VisionSoC\fyp_demo                         
                             \bonsai_video\media\video                         
                             s\s6_programmability\1080                         
                             p60\partial_movie_files\P                         
                             rogrammability\uncached_0                         
                             0008.mp4'                                         
                    INFO     Caching disabled.             cairo_renderer.py:83
[07/03/26 19:22:03] INFO     Animation 9 : Partial     scene_file_writer.py:601
                             movie file written in                             
                             'C:\storage\coding\EEE\co                         
                             de_fyp\VisionSoC\fyp_demo                         
                             \bonsai_video\media\video                         
                             s\s6_programmability\1080                         
                             p60\partial_movie_files\P                         
                             rogrammability\uncached_0                         
                             0009.mp4'                                         
                    INFO     Caching disabled.             cairo_renderer.py:83
[07/03/26 19:22:05] INFO     Animation 10 : Partial    scene_file_writer.py:601
                             movie file written in                             
                             'C:\storage\coding\EEE\co                         
                             de_fyp\VisionSoC\fyp_demo                         
                             \bonsai_video\media\video                         
                             s\s6_programmability\1080                         
                             p60\partial_movie_files\P                         
                             rogrammability\uncached_0                         
                             0010.mp4'                                         
                    INFO     Caching disabled.             cairo_renderer.py:83
[07/03/26 19:22:21] INFO     Animation 11 : Partial    scene_file_writer.py:601
                             movie file written in                             
                             'C:\storage\coding\EEE\co                         
                             de_fyp\VisionSoC\fyp_demo                         
                             \bonsai_video\media\video                         
                             s\s6_programmability\1080                         
                             p60\partial_movie_files\P                         
                             rogrammability\uncached_0                         
                             0011.mp4'                                         
                    INFO     Caching disabled.             cairo_renderer.py:83
[07/03/26 19:22:23] INFO     Animation 12 : Partial    scene_file_writer.py:601
                             movie file written in                             
                             'C:\storage\coding\EEE\co                         
                             de_fyp\VisionSoC\fyp_demo                         
                             \bonsai_video\media\video                         
                             s\s6_programmability\1080                         
                             p60\partial_movie_files\P                         
                             rogrammability\uncached_0                         
                             0012.mp4'                                         
                    INFO     Caching disabled.             cairo_renderer.py:83
                    INFO     Animation 13 : Partial    scene_file_writer.py:601
                             movie file written in                             
                             'C:\storage\coding\EEE\co                         
                             de_fyp\VisionSoC\fyp_demo                         
                             \bonsai_video\media\video                         
                             s\s6_programmability\1080                         
                             p60\partial_movie_files\P                         
                             rogrammability\uncached_0                         
                             0013.mp4'                                         
[07/03/26 19:22:24] INFO     Caching disabled.             cairo_renderer.py:83
[07/03/26 19:22:33] INFO     Animation 14 : Partial    scene_file_writer.py:601
                             movie file written in                             
                             'C:\storage\coding\EEE\co                         
                             de_fyp\VisionSoC\fyp_demo                         
                             \bonsai_video\media\video                         
                             s\s6_programmability\1080                         
                             p60\partial_movie_files\P                         
                             rogrammability\uncached_0                         
                             0014.mp4'                                         
                    INFO     Caching disabled.             cairo_renderer.py:83
[07/03/26 19:22:35] INFO     Animation 15 : Partial    scene_file_writer.py:601
                             movie file written in                             
                             'C:\storage\coding\EEE\co                         
                             de_fyp\VisionSoC\fyp_demo                         
                             \bonsai_video\media\video                         
                             s\s6_programmability\1080                         
                             p60\partial_movie_files\P                         
                             rogrammability\uncached_0                         
                             0015.mp4'                                         
                    INFO     Caching disabled.             cairo_renderer.py:83
[07/03/26 19:22:37] INFO     Animation 16 : Partial    scene_file_writer.py:601
                             movie file written in                             
                             'C:\storage\coding\EEE\co                         
                             de_fyp\VisionSoC\fyp_demo                         
                             \bonsai_video\media\video                         
                             s\s6_programmability\1080                         
                             p60\partial_movie_files\P                         
                             rogrammability\uncached_0                         
                             0016.mp4'                                         
                    INFO     Caching disabled.             cairo_renderer.py:83
[07/03/26 19:22:40] INFO     Animation 17 : Partial    scene_file_writer.py:601
                             movie file written in                             
                             'C:\storage\coding\EEE\co                         
                             de_fyp\VisionSoC\fyp_demo                         
                             \bonsai_video\media\video                         
                             s\s6_programmability\1080                         
                             p60\partial_movie_files\P                         
                             rogrammability\uncached_0                         
                             0017.mp4'                                         
                    INFO     Caching disabled.             cairo_renderer.py:83
[07/03/26 19:22:42] INFO     Animation 18 : Partial    scene_file_writer.py:601
                             movie file written in                             
                             'C:\storage\coding\EEE\co                         
                             de_fyp\VisionSoC\fyp_demo                         
                             \bonsai_video\media\video                         
                             s\s6_programmability\1080                         
                             p60\partial_movie_files\P                         
                             rogrammability\uncached_0                         
                             0018.mp4'                                         
                    INFO     Caching disabled.             cairo_renderer.py:83
[07/03/26 19:22:44] INFO     Animation 19 : Partial    scene_file_writer.py:601
                             movie file written in                             
                             'C:\storage\coding\EEE\co                         
                             de_fyp\VisionSoC\fyp_demo                         
                             \bonsai_video\media\video                         
                             s\s6_programmability\1080                         
                             p60\partial_movie_files\P                         
                             rogrammability\uncached_0                         
                             0019.mp4'                                         
                    INFO     Caching disabled.             cairo_renderer.py:83
[07/03/26 19:22:45] INFO     Animation 20 : Partial    scene_file_writer.py:601
                             movie file written in                             
                             'C:\storage\coding\EEE\co                         
                             de_fyp\VisionSoC\fyp_demo                         
                             \bonsai_video\media\video                         
                             s\s6_programmability\1080                         
                             p60\partial_movie_files\P                         
                             rogrammability\uncached_0                         
                             0020.mp4'                                         
                    INFO     Caching disabled.             cairo_renderer.py:83
[07/03/26 19:22:46] INFO     Animation 21 : Partial    scene_file_writer.py:601
                             movie file written in                             
                             'C:\storage\coding\EEE\co                         
                             de_fyp\VisionSoC\fyp_demo                         
                             \bonsai_video\media\video                         
                             s\s6_programmability\1080                         
                             p60\partial_movie_files\P                         
                             rogrammability\uncached_0                         
                             0021.mp4'                                         
                    INFO     Caching disabled.             cairo_renderer.py:83
[07/03/26 19:22:58] INFO     Animation 22 : Partial    scene_file_writer.py:601
                             movie file written in                             
                             'C:\storage\coding\EEE\co                         
                             de_fyp\VisionSoC\fyp_demo                         
                             \bonsai_video\media\video                         
                             s\s6_programmability\1080                         
                             p60\partial_movie_files\P                         
                             rogrammability\uncached_0                         
                             0022.mp4'                                         
                    INFO     Caching disabled.             cairo_renderer.py:83
[07/03/26 19:22:59] INFO     Animation 23 : Partial    scene_file_writer.py:601
                             movie file written in                             
                             'C:\storage\coding\EEE\co                         
                             de_fyp\VisionSoC\fyp_demo                         
                             \bonsai_video\media\video                         
                             s\s6_programmability\1080                         
                             p60\partial_movie_files\P                         
                             rogrammability\uncached_0                         
                             0023.mp4'                                         
                    INFO     Caching disabled.             cairo_renderer.py:83
[07/03/26 19:23:01] INFO     Animation 24 : Partial    scene_file_writer.py:601
                             movie file written in                             
                             'C:\storage\coding\EEE\co                         
                             de_fyp\VisionSoC\fyp_demo                         
                             \bonsai_video\media\video                         
                             s\s6_programmability\1080                         
                             p60\partial_movie_files\P                         
                             rogrammability\uncached_0                         
                             0024.mp4'                                         
                    INFO     Caching disabled.             cairo_renderer.py:83
[07/03/26 19:23:04] INFO     Animation 25 : Partial    scene_file_writer.py:601
                             movie file written in                             
                             'C:\storage\coding\EEE\co                         
                             de_fyp\VisionSoC\fyp_demo                         
                             \bonsai_video\media\video                         
                             s\s6_programmability\1080                         
                             p60\partial_movie_files\P                         
                             rogrammability\uncached_0                         
                             0025.mp4'                                         
                    INFO     Caching disabled.             cairo_renderer.py:83
[07/03/26 19:23:07] INFO     Animation 26 : Partial    scene_file_writer.py:601
                             movie file written in                             
                             'C:\storage\coding\EEE\co                         
                             de_fyp\VisionSoC\fyp_demo                         
                             \bonsai_video\media\video                         
                             s\s6_programmability\1080                         
                             p60\partial_movie_files\P                         
                             rogrammability\uncached_0                         
                             0026.mp4'                                         
                    INFO     Caching disabled.             cairo_renderer.py:83
[07/03/26 19:23:08] INFO     Animation 27 : Partial    scene_file_writer.py:601
                             movie file written in                             
                             'C:\storage\coding\EEE\co                         
                             de_fyp\VisionSoC\fyp_demo                         
                             \bonsai_video\media\video                         
                             s\s6_programmability\1080                         
                             p60\partial_movie_files\P                         
                             rogrammability\uncached_0                         
                             0027.mp4'                                         
                    INFO     Caching disabled.             cairo_renderer.py:83
[07/03/26 19:23:12] INFO     Animation 28 : Partial    scene_file_writer.py:601
                             movie file written in                             
                             'C:\storage\coding\EEE\co                         
                             de_fyp\VisionSoC\fyp_demo                         
                             \bonsai_video\media\video                         
                             s\s6_programmability\1080                         
                             p60\partial_movie_files\P                         
                             rogrammability\uncached_0                         
                             0028.mp4'                                         
                    INFO     Caching disabled.             cairo_renderer.py:83
[07/03/26 19:23:14] INFO     Animation 29 : Partial    scene_file_writer.py:601
                             movie file written in                             
                             'C:\storage\coding\EEE\co                         
                             de_fyp\VisionSoC\fyp_demo                         
                             \bonsai_video\media\video                         
                             s\s6_programmability\1080                         
                             p60\partial_movie_files\P                         
                             rogrammability\uncached_0                         
                             0029.mp4'                                         
                    INFO     Caching disabled.             cairo_renderer.py:83
[07/03/26 19:23:15] INFO     Animation 30 : Partial    scene_file_writer.py:601
                             movie file written in                             
                             'C:\storage\coding\EEE\co                         
                             de_fyp\VisionSoC\fyp_demo                         
                             \bonsai_video\media\video                         
                             s\s6_programmability\1080                         
                             p60\partial_movie_files\P                         
                             rogrammability\uncached_0                         
                             0030.mp4'                                         
                    INFO     Caching disabled.             cairo_renderer.py:83
[07/03/26 19:23:16] INFO     Animation 31 : Partial    scene_file_writer.py:601
                             movie file written in                             
                             'C:\storage\coding\EEE\co                         
                             de_fyp\VisionSoC\fyp_demo                         
                             \bonsai_video\media\video                         
                             s\s6_programmability\1080                         
                             p60\partial_movie_files\P                         
                             rogrammability\uncached_0                         
                             0031.mp4'                                         
                    INFO     Caching disabled.             cairo_renderer.py:83
[07/03/26 19:23:17] INFO     Animation 32 : Partial    scene_file_writer.py:601
                             movie file written in                             
                             'C:\storage\coding\EEE\co                         
                             de_fyp\VisionSoC\fyp_demo                         
                             \bonsai_video\media\video                         
                             s\s6_programmability\1080                         
                             p60\partial_movie_files\P                         
                             rogrammability\uncached_0                         
                             0032.mp4'                                         
                    INFO     Caching disabled.             cairo_renderer.py:83
[07/03/26 19:23:18] INFO     Animation 33 : Partial    scene_file_writer.py:601
                             movie file written in                             
                             'C:\storage\coding\EEE\co                         
                             de_fyp\VisionSoC\fyp_demo                         
                             \bonsai_video\media\video                         
                             s\s6_programmability\1080                         
                             p60\partial_movie_files\P                         
                             rogrammability\uncached_0                         
                             0033.mp4'                                         
                    INFO     Caching disabled.             cairo_renderer.py:83
[07/03/26 19:23:19] INFO     Animation 34 : Partial    scene_file_writer.py:601
                             movie file written in                             
                             'C:\storage\coding\EEE\co                         
                             de_fyp\VisionSoC\fyp_demo                         
                             \bonsai_video\media\video                         
                             s\s6_programmability\1080                         
                             p60\partial_movie_files\P                         
                             rogrammability\uncached_0                         
                             0034.mp4'                                         
                    INFO     Caching disabled.             cairo_renderer.py:83
[07/03/26 19:23:21] INFO     Animation 35 : Partial    scene_file_writer.py:601
                             movie file written in                             
                             'C:\storage\coding\EEE\co                         
                             de_fyp\VisionSoC\fyp_demo                         
                             \bonsai_video\media\video                         
                             s\s6_programmability\1080                         
                             p60\partial_movie_files\P                         
                             rogrammability\uncached_0                         
                             0035.mp4'                                         
                    INFO     Caching disabled.             cairo_renderer.py:83
[07/03/26 19:23:22] INFO     Animation 36 : Partial    scene_file_writer.py:601
                             movie file written in                             
                             'C:\storage\coding\EEE\co                         
                             de_fyp\VisionSoC\fyp_demo                         
                             \bonsai_video\media\video                         
                             s\s6_programmability\1080                         
                             p60\partial_movie_files\P                         
                             rogrammability\uncached_0                         
                             0036.mp4'                                         
                    INFO     Caching disabled.             cairo_renderer.py:83
[07/03/26 19:23:23] INFO     Animation 37 : Partial    scene_file_writer.py:601
                             movie file written in                             
                             'C:\storage\coding\EEE\co                         
                             de_fyp\VisionSoC\fyp_demo                         
                             \bonsai_video\media\video                         
                             s\s6_programmability\1080                         
                             p60\partial_movie_files\P                         
                             rogrammability\uncached_0                         
                             0037.mp4'                                         
                    INFO     Caching disabled.             cairo_renderer.py:83
[07/03/26 19:23:25] INFO     Animation 38 : Partial    scene_file_writer.py:601
                             movie file written in                             
                             'C:\storage\coding\EEE\co                         
                             de_fyp\VisionSoC\fyp_demo                         
                             \bonsai_video\media\video                         
                             s\s6_programmability\1080                         
                             p60\partial_movie_files\P                         
                             rogrammability\uncached_0                         
                             0038.mp4'                                         
[07/03/26 19:23:26] INFO     Caching disabled.             cairo_renderer.py:83
[07/03/26 19:23:36] INFO     Animation 39 : Partial    scene_file_writer.py:601
                             movie file written in                             
                             'C:\storage\coding\EEE\co                         
                             de_fyp\VisionSoC\fyp_demo                         
                             \bonsai_video\media\video                         
                             s\s6_programmability\1080                         
                             p60\partial_movie_files\P                         
                             rogrammability\uncached_0                         
                             0039.mp4'                                         
                    INFO     Caching disabled.             cairo_renderer.py:83
[07/03/26 19:23:38] INFO     Animation 40 : Partial    scene_file_writer.py:601
                             movie file written in                             
                             'C:\storage\coding\EEE\co                         
                             de_fyp\VisionSoC\fyp_demo                         
                             \bonsai_video\media\video                         
                             s\s6_programmability\1080                         
                             p60\partial_movie_files\P                         
                             rogrammability\uncached_0                         
                             0040.mp4'                                         
                    INFO     Caching disabled.             cairo_renderer.py:83
[07/03/26 19:23:39] INFO     Animation 41 : Partial    scene_file_writer.py:601
                             movie file written in                             
                             'C:\storage\coding\EEE\co                         
                             de_fyp\VisionSoC\fyp_demo                         
                             \bonsai_video\media\video                         
                             s\s6_programmability\1080                         
                             p60\partial_movie_files\P                         
                             rogrammability\uncached_0                         
                             0041.mp4'                                         
                    INFO     Caching disabled.             cairo_renderer.py:83
[07/03/26 19:23:40] INFO     Animation 42 : Partial    scene_file_writer.py:601
                             movie file written in                             
                             'C:\storage\coding\EEE\co                         
                             de_fyp\VisionSoC\fyp_demo                         
                             \bonsai_video\media\video                         
                             s\s6_programmability\1080                         
                             p60\partial_movie_files\P                         
                             rogrammability\uncached_0                         
                             0042.mp4'                                         
                    INFO     Caching disabled.             cairo_renderer.py:83
[07/03/26 19:23:45] INFO     Animation 43 : Partial    scene_file_writer.py:601
                             movie file written in                             
                             'C:\storage\coding\EEE\co                         
                             de_fyp\VisionSoC\fyp_demo                         
                             \bonsai_video\media\video                         
                             s\s6_programmability\1080                         
                             p60\partial_movie_files\P                         
                             rogrammability\uncached_0                         
                             0043.mp4'                                         
                    INFO     Caching disabled.             cairo_renderer.py:83
[07/03/26 19:23:47] INFO     Animation 44 : Partial    scene_file_writer.py:601
                             movie file written in                             
                             'C:\storage\coding\EEE\co                         
                             de_fyp\VisionSoC\fyp_demo                         
                             \bonsai_video\media\video                         
                             s\s6_programmability\1080                         
                             p60\partial_movie_files\P                         
                             rogrammability\uncached_0                         
                             0044.mp4'                                         
                    INFO     Caching disabled.             cairo_renderer.py:83
[07/03/26 19:23:48] INFO     Animation 45 : Partial    scene_file_writer.py:601
                             movie file written in                             
                             'C:\storage\coding\EEE\co                         
                             de_fyp\VisionSoC\fyp_demo                         
                             \bonsai_video\media\video                         
                             s\s6_programmability\1080                         
                             p60\partial_movie_files\P                         
                             rogrammability\uncached_0                         
                             0045.mp4'                                         
                    INFO     Caching disabled.             cairo_renderer.py:83
[07/03/26 19:23:50] INFO     Animation 46 : Partial    scene_file_writer.py:601
                             movie file written in                             
                             'C:\storage\coding\EEE\co                         
                             de_fyp\VisionSoC\fyp_demo                         
                             \bonsai_video\media\video                         
                             s\s6_programmability\1080                         
                             p60\partial_movie_files\P                         
                             rogrammability\uncached_0                         
                             0046.mp4'                                         
                    INFO     Caching disabled.             cairo_renderer.py:83
[07/03/26 19:23:52] INFO     Animation 47 : Partial    scene_file_writer.py:601
                             movie file written in                             
                             'C:\storage\coding\EEE\co                         
                             de_fyp\VisionSoC\fyp_demo                         
                             \bonsai_video\media\video                         
                             s\s6_programmability\1080                         
                             p60\partial_movie_files\P                         
                             rogrammability\uncached_0                         
                             0047.mp4'                                         
                    INFO     Caching disabled.             cairo_renderer.py:83
[07/03/26 19:23:54] INFO     Animation 48 : Partial    scene_file_writer.py:601
                             movie file written in                             
                             'C:\storage\coding\EEE\co                         
                             de_fyp\VisionSoC\fyp_demo                         
                             \bonsai_video\media\video                         
                             s\s6_programmability\1080                         
                             p60\partial_movie_files\P                         
                             rogrammability\uncached_0                         
                             0048.mp4'                                         
                    INFO     Caching disabled.             cairo_renderer.py:83
[07/03/26 19:24:15] INFO     Animation 49 : Partial    scene_file_writer.py:601
                             movie file written in                             
                             'C:\storage\coding\EEE\co                         
                             de_fyp\VisionSoC\fyp_demo                         
                             \bonsai_video\media\video                         
                             s\s6_programmability\1080                         
                             p60\partial_movie_files\P                         
                             rogrammability\uncached_0                         
                             0049.mp4'                                         
                    INFO     Caching disabled.             cairo_renderer.py:83
[07/03/26 19:24:19] INFO     Animation 50 : Partial    scene_file_writer.py:601
                             movie file written in                             
                             'C:\storage\coding\EEE\co                         
                             de_fyp\VisionSoC\fyp_demo                         
                             \bonsai_video\media\video                         
                             s\s6_programmability\1080                         
                             p60\partial_movie_files\P                         
                             rogrammability\uncached_0                         
                             0050.mp4'                                         
                    INFO     Caching disabled.             cairo_renderer.py:83
[07/03/26 19:24:20] INFO     Animation 51 : Partial    scene_file_writer.py:601
                             movie file written in                             
                             'C:\storage\coding\EEE\co                         
                             de_fyp\VisionSoC\fyp_demo                         
                             \bonsai_video\media\video                         
                             s\s6_programmability\1080                         
                             p60\partial_movie_files\P                         
                             rogrammability\uncached_0                         
                             0051.mp4'                                         
[07/03/26 19:24:21] INFO     Caching disabled.             cairo_renderer.py:83
[07/03/26 19:24:22] INFO     Animation 52 : Partial    scene_file_writer.py:601
                             movie file written in                             
                             'C:\storage\coding\EEE\co                         
                             de_fyp\VisionSoC\fyp_demo                         
                             \bonsai_video\media\video                         
                             s\s6_programmability\1080                         
                             p60\partial_movie_files\P                         
                             rogrammability\uncached_0                         
                             0052.mp4'                                         
                    INFO     Caching disabled.             cairo_renderer.py:83
[07/03/26 19:24:23] INFO     Animation 53 : Partial    scene_file_writer.py:601
                             movie file written in                             
                             'C:\storage\coding\EEE\co                         
                             de_fyp\VisionSoC\fyp_demo                         
                             \bonsai_video\media\video                         
                             s\s6_programmability\1080                         
                             p60\partial_movie_files\P                         
                             rogrammability\uncached_0                         
                             0053.mp4'                                         
                    INFO     Combining to Movie file.  scene_file_writer.py:753
                    INFO                               scene_file_writer.py:904
                             File ready at                                     
                             'C:\storage\coding\EEE\co                         
                             de_fyp\VisionSoC\fyp_demo                         
                             \bonsai_video\media\video                         
                             s\s6_programmability\1080                         
                             p60\Programmability.mp4'                          
                                                                               
                    INFO     Rendered Programmability              scene.py:278
                             Played 54 animations                              
Manim Community v0.20.1

[07/03/26 19:24:28] INFO     Caching disabled.             cairo_renderer.py:83
                    INFO     Animation 0 : Partial     scene_file_writer.py:601
                             movie file written in                             
                             'C:\storage\coding\EEE\co                         
                             de_fyp\VisionSoC\fyp_demo                         
                             \bonsai_video\media\video                         
                             s\s7_row_col\1080p60\part                         
                             ial_movie_files\RowColPro                         
                             cessing\uncached_00000.mp                         
                             4'                                                
                    INFO     Caching disabled.             cairo_renderer.py:83
[07/03/26 19:24:30] INFO     Animation 1 : Partial     scene_file_writer.py:601
                             movie file written in                             
                             'C:\storage\coding\EEE\co                         
                             de_fyp\VisionSoC\fyp_demo                         
                             \bonsai_video\media\video                         
                             s\s7_row_col\1080p60\part                         
                             ial_movie_files\RowColPro                         
                             cessing\uncached_00001.mp                         
                             4'                                                
                    INFO     Caching disabled.             cairo_renderer.py:83
[07/03/26 19:24:32] INFO     Animation 2 : Partial     scene_file_writer.py:601
                             movie file written in                             
                             'C:\storage\coding\EEE\co                         
                             de_fyp\VisionSoC\fyp_demo                         
                             \bonsai_video\media\video                         
                             s\s7_row_col\1080p60\part                         
                             ial_movie_files\RowColPro                         
                             cessing\uncached_00002.mp                         
                             4'                                                
                    INFO     Caching disabled.             cairo_renderer.py:83
[07/03/26 19:24:36] INFO     Animation 3 : Partial     scene_file_writer.py:601
                             movie file written in                             
                             'C:\storage\coding\EEE\co                         
                             de_fyp\VisionSoC\fyp_demo                         
                             \bonsai_video\media\video                         
                             s\s7_row_col\1080p60\part                         
                             ial_movie_files\RowColPro                         
                             cessing\uncached_00003.mp                         
                             4'                                                
                    INFO     Caching disabled.             cairo_renderer.py:83
[07/03/26 19:24:38] INFO     Animation 4 : Partial     scene_file_writer.py:601
                             movie file written in                             
                             'C:\storage\coding\EEE\co                         
                             de_fyp\VisionSoC\fyp_demo                         
                             \bonsai_video\media\video                         
                             s\s7_row_col\1080p60\part                         
                             ial_movie_files\RowColPro                         
                             cessing\uncached_00004.mp                         
                             4'                                                
                    INFO     Caching disabled.             cairo_renderer.py:83
[07/03/26 19:25:00] INFO     Animation 5 : Partial     scene_file_writer.py:601
                             movie file written in                             
                             'C:\storage\coding\EEE\co                         
                             de_fyp\VisionSoC\fyp_demo                         
                             \bonsai_video\media\video                         
                             s\s7_row_col\1080p60\part                         
                             ial_movie_files\RowColPro                         
                             cessing\uncached_00005.mp                         
                             4'                                                
                    INFO     Caching disabled.             cairo_renderer.py:83
[07/03/26 19:25:01] INFO     Animation 6 : Partial     scene_file_writer.py:601
                             movie file written in                             
                             'C:\storage\coding\EEE\co                         
                             de_fyp\VisionSoC\fyp_demo                         
                             \bonsai_video\media\video                         
                             s\s7_row_col\1080p60\part                         
                             ial_movie_files\RowColPro                         
                             cessing\uncached_00006.mp                         
                             4'                                                
                    INFO     Caching disabled.             cairo_renderer.py:83
[07/03/26 19:25:03] INFO     Animation 7 : Partial     scene_file_writer.py:601
                             movie file written in                             
                             'C:\storage\coding\EEE\co                         
                             de_fyp\VisionSoC\fyp_demo                         
                             \bonsai_video\media\video                         
                             s\s7_row_col\1080p60\part                         
                             ial_movie_files\RowColPro                         
                             cessing\uncached_00007.mp                         
                             4'                                                
                    INFO     Caching disabled.             cairo_renderer.py:83
[07/03/26 19:25:05] INFO     Animation 8 : Partial     scene_file_writer.py:601
                             movie file written in                             
                             'C:\storage\coding\EEE\co                         
                             de_fyp\VisionSoC\fyp_demo                         
                             \bonsai_video\media\video                         
                             s\s7_row_col\1080p60\part                         
                             ial_movie_files\RowColPro                         
                             cessing\uncached_00008.mp                         
                             4'                                                
                    INFO     Caching disabled.             cairo_renderer.py:83
[07/03/26 19:25:06] INFO     Animation 9 : Partial     scene_file_writer.py:601
                             movie file written in                             
                             'C:\storage\coding\EEE\co                         
                             de_fyp\VisionSoC\fyp_demo                         
                             \bonsai_video\media\video                         
                             s\s7_row_col\1080p60\part                         
                             ial_movie_files\RowColPro                         
                             cessing\uncached_00009.mp                         
                             4'                                                
                    INFO     Caching disabled.             cairo_renderer.py:83
[07/03/26 19:25:10] INFO     Animation 10 : Partial    scene_file_writer.py:601
                             movie file written in                             
                             'C:\storage\coding\EEE\co                         
                             de_fyp\VisionSoC\fyp_demo                         
                             \bonsai_video\media\video                         
                             s\s7_row_col\1080p60\part                         
                             ial_movie_files\RowColPro                         
                             cessing\uncached_00010.mp                         
                             4'                                                
                    INFO     Caching disabled.             cairo_renderer.py:83
[07/03/26 19:25:12] INFO     Animation 11 : Partial    scene_file_writer.py:601
                             movie file written in                             
                             'C:\storage\coding\EEE\co                         
                             de_fyp\VisionSoC\fyp_demo                         
                             \bonsai_video\media\video                         
                             s\s7_row_col\1080p60\part                         
                             ial_movie_files\RowColPro                         
                             cessing\uncached_00011.mp                         
                             4'                                                
                    INFO     Caching disabled.             cairo_renderer.py:83
[07/03/26 19:25:13] INFO     Animation 12 : Partial    scene_file_writer.py:601
                             movie file written in                             
                             'C:\storage\coding\EEE\co                         
                             de_fyp\VisionSoC\fyp_demo                         
                             \bonsai_video\media\video                         
                             s\s7_row_col\1080p60\part                         
                             ial_movie_files\RowColPro                         
                             cessing\uncached_00012.mp                         
                             4'                                                
                    INFO     Caching disabled.             cairo_renderer.py:83
[07/03/26 19:25:14] INFO     Animation 13 : Partial    scene_file_writer.py:601
                             movie file written in                             
                             'C:\storage\coding\EEE\co                         
                             de_fyp\VisionSoC\fyp_demo                         
                             \bonsai_video\media\video                         
                             s\s7_row_col\1080p60\part                         
                             ial_movie_files\RowColPro                         
                             cessing\uncached_00013.mp                         
                             4'                                                
                    INFO     Caching disabled.             cairo_renderer.py:83
[07/03/26 19:25:16] INFO     Animation 14 : Partial    scene_file_writer.py:601
                             movie file written in                             
                             'C:\storage\coding\EEE\co                         
                             de_fyp\VisionSoC\fyp_demo                         
                             \bonsai_video\media\video                         
                             s\s7_row_col\1080p60\part                         
                             ial_movie_files\RowColPro                         
                             cessing\uncached_00014.mp                         
                             4'                                                
                    INFO     Caching disabled.             cairo_renderer.py:83
[07/03/26 19:25:18] INFO     Animation 15 : Partial    scene_file_writer.py:601
                             movie file written in                             
                             'C:\storage\coding\EEE\co                         
                             de_fyp\VisionSoC\fyp_demo                         
                             \bonsai_video\media\video                         
                             s\s7_row_col\1080p60\part                         
                             ial_movie_files\RowColPro                         
                             cessing\uncached_00015.mp                         
                             4'                                                
                    INFO     Caching disabled.             cairo_renderer.py:83
[07/03/26 19:25:19] INFO     Animation 16 : Partial    scene_file_writer.py:601
                             movie file written in                             
                             'C:\storage\coding\EEE\co                         
                             de_fyp\VisionSoC\fyp_demo                         
                             \bonsai_video\media\video                         
                             s\s7_row_col\1080p60\part                         
                             ial_movie_files\RowColPro                         
                             cessing\uncached_00016.mp                         
                             4'                                                
                    INFO     Caching disabled.             cairo_renderer.py:83
[07/03/26 19:25:21] INFO     Animation 17 : Partial    scene_file_writer.py:601
                             movie file written in                             
                             'C:\storage\coding\EEE\co                         
                             de_fyp\VisionSoC\fyp_demo                         
                             \bonsai_video\media\video                         
                             s\s7_row_col\1080p60\part                         
                             ial_movie_files\RowColPro                         
                             cessing\uncached_00017.mp                         
                             4'                                                
                    INFO     Caching disabled.             cairo_renderer.py:83
                    INFO     Animation 18 : Partial    scene_file_writer.py:601
                             movie file written in                             
                             'C:\storage\coding\EEE\co                         
                             de_fyp\VisionSoC\fyp_demo                         
                             \bonsai_video\media\video                         
                             s\s7_row_col\1080p60\part                         
                             ial_movie_files\RowColPro                         
                             cessing\uncached_00018.mp                         
                             4'                                                
[07/03/26 19:25:22] INFO     Caching disabled.             cairo_renderer.py:83
[07/03/26 19:25:26] INFO     Animation 19 : Partial    scene_file_writer.py:601
                             movie file written in                             
                             'C:\storage\coding\EEE\co                         
                             de_fyp\VisionSoC\fyp_demo                         
                             \bonsai_video\media\video                         
                             s\s7_row_col\1080p60\part                         
                             ial_movie_files\RowColPro                         
                             cessing\uncached_00019.mp                         
                             4'                                                
                    INFO     Caching disabled.             cairo_renderer.py:83
[07/03/26 19:25:27] INFO     Animation 20 : Partial    scene_file_writer.py:601
                             movie file written in                             
                             'C:\storage\coding\EEE\co                         
                             de_fyp\VisionSoC\fyp_demo                         
                             \bonsai_video\media\video                         
                             s\s7_row_col\1080p60\part                         
                             ial_movie_files\RowColPro                         
                             cessing\uncached_00020.mp                         
                             4'                                                
                    INFO     Caching disabled.             cairo_renderer.py:83
[07/03/26 19:25:30] INFO     Animation 21 : Partial    scene_file_writer.py:601
                             movie file written in                             
                             'C:\storage\coding\EEE\co                         
                             de_fyp\VisionSoC\fyp_demo                         
                             \bonsai_video\media\video                         
                             s\s7_row_col\1080p60\part                         
                             ial_movie_files\RowColPro                         
                             cessing\uncached_00021.mp                         
                             4'                                                
                    INFO     Caching disabled.             cairo_renderer.py:83
[07/03/26 19:25:31] INFO     Animation 22 : Partial    scene_file_writer.py:601
                             movie file written in                             
                             'C:\storage\coding\EEE\co                         
                             de_fyp\VisionSoC\fyp_demo                         
                             \bonsai_video\media\video                         
                             s\s7_row_col\1080p60\part                         
                             ial_movie_files\RowColPro                         
                             cessing\uncached_00022.mp                         
                             4'                                                
                    INFO     Caching disabled.             cairo_renderer.py:83
                    INFO     Animation 23 : Partial    scene_file_writer.py:601
                             movie file written in                             
                             'C:\storage\coding\EEE\co                         
                             de_fyp\VisionSoC\fyp_demo                         
                             \bonsai_video\media\video                         
                             s\s7_row_col\1080p60\part                         
                             ial_movie_files\RowColPro                         
                             cessing\uncached_00023.mp                         
                             4'                                                
                    INFO     Caching disabled.             cairo_renderer.py:83
[07/03/26 19:25:32] INFO     Animation 24 : Partial    scene_file_writer.py:601
                             movie file written in                             
                             'C:\storage\coding\EEE\co                         
                             de_fyp\VisionSoC\fyp_demo                         
                             \bonsai_video\media\video                         
                             s\s7_row_col\1080p60\part                         
                             ial_movie_files\RowColPro                         
                             cessing\uncached_00024.mp                         
                             4'                                                
[07/03/26 19:25:33] INFO     Caching disabled.             cairo_renderer.py:83
[07/03/26 19:25:41] INFO     Animation 25 : Partial    scene_file_writer.py:601
                             movie file written in                             
                             'C:\storage\coding\EEE\co                         
                             de_fyp\VisionSoC\fyp_demo                         
                             \bonsai_video\media\video                         
                             s\s7_row_col\1080p60\part                         
                             ial_movie_files\RowColPro                         
                             cessing\uncached_00025.mp                         
                             4'                                                
                    INFO     Caching disabled.             cairo_renderer.py:83
[07/03/26 19:25:42] INFO     Animation 26 : Partial    scene_file_writer.py:601
                             movie file written in                             
                             'C:\storage\coding\EEE\co                         
                             de_fyp\VisionSoC\fyp_demo                         
                             \bonsai_video\media\video                         
                             s\s7_row_col\1080p60\part                         
                             ial_movie_files\RowColPro                         
                             cessing\uncached_00026.mp                         
                             4'                                                
                    INFO     Caching disabled.             cairo_renderer.py:83
[07/03/26 19:25:55] INFO     Animation 27 : Partial    scene_file_writer.py:601
                             movie file written in                             
                             'C:\storage\coding\EEE\co                         
                             de_fyp\VisionSoC\fyp_demo                         
                             \bonsai_video\media\video                         
                             s\s7_row_col\1080p60\part                         
                             ial_movie_files\RowColPro                         
                             cessing\uncached_00027.mp                         
                             4'                                                
[07/03/26 19:25:56] INFO     Caching disabled.             cairo_renderer.py:83
[07/03/26 19:26:05] INFO     Animation 28 : Partial    scene_file_writer.py:601
                             movie file written in                             
                             'C:\storage\coding\EEE\co                         
                             de_fyp\VisionSoC\fyp_demo                         
                             \bonsai_video\media\video                         
                             s\s7_row_col\1080p60\part                         
                             ial_movie_files\RowColPro                         
                             cessing\uncached_00028.mp                         
                             4'                                                
                    INFO     Caching disabled.             cairo_renderer.py:83
[07/03/26 19:26:07] INFO     Animation 29 : Partial    scene_file_writer.py:601
                             movie file written in                             
                             'C:\storage\coding\EEE\co                         
                             de_fyp\VisionSoC\fyp_demo                         
                             \bonsai_video\media\video                         
                             s\s7_row_col\1080p60\part                         
                             ial_movie_files\RowColPro                         
                             cessing\uncached_00029.mp                         
                             4'                                                
                    INFO     Caching disabled.             cairo_renderer.py:83
[07/03/26 19:26:08] INFO     Animation 30 : Partial    scene_file_writer.py:601
                             movie file written in                             
                             'C:\storage\coding\EEE\co                         
                             de_fyp\VisionSoC\fyp_demo                         
                             \bonsai_video\media\video                         
                             s\s7_row_col\1080p60\part                         
                             ial_movie_files\RowColPro                         
                             cessing\uncached_00030.mp                         
                             4'                                                
                    INFO     Caching disabled.             cairo_renderer.py:83
[07/03/26 19:26:13] INFO     Animation 31 : Partial    scene_file_writer.py:601
                             movie file written in                             
                             'C:\storage\coding\EEE\co                         
                             de_fyp\VisionSoC\fyp_demo                         
                             \bonsai_video\media\video                         
                             s\s7_row_col\1080p60\part                         
                             ial_movie_files\RowColPro                         
                             cessing\uncached_00031.mp                         
                             4'                                                
                    INFO     Caching disabled.             cairo_renderer.py:83
[07/03/26 19:26:15] INFO     Animation 32 : Partial    scene_file_writer.py:601
                             movie file written in                             
                             'C:\storage\coding\EEE\co                         
                             de_fyp\VisionSoC\fyp_demo                         
                             \bonsai_video\media\video                         
                             s\s7_row_col\1080p60\part                         
                             ial_movie_files\RowColPro                         
                             cessing\uncached_00032.mp                         
                             4'                                                
                    INFO     Caching disabled.             cairo_renderer.py:83
[07/03/26 19:26:17] INFO     Animation 33 : Partial    scene_file_writer.py:601
                             movie file written in                             
                             'C:\storage\coding\EEE\co                         
                             de_fyp\VisionSoC\fyp_demo                         
                             \bonsai_video\media\video                         
                             s\s7_row_col\1080p60\part                         
                             ial_movie_files\RowColPro                         
                             cessing\uncached_00033.mp                         
                             4'                                                
                    INFO     Caching disabled.             cairo_renderer.py:83
[07/03/26 19:26:18] INFO     Animation 34 : Partial    scene_file_writer.py:601
                             movie file written in                             
                             'C:\storage\coding\EEE\co                         
                             de_fyp\VisionSoC\fyp_demo                         
                             \bonsai_video\media\video                         
                             s\s7_row_col\1080p60\part                         
                             ial_movie_files\RowColPro                         
                             cessing\uncached_00034.mp                         
                             4'                                                
                    INFO     Caching disabled.             cairo_renderer.py:83
[07/03/26 19:26:19] INFO     Animation 35 : Partial    scene_file_writer.py:601
                             movie file written in                             
                             'C:\storage\coding\EEE\co                         
                             de_fyp\VisionSoC\fyp_demo                         
                             \bonsai_video\media\video                         
                             s\s7_row_col\1080p60\part                         
                             ial_movie_files\RowColPro                         
                             cessing\uncached_00035.mp                         
                             4'                                                
[07/03/26 19:26:20] INFO     Caching disabled.             cairo_renderer.py:83
[07/03/26 19:26:27] INFO     Animation 36 : Partial    scene_file_writer.py:601
                             movie file written in                             
                             'C:\storage\coding\EEE\co                         
                             de_fyp\VisionSoC\fyp_demo                         
                             \bonsai_video\media\video                         
                             s\s7_row_col\1080p60\part                         
                             ial_movie_files\RowColPro                         
                             cessing\uncached_00036.mp                         
                             4'                                                
[07/03/26 19:26:28] INFO     Caching disabled.             cairo_renderer.py:83
[07/03/26 19:26:30] INFO     Animation 37 : Partial    scene_file_writer.py:601
                             movie file written in                             
                             'C:\storage\coding\EEE\co                         
                             de_fyp\VisionSoC\fyp_demo                         
                             \bonsai_video\media\video                         
                             s\s7_row_col\1080p60\part                         
                             ial_movie_files\RowColPro                         
                             cessing\uncached_00037.mp                         
                             4'                                                
                    INFO     Caching disabled.             cairo_renderer.py:83
[07/03/26 19:26:31] INFO     Animation 38 : Partial    scene_file_writer.py:601
                             movie file written in                             
                             'C:\storage\coding\EEE\co                         
                             de_fyp\VisionSoC\fyp_demo                         
                             \bonsai_video\media\video                         
                             s\s7_row_col\1080p60\part                         
                             ial_movie_files\RowColPro                         
                             cessing\uncached_00038.mp                         
                             4'                                                
                    INFO     Caching disabled.             cairo_renderer.py:83
                    INFO     Animation 39 : Partial    scene_file_writer.py:601
                             movie file written in                             
                             'C:\storage\coding\EEE\co                         
                             de_fyp\VisionSoC\fyp_demo                         
                             \bonsai_video\media\video                         
                             s\s7_row_col\1080p60\part                         
                             ial_movie_files\RowColPro                         
                             cessing\uncached_00039.mp                         
                             4'                                                
                    INFO     Caching disabled.             cairo_renderer.py:83
[07/03/26 19:26:32] INFO     Animation 40 : Partial    scene_file_writer.py:601
                             movie file written in                             
                             'C:\storage\coding\EEE\co                         
                             de_fyp\VisionSoC\fyp_demo                         
                             \bonsai_video\media\video                         
                             s\s7_row_col\1080p60\part                         
                             ial_movie_files\RowColPro                         
                             cessing\uncached_00040.mp                         
                             4'                                                
[07/03/26 19:26:33] INFO     Caching disabled.             cairo_renderer.py:83
[07/03/26 19:26:40] INFO     Animation 41 : Partial    scene_file_writer.py:601
                             movie file written in                             
                             'C:\storage\coding\EEE\co                         
                             de_fyp\VisionSoC\fyp_demo                         
                             \bonsai_video\media\video                         
                             s\s7_row_col\1080p60\part                         
                             ial_movie_files\RowColPro                         
                             cessing\uncached_00041.mp                         
                             4'                                                
                    INFO     Caching disabled.             cairo_renderer.py:83
[07/03/26 19:26:43] INFO     Animation 42 : Partial    scene_file_writer.py:601
                             movie file written in                             
                             'C:\storage\coding\EEE\co                         
                             de_fyp\VisionSoC\fyp_demo                         
                             \bonsai_video\media\video                         
                             s\s7_row_col\1080p60\part                         
                             ial_movie_files\RowColPro                         
                             cessing\uncached_00042.mp                         
                             4'                                                
                    INFO     Caching disabled.             cairo_renderer.py:83
[07/03/26 19:26:44] INFO     Animation 43 : Partial    scene_file_writer.py:601
                             movie file written in                             
                             'C:\storage\coding\EEE\co                         
                             de_fyp\VisionSoC\fyp_demo                         
                             \bonsai_video\media\video                         
                             s\s7_row_col\1080p60\part                         
                             ial_movie_files\RowColPro                         
                             cessing\uncached_00043.mp                         
                             4'                                                
                    INFO     Caching disabled.             cairo_renderer.py:83
[07/03/26 19:26:45] INFO     Animation 44 : Partial    scene_file_writer.py:601
                             movie file written in                             
                             'C:\storage\coding\EEE\co                         
                             de_fyp\VisionSoC\fyp_demo                         
                             \bonsai_video\media\video                         
                             s\s7_row_col\1080p60\part                         
                             ial_movie_files\RowColPro                         
                             cessing\uncached_00044.mp                         
                             4'                                                
                    INFO     Caching disabled.             cairo_renderer.py:83
[07/03/26 19:26:46] INFO     Animation 45 : Partial    scene_file_writer.py:601
                             movie file written in                             
                             'C:\storage\coding\EEE\co                         
                             de_fyp\VisionSoC\fyp_demo                         
                             \bonsai_video\media\video                         
                             s\s7_row_col\1080p60\part                         
                             ial_movie_files\RowColPro                         
                             cessing\uncached_00045.mp                         
                             4'                                                
                    INFO     Caching disabled.             cairo_renderer.py:83
[07/03/26 19:26:47] INFO     Animation 46 : Partial    scene_file_writer.py:601
                             movie file written in                             
                             'C:\storage\coding\EEE\co                         
                             de_fyp\VisionSoC\fyp_demo                         
                             \bonsai_video\media\video                         
                             s\s7_row_col\1080p60\part                         
                             ial_movie_files\RowColPro                         
                             cessing\uncached_00046.mp                         
                             4'                                                
                    INFO     Caching disabled.             cairo_renderer.py:83
[07/03/26 19:26:50] INFO     Animation 47 : Partial    scene_file_writer.py:601
                             movie file written in                             
                             'C:\storage\coding\EEE\co                         
                             de_fyp\VisionSoC\fyp_demo                         
                             \bonsai_video\media\video                         
                             s\s7_row_col\1080p60\part                         
                             ial_movie_files\RowColPro                         
                             cessing\uncached_00047.mp                         
                             4'                                                
                    INFO     Caching disabled.             cairo_renderer.py:83
[07/03/26 19:27:05] INFO     Animation 48 : Partial    scene_file_writer.py:601
                             movie file written in                             
                             'C:\storage\coding\EEE\co                         
                             de_fyp\VisionSoC\fyp_demo                         
                             \bonsai_video\media\video                         
                             s\s7_row_col\1080p60\part                         
                             ial_movie_files\RowColPro                         
                             cessing\uncached_00048.mp                         
                             4'                                                
                    INFO     Caching disabled.             cairo_renderer.py:83
[07/03/26 19:27:06] INFO     Animation 49 : Partial    scene_file_writer.py:601
                             movie file written in                             
                             'C:\storage\coding\EEE\co                         
                             de_fyp\VisionSoC\fyp_demo                         
                             \bonsai_video\media\video                         
                             s\s7_row_col\1080p60\part                         
                             ial_movie_files\RowColPro                         
                             cessing\uncached_00049.mp                         
                             4'                                                
                    INFO     Combining to Movie file.  scene_file_writer.py:753
                    INFO                               scene_file_writer.py:904
                             File ready at                                     
                             'C:\storage\coding\EEE\co                         
                             de_fyp\VisionSoC\fyp_demo                         
                             \bonsai_video\media\video                         
                             s\s7_row_col\1080p60\RowC                         
                             olProcessing.mp4'                                 
                                                                               
                    INFO     Rendered RowColProcessing             scene.py:278
                             Played 50 animations                              
Manim Community v0.20.1

[07/03/26 19:27:10] INFO     Caching disabled.             cairo_renderer.py:83
[07/03/26 19:27:12] INFO     Animation 0 : Partial     scene_file_writer.py:601
                             movie file written in                             
                             'C:\storage\coding\EEE\co                         
                             de_fyp\VisionSoC\fyp_demo                         
                             \bonsai_video\media\video                         
                             s\s7_5_heterogeneous\1080                         
                             p60\partial_movie_files\H                         
                             eterogeneousProcessing\un                         
                             cached_00000.mp4'                                 
                    INFO     Caching disabled.             cairo_renderer.py:83
[07/03/26 19:27:14] INFO     Animation 1 : Partial     scene_file_writer.py:601
                             movie file written in                             
                             'C:\storage\coding\EEE\co                         
                             de_fyp\VisionSoC\fyp_demo                         
                             \bonsai_video\media\video                         
                             s\s7_5_heterogeneous\1080                         
                             p60\partial_movie_files\H                         
                             eterogeneousProcessing\un                         
                             cached_00001.mp4'                                 
                    INFO     Caching disabled.             cairo_renderer.py:83
[07/03/26 19:27:15] INFO     Animation 2 : Partial     scene_file_writer.py:601
                             movie file written in                             
                             'C:\storage\coding\EEE\co                         
                             de_fyp\VisionSoC\fyp_demo                         
                             \bonsai_video\media\video                         
                             s\s7_5_heterogeneous\1080                         
                             p60\partial_movie_files\H                         
                             eterogeneousProcessing\un                         
                             cached_00002.mp4'                                 
[07/03/26 19:27:16] INFO     Caching disabled.             cairo_renderer.py:83
[07/03/26 19:27:25] INFO     Animation 3 : Partial     scene_file_writer.py:601
                             movie file written in                             
                             'C:\storage\coding\EEE\co                         
                             de_fyp\VisionSoC\fyp_demo                         
                             \bonsai_video\media\video                         
                             s\s7_5_heterogeneous\1080                         
                             p60\partial_movie_files\H                         
                             eterogeneousProcessing\un                         
                             cached_00003.mp4'                                 
                    INFO     Caching disabled.             cairo_renderer.py:83
[07/03/26 19:27:26] INFO     Animation 4 : Partial     scene_file_writer.py:601
                             movie file written in                             
                             'C:\storage\coding\EEE\co                         
                             de_fyp\VisionSoC\fyp_demo                         
                             \bonsai_video\media\video                         
                             s\s7_5_heterogeneous\1080                         
                             p60\partial_movie_files\H                         
                             eterogeneousProcessing\un                         
                             cached_00004.mp4'                                 
                    INFO     Caching disabled.             cairo_renderer.py:83
[07/03/26 19:27:34] INFO     Animation 5 : Partial     scene_file_writer.py:601
                             movie file written in                             
                             'C:\storage\coding\EEE\co                         
                             de_fyp\VisionSoC\fyp_demo                         
                             \bonsai_video\media\video                         
                             s\s7_5_heterogeneous\1080                         
                             p60\partial_movie_files\H                         
                             eterogeneousProcessing\un                         
                             cached_00005.mp4'                                 
                    INFO     Caching disabled.             cairo_renderer.py:83
[07/03/26 19:27:35] INFO     Animation 6 : Partial     scene_file_writer.py:601
                             movie file written in                             
                             'C:\storage\coding\EEE\co                         
                             de_fyp\VisionSoC\fyp_demo                         
                             \bonsai_video\media\video                         
                             s\s7_5_heterogeneous\1080                         
                             p60\partial_movie_files\H                         
                             eterogeneousProcessing\un                         
                             cached_00006.mp4'                                 
                    INFO     Caching disabled.             cairo_renderer.py:83
[07/03/26 19:27:37] INFO     Animation 7 : Partial     scene_file_writer.py:601
                             movie file written in                             
                             'C:\storage\coding\EEE\co                         
                             de_fyp\VisionSoC\fyp_demo                         
                             \bonsai_video\media\video                         
                             s\s7_5_heterogeneous\1080                         
                             p60\partial_movie_files\H                         
                             eterogeneousProcessing\un                         
                             cached_00007.mp4'                                 
[07/03/26 19:27:39] INFO     Caching disabled.             cairo_renderer.py:83
[07/03/26 19:27:46] INFO     Animation 8 : Partial     scene_file_writer.py:601
                             movie file written in                             
                             'C:\storage\coding\EEE\co                         
                             de_fyp\VisionSoC\fyp_demo                         
                             \bonsai_video\media\video                         
                             s\s7_5_heterogeneous\1080                         
                             p60\partial_movie_files\H                         
                             eterogeneousProcessing\un                         
                             cached_00008.mp4'                                 
                    INFO     Caching disabled.             cairo_renderer.py:83
[07/03/26 19:27:48] INFO     Animation 9 : Partial     scene_file_writer.py:601
                             movie file written in                             
                             'C:\storage\coding\EEE\co                         
                             de_fyp\VisionSoC\fyp_demo                         
                             \bonsai_video\media\video                         
                             s\s7_5_heterogeneous\1080                         
                             p60\partial_movie_files\H                         
                             eterogeneousProcessing\un                         
                             cached_00009.mp4'                                 
                    INFO     Caching disabled.             cairo_renderer.py:83
[07/03/26 19:27:49] INFO     Animation 10 : Partial    scene_file_writer.py:601
                             movie file written in                             
                             'C:\storage\coding\EEE\co                         
                             de_fyp\VisionSoC\fyp_demo                         
                             \bonsai_video\media\video                         
                             s\s7_5_heterogeneous\1080                         
                             p60\partial_movie_files\H                         
                             eterogeneousProcessing\un                         
                             cached_00010.mp4'                                 
[07/03/26 19:27:50] INFO     Caching disabled.             cairo_renderer.py:83
[07/03/26 19:27:56] INFO     Animation 11 : Partial    scene_file_writer.py:601
                             movie file written in                             
                             'C:\storage\coding\EEE\co                         
                             de_fyp\VisionSoC\fyp_demo                         
                             \bonsai_video\media\video                         
                             s\s7_5_heterogeneous\1080                         
                             p60\partial_movie_files\H                         
                             eterogeneousProcessing\un                         
                             cached_00011.mp4'                                 
[07/03/26 19:27:57] INFO     Caching disabled.             cairo_renderer.py:83
[07/03/26 19:27:58] INFO     Animation 12 : Partial    scene_file_writer.py:601
                             movie file written in                             
                             'C:\storage\coding\EEE\co                         
                             de_fyp\VisionSoC\fyp_demo                         
                             \bonsai_video\media\video                         
                             s\s7_5_heterogeneous\1080                         
                             p60\partial_movie_files\H                         
                             eterogeneousProcessing\un                         
                             cached_00012.mp4'                                 
                    INFO     Caching disabled.             cairo_renderer.py:83
[07/03/26 19:28:00] INFO     Animation 13 : Partial    scene_file_writer.py:601
                             movie file written in                             
                             'C:\storage\coding\EEE\co                         
                             de_fyp\VisionSoC\fyp_demo                         
                             \bonsai_video\media\video                         
                             s\s7_5_heterogeneous\1080                         
                             p60\partial_movie_files\H                         
                             eterogeneousProcessing\un                         
                             cached_00013.mp4'                                 
                    INFO     Caching disabled.             cairo_renderer.py:83
[07/03/26 19:28:02] INFO     Animation 14 : Partial    scene_file_writer.py:601
                             movie file written in                             
                             'C:\storage\coding\EEE\co                         
                             de_fyp\VisionSoC\fyp_demo                         
                             \bonsai_video\media\video                         
                             s\s7_5_heterogeneous\1080                         
                             p60\partial_movie_files\H                         
                             eterogeneousProcessing\un                         
                             cached_00014.mp4'                                 
                    INFO     Caching disabled.             cairo_renderer.py:83
[07/03/26 19:28:05] INFO     Animation 15 : Partial    scene_file_writer.py:601
                             movie file written in                             
                             'C:\storage\coding\EEE\co                         
                             de_fyp\VisionSoC\fyp_demo                         
                             \bonsai_video\media\video                         
                             s\s7_5_heterogeneous\1080                         
                             p60\partial_movie_files\H                         
                             eterogeneousProcessing\un                         
                             cached_00015.mp4'                                 
                    INFO     Caching disabled.             cairo_renderer.py:83
[07/03/26 19:28:07] INFO     Animation 16 : Partial    scene_file_writer.py:601
                             movie file written in                             
                             'C:\storage\coding\EEE\co                         
                             de_fyp\VisionSoC\fyp_demo                         
                             \bonsai_video\media\video                         
                             s\s7_5_heterogeneous\1080                         
                             p60\partial_movie_files\H                         
                             eterogeneousProcessing\un                         
                             cached_00016.mp4'                                 
                    INFO     Caching disabled.             cairo_renderer.py:83
[07/03/26 19:28:09] INFO     Animation 17 : Partial    scene_file_writer.py:601
                             movie file written in                             
                             'C:\storage\coding\EEE\co                         
                             de_fyp\VisionSoC\fyp_demo                         
                             \bonsai_video\media\video                         
                             s\s7_5_heterogeneous\1080                         
                             p60\partial_movie_files\H                         
                             eterogeneousProcessing\un                         
                             cached_00017.mp4'                                 
                    INFO     Caching disabled.             cairo_renderer.py:83
[07/03/26 19:28:12] INFO     Animation 18 : Partial    scene_file_writer.py:601
                             movie file written in                             
                             'C:\storage\coding\EEE\co                         
                             de_fyp\VisionSoC\fyp_demo                         
                             \bonsai_video\media\video                         
                             s\s7_5_heterogeneous\1080                         
                             p60\partial_movie_files\H                         
                             eterogeneousProcessing\un                         
                             cached_00018.mp4'                                 
                    INFO     Caching disabled.             cairo_renderer.py:83
[07/03/26 19:28:19] INFO     Animation 19 : Partial    scene_file_writer.py:601
                             movie file written in                             
                             'C:\storage\coding\EEE\co                         
                             de_fyp\VisionSoC\fyp_demo                         
                             \bonsai_video\media\video                         
                             s\s7_5_heterogeneous\1080                         
                             p60\partial_movie_files\H                         
                             eterogeneousProcessing\un                         
                             cached_00019.mp4'                                 
                    INFO     Caching disabled.             cairo_renderer.py:83
[07/03/26 19:28:22] INFO     Animation 20 : Partial    scene_file_writer.py:601
                             movie file written in                             
                             'C:\storage\coding\EEE\co                         
                             de_fyp\VisionSoC\fyp_demo                         
                             \bonsai_video\media\video                         
                             s\s7_5_heterogeneous\1080                         
                             p60\partial_movie_files\H                         
                             eterogeneousProcessing\un                         
                             cached_00020.mp4'                                 
                    INFO     Caching disabled.             cairo_renderer.py:83
[07/03/26 19:28:23] INFO     Animation 21 : Partial    scene_file_writer.py:601
                             movie file written in                             
                             'C:\storage\coding\EEE\co                         
                             de_fyp\VisionSoC\fyp_demo                         
                             \bonsai_video\media\video                         
                             s\s7_5_heterogeneous\1080                         
                             p60\partial_movie_files\H                         
                             eterogeneousProcessing\un                         
                             cached_00021.mp4'                                 
[07/03/26 19:28:24] INFO     Caching disabled.             cairo_renderer.py:83
[07/03/26 19:28:34] INFO     Animation 22 : Partial    scene_file_writer.py:601
                             movie file written in                             
                             'C:\storage\coding\EEE\co                         
                             de_fyp\VisionSoC\fyp_demo                         
                             \bonsai_video\media\video                         
                             s\s7_5_heterogeneous\1080                         
                             p60\partial_movie_files\H                         
                             eterogeneousProcessing\un                         
                             cached_00022.mp4'                                 
                    INFO     Caching disabled.             cairo_renderer.py:83
[07/03/26 19:28:35] INFO     Animation 23 : Partial    scene_file_writer.py:601
                             movie file written in                             
                             'C:\storage\coding\EEE\co                         
                             de_fyp\VisionSoC\fyp_demo                         
                             \bonsai_video\media\video                         
                             s\s7_5_heterogeneous\1080                         
                             p60\partial_movie_files\H                         
                             eterogeneousProcessing\un                         
                             cached_00023.mp4'                                 
                    INFO     Caching disabled.             cairo_renderer.py:83
[07/03/26 19:28:43] INFO     Animation 24 : Partial    scene_file_writer.py:601
                             movie file written in                             
                             'C:\storage\coding\EEE\co                         
                             de_fyp\VisionSoC\fyp_demo                         
                             \bonsai_video\media\video                         
                             s\s7_5_heterogeneous\1080                         
                             p60\partial_movie_files\H                         
                             eterogeneousProcessing\un                         
                             cached_00024.mp4'                                 
                    INFO     Caching disabled.             cairo_renderer.py:83
[07/03/26 19:28:44] INFO     Animation 25 : Partial    scene_file_writer.py:601
                             movie file written in                             
                             'C:\storage\coding\EEE\co                         
                             de_fyp\VisionSoC\fyp_demo                         
                             \bonsai_video\media\video                         
                             s\s7_5_heterogeneous\1080                         
                             p60\partial_movie_files\H                         
                             eterogeneousProcessing\un                         
                             cached_00025.mp4'                                 
                    INFO     Caching disabled.             cairo_renderer.py:83
[07/03/26 19:28:52] INFO     Animation 26 : Partial    scene_file_writer.py:601
                             movie file written in                             
                             'C:\storage\coding\EEE\co                         
                             de_fyp\VisionSoC\fyp_demo                         
                             \bonsai_video\media\video                         
                             s\s7_5_heterogeneous\1080                         
                             p60\partial_movie_files\H                         
                             eterogeneousProcessing\un                         
                             cached_00026.mp4'                                 
                    INFO     Caching disabled.             cairo_renderer.py:83
[07/03/26 19:29:05] INFO     Animation 27 : Partial    scene_file_writer.py:601
                             movie file written in                             
                             'C:\storage\coding\EEE\co                         
                             de_fyp\VisionSoC\fyp_demo                         
                             \bonsai_video\media\video                         
                             s\s7_5_heterogeneous\1080                         
                             p60\partial_movie_files\H                         
                             eterogeneousProcessing\un                         
                             cached_00027.mp4'                                 
[07/03/26 19:29:06] INFO     Caching disabled.             cairo_renderer.py:83
[07/03/26 19:29:07] INFO     Animation 28 : Partial    scene_file_writer.py:601
                             movie file written in                             
                             'C:\storage\coding\EEE\co                         
                             de_fyp\VisionSoC\fyp_demo                         
                             \bonsai_video\media\video                         
                             s\s7_5_heterogeneous\1080                         
                             p60\partial_movie_files\H                         
                             eterogeneousProcessing\un                         
                             cached_00028.mp4'                                 
[07/03/26 19:29:08] INFO     Caching disabled.             cairo_renderer.py:83
[07/03/26 19:29:11] INFO     Animation 29 : Partial    scene_file_writer.py:601
                             movie file written in                             
                             'C:\storage\coding\EEE\co                         
                             de_fyp\VisionSoC\fyp_demo                         
                             \bonsai_video\media\video                         
                             s\s7_5_heterogeneous\1080                         
                             p60\partial_movie_files\H                         
                             eterogeneousProcessing\un                         
                             cached_00029.mp4'                                 
                    INFO     Caching disabled.             cairo_renderer.py:83
[07/03/26 19:29:17] INFO     Animation 30 : Partial    scene_file_writer.py:601
                             movie file written in                             
                             'C:\storage\coding\EEE\co                         
                             de_fyp\VisionSoC\fyp_demo                         
                             \bonsai_video\media\video                         
                             s\s7_5_heterogeneous\1080                         
                             p60\partial_movie_files\H                         
                             eterogeneousProcessing\un                         
                             cached_00030.mp4'                                 
                    INFO     Caching disabled.             cairo_renderer.py:83
[07/03/26 19:29:27] INFO     Animation 31 : Partial    scene_file_writer.py:601
                             movie file written in                             
                             'C:\storage\coding\EEE\co                         
                             de_fyp\VisionSoC\fyp_demo                         
                             \bonsai_video\media\video                         
                             s\s7_5_heterogeneous\1080                         
                             p60\partial_movie_files\H                         
                             eterogeneousProcessing\un                         
                             cached_00031.mp4'                                 
                    INFO     Caching disabled.             cairo_renderer.py:83
[07/03/26 19:29:28] INFO     Animation 32 : Partial    scene_file_writer.py:601
                             movie file written in                             
                             'C:\storage\coding\EEE\co                         
                             de_fyp\VisionSoC\fyp_demo                         
                             \bonsai_video\media\video                         
                             s\s7_5_heterogeneous\1080                         
                             p60\partial_movie_files\H                         
                             eterogeneousProcessing\un                         
                             cached_00032.mp4'                                 
                    INFO     Caching disabled.             cairo_renderer.py:83
[07/03/26 19:29:36] INFO     Animation 33 : Partial    scene_file_writer.py:601
                             movie file written in                             
                             'C:\storage\coding\EEE\co                         
                             de_fyp\VisionSoC\fyp_demo                         
                             \bonsai_video\media\video                         
                             s\s7_5_heterogeneous\1080                         
                             p60\partial_movie_files\H                         
                             eterogeneousProcessing\un                         
                             cached_00033.mp4'                                 
[07/03/26 19:29:37] INFO     Caching disabled.             cairo_renderer.py:83
[07/03/26 19:29:51] INFO     Animation 34 : Partial    scene_file_writer.py:601
                             movie file written in                             
                             'C:\storage\coding\EEE\co                         
                             de_fyp\VisionSoC\fyp_demo                         
                             \bonsai_video\media\video                         
                             s\s7_5_heterogeneous\1080                         
                             p60\partial_movie_files\H                         
                             eterogeneousProcessing\un                         
                             cached_00034.mp4'                                 
[07/03/26 19:29:52] INFO     Caching disabled.             cairo_renderer.py:83
[07/03/26 19:29:55] INFO     Animation 35 : Partial    scene_file_writer.py:601
                             movie file written in                             
                             'C:\storage\coding\EEE\co                         
                             de_fyp\VisionSoC\fyp_demo                         
                             \bonsai_video\media\video                         
                             s\s7_5_heterogeneous\1080                         
                             p60\partial_movie_files\H                         
                             eterogeneousProcessing\un                         
                             cached_00035.mp4'                                 
                    INFO     Caching disabled.             cairo_renderer.py:83
[07/03/26 19:29:56] INFO     Animation 36 : Partial    scene_file_writer.py:601
                             movie file written in                             
                             'C:\storage\coding\EEE\co                         
                             de_fyp\VisionSoC\fyp_demo                         
                             \bonsai_video\media\video                         
                             s\s7_5_heterogeneous\1080                         
                             p60\partial_movie_files\H                         
                             eterogeneousProcessing\un                         
                             cached_00036.mp4'                                 
                    INFO     Caching disabled.             cairo_renderer.py:83
[07/03/26 19:30:02] INFO     Animation 37 : Partial    scene_file_writer.py:601
                             movie file written in                             
                             'C:\storage\coding\EEE\co                         
                             de_fyp\VisionSoC\fyp_demo                         
                             \bonsai_video\media\video                         
                             s\s7_5_heterogeneous\1080                         
                             p60\partial_movie_files\H                         
                             eterogeneousProcessing\un                         
                             cached_00037.mp4'                                 
                    INFO     Caching disabled.             cairo_renderer.py:83
[07/03/26 19:30:04] INFO     Animation 38 : Partial    scene_file_writer.py:601
                             movie file written in                             
                             'C:\storage\coding\EEE\co                         
                             de_fyp\VisionSoC\fyp_demo                         
                             \bonsai_video\media\video                         
                             s\s7_5_heterogeneous\1080                         
                             p60\partial_movie_files\H                         
                             eterogeneousProcessing\un                         
                             cached_00038.mp4'                                 
                    INFO     Caching disabled.             cairo_renderer.py:83
[07/03/26 19:30:06] INFO     Animation 39 : Partial    scene_file_writer.py:601
                             movie file written in                             
                             'C:\storage\coding\EEE\co                         
                             de_fyp\VisionSoC\fyp_demo                         
                             \bonsai_video\media\video                         
                             s\s7_5_heterogeneous\1080                         
                             p60\partial_movie_files\H                         
                             eterogeneousProcessing\un                         
                             cached_00039.mp4'                                 
                    INFO     Caching disabled.             cairo_renderer.py:83
[07/03/26 19:30:07] INFO     Animation 40 : Partial    scene_file_writer.py:601
                             movie file written in                             
                             'C:\storage\coding\EEE\co                         
                             de_fyp\VisionSoC\fyp_demo                         
                             \bonsai_video\media\video                         
                             s\s7_5_heterogeneous\1080                         
                             p60\partial_movie_files\H                         
                             eterogeneousProcessing\un                         
                             cached_00040.mp4'                                 
                    INFO     Caching disabled.             cairo_renderer.py:83
[07/03/26 19:30:09] INFO     Animation 41 : Partial    scene_file_writer.py:601
                             movie file written in                             
                             'C:\storage\coding\EEE\co                         
                             de_fyp\VisionSoC\fyp_demo                         
                             \bonsai_video\media\video                         
                             s\s7_5_heterogeneous\1080                         
                             p60\partial_movie_files\H                         
                             eterogeneousProcessing\un                         
                             cached_00041.mp4'                                 
                    INFO     Caching disabled.             cairo_renderer.py:83
[07/03/26 19:30:11] INFO     Animation 42 : Partial    scene_file_writer.py:601
                             movie file written in                             
                             'C:\storage\coding\EEE\co                         
                             de_fyp\VisionSoC\fyp_demo                         
                             \bonsai_video\media\video                         
                             s\s7_5_heterogeneous\1080                         
                             p60\partial_movie_files\H                         
                             eterogeneousProcessing\un                         
                             cached_00042.mp4'                                 
                    INFO     Caching disabled.             cairo_renderer.py:83
[07/03/26 19:30:12] INFO     Animation 43 : Partial    scene_file_writer.py:601
                             movie file written in                             
                             'C:\storage\coding\EEE\co                         
                             de_fyp\VisionSoC\fyp_demo                         
                             \bonsai_video\media\video                         
                             s\s7_5_heterogeneous\1080                         
                             p60\partial_movie_files\H                         
                             eterogeneousProcessing\un                         
                             cached_00043.mp4'                                 
                    INFO     Caching disabled.             cairo_renderer.py:83
[07/03/26 19:30:14] INFO     Animation 44 : Partial    scene_file_writer.py:601
                             movie file written in                             
                             'C:\storage\coding\EEE\co                         
                             de_fyp\VisionSoC\fyp_demo                         
                             \bonsai_video\media\video                         
                             s\s7_5_heterogeneous\1080                         
                             p60\partial_movie_files\H                         
                             eterogeneousProcessing\un                         
                             cached_00044.mp4'                                 
                    INFO     Caching disabled.             cairo_renderer.py:83
[07/03/26 19:30:19] INFO     Animation 45 : Partial    scene_file_writer.py:601
                             movie file written in                             
                             'C:\storage\coding\EEE\co                         
                             de_fyp\VisionSoC\fyp_demo                         
                             \bonsai_video\media\video                         
                             s\s7_5_heterogeneous\1080                         
                             p60\partial_movie_files\H                         
                             eterogeneousProcessing\un                         
                             cached_00045.mp4'                                 
[07/03/26 19:30:20] INFO     Caching disabled.             cairo_renderer.py:83
[07/03/26 19:30:22] INFO     Animation 46 : Partial    scene_file_writer.py:601
                             movie file written in                             
                             'C:\storage\coding\EEE\co                         
                             de_fyp\VisionSoC\fyp_demo                         
                             \bonsai_video\media\video                         
                             s\s7_5_heterogeneous\1080                         
                             p60\partial_movie_files\H                         
                             eterogeneousProcessing\un                         
                             cached_00046.mp4'                                 
                    INFO     Caching disabled.             cairo_renderer.py:83
[07/03/26 19:30:41] INFO     Animation 47 : Partial    scene_file_writer.py:601
                             movie file written in                             
                             'C:\storage\coding\EEE\co                         
                             de_fyp\VisionSoC\fyp_demo                         
                             \bonsai_video\media\video                         
                             s\s7_5_heterogeneous\1080                         
                             p60\partial_movie_files\H                         
                             eterogeneousProcessing\un                         
                             cached_00047.mp4'                                 
                    INFO     Caching disabled.             cairo_renderer.py:83
[07/03/26 19:30:42] INFO     Animation 48 : Partial    scene_file_writer.py:601
                             movie file written in                             
                             'C:\storage\coding\EEE\co                         
                             de_fyp\VisionSoC\fyp_demo                         
                             \bonsai_video\media\video                         
                             s\s7_5_heterogeneous\1080                         
                             p60\partial_movie_files\H                         
                             eterogeneousProcessing\un                         
                             cached_00048.mp4'                                 
                    INFO     Caching disabled.             cairo_renderer.py:83
[07/03/26 19:30:43] INFO     Animation 49 : Partial    scene_file_writer.py:601
                             movie file written in                             
                             'C:\storage\coding\EEE\co                         
                             de_fyp\VisionSoC\fyp_demo                         
                             \bonsai_video\media\video                         
                             s\s7_5_heterogeneous\1080                         
                             p60\partial_movie_files\H                         
                             eterogeneousProcessing\un                         
                             cached_00049.mp4'                                 
                    INFO     Combining to Movie file.  scene_file_writer.py:753
                    INFO                               scene_file_writer.py:904
                             File ready at                                     
                             'C:\storage\coding\EEE\co                         
                             de_fyp\VisionSoC\fyp_demo                         
                             \bonsai_video\media\video                         
                             s\s7_5_heterogeneous\1080                         
                             p60\HeterogeneousProcessi                         
                             ng.mp4'                                           
                                                                               
                    INFO     Rendered HeterogeneousProcessing      scene.py:278
                             Played 50 animations                              
Manim Community v0.20.1

[07/03/26 19:30:46] INFO     Caching disabled.             cairo_renderer.py:83
[07/03/26 19:30:47] INFO     Animation 0 : Partial     scene_file_writer.py:601
                             movie file written in                             
                             'C:\storage\coding\EEE\co                         
                             de_fyp\VisionSoC\fyp_demo                         
                             \bonsai_video\media\video                         
                             s\s8_expand_registers\108                         
                             0p60\partial_movie_files\                         
                             ExpandRegisters\uncached_                         
                             00000.mp4'                                        
                    INFO     Caching disabled.             cairo_renderer.py:83
[07/03/26 19:30:48] INFO     Animation 1 : Partial     scene_file_writer.py:601
                             movie file written in                             
                             'C:\storage\coding\EEE\co                         
                             de_fyp\VisionSoC\fyp_demo                         
                             \bonsai_video\media\video                         
                             s\s8_expand_registers\108                         
                             0p60\partial_movie_files\                         
                             ExpandRegisters\uncached_                         
                             00001.mp4'                                        
                    INFO     Caching disabled.             cairo_renderer.py:83
[07/03/26 19:30:50] INFO     Animation 2 : Partial     scene_file_writer.py:601
                             movie file written in                             
                             'C:\storage\coding\EEE\co                         
                             de_fyp\VisionSoC\fyp_demo                         
                             \bonsai_video\media\video                         
                             s\s8_expand_registers\108                         
                             0p60\partial_movie_files\                         
                             ExpandRegisters\uncached_                         
                             00002.mp4'                                        
                    INFO     Caching disabled.             cairo_renderer.py:83
[07/03/26 19:30:54] INFO     Animation 3 : Partial     scene_file_writer.py:601
                             movie file written in                             
                             'C:\storage\coding\EEE\co                         
                             de_fyp\VisionSoC\fyp_demo                         
                             \bonsai_video\media\video                         
                             s\s8_expand_registers\108                         
                             0p60\partial_movie_files\                         
                             ExpandRegisters\uncached_                         
                             00003.mp4'                                        
[07/03/26 19:30:55] INFO     Caching disabled.             cairo_renderer.py:83
[07/03/26 19:31:01] INFO     Animation 4 : Partial     scene_file_writer.py:601
                             movie file written in                             
                             'C:\storage\coding\EEE\co                         
                             de_fyp\VisionSoC\fyp_demo                         
                             \bonsai_video\media\video                         
                             s\s8_expand_registers\108                         
                             0p60\partial_movie_files\                         
                             ExpandRegisters\uncached_                         
                             00004.mp4'                                        
                    INFO     Caching disabled.             cairo_renderer.py:83
[07/03/26 19:31:04] INFO     Animation 5 : Partial     scene_file_writer.py:601
                             movie file written in                             
                             'C:\storage\coding\EEE\co                         
                             de_fyp\VisionSoC\fyp_demo                         
                             \bonsai_video\media\video                         
                             s\s8_expand_registers\108                         
                             0p60\partial_movie_files\                         
                             ExpandRegisters\uncached_                         
                             00005.mp4'                                        
                    INFO     Caching disabled.             cairo_renderer.py:83
[07/03/26 19:31:17] INFO     Animation 6 : Partial     scene_file_writer.py:601
                             movie file written in                             
                             'C:\storage\coding\EEE\co                         
                             de_fyp\VisionSoC\fyp_demo                         
                             \bonsai_video\media\video                         
                             s\s8_expand_registers\108                         
                             0p60\partial_movie_files\                         
                             ExpandRegisters\uncached_                         
                             00006.mp4'                                        
                    INFO     Caching disabled.             cairo_renderer.py:83
[07/03/26 19:31:20] INFO     Animation 7 : Partial     scene_file_writer.py:601
                             movie file written in                             
                             'C:\storage\coding\EEE\co                         
                             de_fyp\VisionSoC\fyp_demo                         
                             \bonsai_video\media\video                         
                             s\s8_expand_registers\108                         
                             0p60\partial_movie_files\                         
                             ExpandRegisters\uncached_                         
                             00007.mp4'                                        
                    INFO     Caching disabled.             cairo_renderer.py:83
[07/03/26 19:31:33] INFO     Animation 8 : Partial     scene_file_writer.py:601
                             movie file written in                             
                             'C:\storage\coding\EEE\co                         
                             de_fyp\VisionSoC\fyp_demo                         
                             \bonsai_video\media\video                         
                             s\s8_expand_registers\108                         
                             0p60\partial_movie_files\                         
                             ExpandRegisters\uncached_                         
                             00008.mp4'                                        
                    INFO     Caching disabled.             cairo_renderer.py:83
[07/03/26 19:31:35] INFO     Animation 9 : Partial     scene_file_writer.py:601
                             movie file written in                             
                             'C:\storage\coding\EEE\co                         
                             de_fyp\VisionSoC\fyp_demo                         
                             \bonsai_video\media\video                         
                             s\s8_expand_registers\108                         
                             0p60\partial_movie_files\                         
                             ExpandRegisters\uncached_                         
                             00009.mp4'                                        
                    INFO     Caching disabled.             cairo_renderer.py:83
[07/03/26 19:31:47] INFO     Animation 10 : Partial    scene_file_writer.py:601
                             movie file written in                             
                             'C:\storage\coding\EEE\co                         
                             de_fyp\VisionSoC\fyp_demo                         
                             \bonsai_video\media\video                         
                             s\s8_expand_registers\108                         
                             0p60\partial_movie_files\                         
                             ExpandRegisters\uncached_                         
                             00010.mp4'                                        
                    INFO     Caching disabled.             cairo_renderer.py:83
[07/03/26 19:31:48] INFO     Animation 11 : Partial    scene_file_writer.py:601
                             movie file written in                             
                             'C:\storage\coding\EEE\co                         
                             de_fyp\VisionSoC\fyp_demo                         
                             \bonsai_video\media\video                         
                             s\s8_expand_registers\108                         
                             0p60\partial_movie_files\                         
                             ExpandRegisters\uncached_                         
                             00011.mp4'                                        
                    INFO     Caching disabled.             cairo_renderer.py:83
[07/03/26 19:31:49] INFO     Animation 12 : Partial    scene_file_writer.py:601
                             movie file written in                             
                             'C:\storage\coding\EEE\co                         
                             de_fyp\VisionSoC\fyp_demo                         
                             \bonsai_video\media\video                         
                             s\s8_expand_registers\108                         
                             0p60\partial_movie_files\                         
                             ExpandRegisters\uncached_                         
                             00012.mp4'                                        
                    INFO     Caching disabled.             cairo_renderer.py:83
                    INFO     Animation 13 : Partial    scene_file_writer.py:601
                             movie file written in                             
                             'C:\storage\coding\EEE\co                         
                             de_fyp\VisionSoC\fyp_demo                         
                             \bonsai_video\media\video                         
                             s\s8_expand_registers\108                         
                             0p60\partial_movie_files\                         
                             ExpandRegisters\uncached_                         
                             00013.mp4'                                        
                    INFO     Combining to Movie file.  scene_file_writer.py:753
                    INFO                               scene_file_writer.py:904
                             File ready at                                     
                             'C:\storage\coding\EEE\co                         
                             de_fyp\VisionSoC\fyp_demo                         
                             \bonsai_video\media\video                         
                             s\s8_expand_registers\108                         
                             0p60\ExpandRegisters.mp4'                         
                                                                               
                    INFO     Rendered ExpandRegisters              scene.py:278
                             Played 14 animations                              
Manim Community v0.20.1

[07/03/26 19:31:53] INFO     Caching disabled.             cairo_renderer.py:83
                    INFO     Animation 0 : Partial     scene_file_writer.py:601
                             movie file written in                             
                             'C:\storage\coding\EEE\co                         
                             de_fyp\VisionSoC\fyp_demo                         
                             \bonsai_video\media\video                         
                             s\s10_collapse\1080p60\pa                         
                             rtial_movie_files\Collaps                         
                             eRegisters\uncached_00000                         
                             .mp4'                                             
                    INFO     Caching disabled.             cairo_renderer.py:83
[07/03/26 19:31:55] INFO     Animation 1 : Partial     scene_file_writer.py:601
                             movie file written in                             
                             'C:\storage\coding\EEE\co                         
                             de_fyp\VisionSoC\fyp_demo                         
                             \bonsai_video\media\video                         
                             s\s10_collapse\1080p60\pa                         
                             rtial_movie_files\Collaps                         
                             eRegisters\uncached_00001                         
                             .mp4'                                             
                    INFO     Caching disabled.             cairo_renderer.py:83
[07/03/26 19:31:57] INFO     Animation 2 : Partial     scene_file_writer.py:601
                             movie file written in                             
                             'C:\storage\coding\EEE\co                         
                             de_fyp\VisionSoC\fyp_demo                         
                             \bonsai_video\media\video                         
                             s\s10_collapse\1080p60\pa                         
                             rtial_movie_files\Collaps                         
                             eRegisters\uncached_00002                         
                             .mp4'                                             
                    INFO     Caching disabled.             cairo_renderer.py:83
[07/03/26 19:31:58] INFO     Animation 3 : Partial     scene_file_writer.py:601
                             movie file written in                             
                             'C:\storage\coding\EEE\co                         
                             de_fyp\VisionSoC\fyp_demo                         
                             \bonsai_video\media\video                         
                             s\s10_collapse\1080p60\pa                         
                             rtial_movie_files\Collaps                         
                             eRegisters\uncached_00003                         
                             .mp4'                                             
                    INFO     Combining to Movie file.  scene_file_writer.py:753
[07/03/26 19:31:59] INFO                               scene_file_writer.py:904
                             File ready at                                     
                             'C:\storage\coding\EEE\co                         
                             de_fyp\VisionSoC\fyp_demo                         
                             \bonsai_video\media\video                         
                             s\s10_collapse\1080p60\Co                         
                             llapseRegisters.mp4'                              
                                                                               
                    INFO     Rendered CollapseRegisters            scene.py:278
                             Played 4 animations                               
Manim Community v0.20.1

[07/03/26 19:32:01] INFO     Caching disabled.             cairo_renderer.py:83
                    INFO     Animation 0 : Partial     scene_file_writer.py:601
                             movie file written in                             
                             'C:\storage\coding\EEE\co                         
                             de_fyp\VisionSoC\fyp_demo                         
                             \bonsai_video\media\video                         
                             s\s11_scalable\1080p60\pa                         
                             rtial_movie_files\Scalabl                         
                             e\uncached_00000.mp4'                             
[07/03/26 19:32:02] INFO     Caching disabled.             cairo_renderer.py:83
[07/03/26 19:32:04] INFO     Animation 1 : Partial     scene_file_writer.py:601
                             movie file written in                             
                             'C:\storage\coding\EEE\co                         
                             de_fyp\VisionSoC\fyp_demo                         
                             \bonsai_video\media\video                         
                             s\s11_scalable\1080p60\pa                         
                             rtial_movie_files\Scalabl                         
                             e\uncached_00001.mp4'                             
                    INFO     Caching disabled.             cairo_renderer.py:83
[07/03/26 19:32:21] INFO     Animation 2 : Partial     scene_file_writer.py:601
                             movie file written in                             
                             'C:\storage\coding\EEE\co                         
                             de_fyp\VisionSoC\fyp_demo                         
                             \bonsai_video\media\video                         
                             s\s11_scalable\1080p60\pa                         
                             rtial_movie_files\Scalabl                         
                             e\uncached_00002.mp4'                             
                    INFO     Caching disabled.             cairo_renderer.py:83
[07/03/26 19:32:30] INFO     Animation 3 : Partial     scene_file_writer.py:601
                             movie file written in                             
                             'C:\storage\coding\EEE\co                         
                             de_fyp\VisionSoC\fyp_demo                         
                             \bonsai_video\media\video                         
                             s\s11_scalable\1080p60\pa                         
                             rtial_movie_files\Scalabl                         
                             e\uncached_00003.mp4'                             
                    INFO     Caching disabled.             cairo_renderer.py:83
[07/03/26 19:33:23] INFO     Animation 4 : Partial     scene_file_writer.py:601
                             movie file written in                             
                             'C:\storage\coding\EEE\co                         
                             de_fyp\VisionSoC\fyp_demo                         
                             \bonsai_video\media\video                         
                             s\s11_scalable\1080p60\pa                         
                             rtial_movie_files\Scalabl                         
                             e\uncached_00004.mp4'                             
                    INFO     Caching disabled.             cairo_renderer.py:83
[07/03/26 19:33:24] INFO     Animation 5 : Partial     scene_file_writer.py:601
                             movie file written in                             
                             'C:\storage\coding\EEE\co                         
                             de_fyp\VisionSoC\fyp_demo                         
                             \bonsai_video\media\video                         
                             s\s11_scalable\1080p60\pa                         
                             rtial_movie_files\Scalabl                         
                             e\uncached_00005.mp4'                             
                    INFO     Caching disabled.             cairo_renderer.py:83
[07/03/26 19:33:29] INFO     Animation 6 : Partial     scene_file_writer.py:601
                             movie file written in                             
                             'C:\storage\coding\EEE\co                         
                             de_fyp\VisionSoC\fyp_demo                         
                             \bonsai_video\media\video                         
                             s\s11_scalable\1080p60\pa                         
                             rtial_movie_files\Scalabl                         
                             e\uncached_00006.mp4'                             
                    INFO     Combining to Movie file.  scene_file_writer.py:753
                    INFO                               scene_file_writer.py:904
                             File ready at                                     
                             'C:\storage\coding\EEE\co                         
                             de_fyp\VisionSoC\fyp_demo                         
                             \bonsai_video\media\video                         
                             s\s11_scalable\1080p60\Sc                         
                             alable.mp4'                                       
                                                                               
                    INFO     Rendered Scalable                     scene.py:278
                             Played 7 animations                               
Manim Community v0.20.1

[07/03/26 19:33:45] INFO     Caching disabled.             cairo_renderer.py:83
[07/03/26 19:33:47] INFO     Animation 0 : Partial     scene_file_writer.py:601
                             movie file written in                             
                             'C:\storage\coding\EEE\co                         
                             de_fyp\VisionSoC\fyp_demo                         
                             \bonsai_video\media\video                         
                             s\s12_compute_scale\1080p                         
                             60\partial_movie_files\Co                         
                             mputeScale\uncached_00000                         
                             .mp4'                                             
                    INFO     Caching disabled.             cairo_renderer.py:83
[07/03/26 19:33:51] INFO     Animation 1 : Partial     scene_file_writer.py:601
                             movie file written in                             
                             'C:\storage\coding\EEE\co                         
                             de_fyp\VisionSoC\fyp_demo                         
                             \bonsai_video\media\video                         
                             s\s12_compute_scale\1080p                         
                             60\partial_movie_files\Co                         
                             mputeScale\uncached_00001                         
                             .mp4'                                             
                    INFO     Caching disabled.             cairo_renderer.py:83
[07/03/26 19:33:52] INFO     Animation 2 : Partial     scene_file_writer.py:601
                             movie file written in                             
                             'C:\storage\coding\EEE\co                         
                             de_fyp\VisionSoC\fyp_demo                         
                             \bonsai_video\media\video                         
                             s\s12_compute_scale\1080p                         
                             60\partial_movie_files\Co                         
                             mputeScale\uncached_00002                         
                             .mp4'                                             
                    INFO     Caching disabled.             cairo_renderer.py:83
[07/03/26 19:33:53] INFO     Animation 3 : Partial     scene_file_writer.py:601
                             movie file written in                             
                             'C:\storage\coding\EEE\co                         
                             de_fyp\VisionSoC\fyp_demo                         
                             \bonsai_video\media\video                         
                             s\s12_compute_scale\1080p                         
                             60\partial_movie_files\Co                         
                             mputeScale\uncached_00003                         
                             .mp4'                                             
                    INFO     Caching disabled.             cairo_renderer.py:83
[07/03/26 19:33:56] INFO     Animation 4 : Partial     scene_file_writer.py:601
                             movie file written in                             
                             'C:\storage\coding\EEE\co                         
                             de_fyp\VisionSoC\fyp_demo                         
                             \bonsai_video\media\video                         
                             s\s12_compute_scale\1080p                         
                             60\partial_movie_files\Co                         
                             mputeScale\uncached_00004                         
                             .mp4'                                             
                    INFO     Combining to Movie file.  scene_file_writer.py:753
                    INFO                               scene_file_writer.py:904
                             File ready at                                     
                             'C:\storage\coding\EEE\co                         
                             de_fyp\VisionSoC\fyp_demo                         
                             \bonsai_video\media\video                         
                             s\s12_compute_scale\1080p                         
                             60\ComputeScale.mp4'                              
                                                                               
                    INFO     Rendered ComputeScale                 scene.py:278
                             Played 5 animations                               
Manim Community v0.20.1

[07/03/26 19:33:58] INFO     Caching disabled.             cairo_renderer.py:83
[07/03/26 19:33:59] INFO     Animation 0 : Partial     scene_file_writer.py:601
                             movie file written in                             
                             'C:\storage\coding\EEE\co                         
                             de_fyp\VisionSoC\fyp_demo                         
                             \bonsai_video\media\video                         
                             s\s13_linear\1080p60\part                         
                             ial_movie_files\LinearSca                         
                             ling\uncached_00000.mp4'                          
                    INFO     Caching disabled.             cairo_renderer.py:83
[07/03/26 19:34:01] INFO     Animation 1 : Partial     scene_file_writer.py:601
                             movie file written in                             
                             'C:\storage\coding\EEE\co                         
                             de_fyp\VisionSoC\fyp_demo                         
                             \bonsai_video\media\video                         
                             s\s13_linear\1080p60\part                         
                             ial_movie_files\LinearSca                         
                             ling\uncached_00001.mp4'                          
                    INFO     Caching disabled.             cairo_renderer.py:83
[07/03/26 19:34:03] INFO     Animation 2 : Partial     scene_file_writer.py:601
                             movie file written in                             
                             'C:\storage\coding\EEE\co                         
                             de_fyp\VisionSoC\fyp_demo                         
                             \bonsai_video\media\video                         
                             s\s13_linear\1080p60\part                         
                             ial_movie_files\LinearSca                         
                             ling\uncached_00002.mp4'                          
                    INFO     Caching disabled.             cairo_renderer.py:83
[07/03/26 19:34:06] INFO     Animation 3 : Partial     scene_file_writer.py:601
                             movie file written in                             
                             'C:\storage\coding\EEE\co                         
                             de_fyp\VisionSoC\fyp_demo                         
                             \bonsai_video\media\video                         
                             s\s13_linear\1080p60\part                         
                             ial_movie_files\LinearSca                         
                             ling\uncached_00003.mp4'                          
                    INFO     Caching disabled.             cairo_renderer.py:83
[07/03/26 19:34:08] INFO     Animation 4 : Partial     scene_file_writer.py:601
                             movie file written in                             
                             'C:\storage\coding\EEE\co                         
                             de_fyp\VisionSoC\fyp_demo                         
                             \bonsai_video\media\video                         
                             s\s13_linear\1080p60\part                         
                             ial_movie_files\LinearSca                         
                             ling\uncached_00004.mp4'                          
                    INFO     Caching disabled.             cairo_renderer.py:83
[07/03/26 19:34:10] INFO     Animation 5 : Partial     scene_file_writer.py:601
                             movie file written in                             
                             'C:\storage\coding\EEE\co                         
                             de_fyp\VisionSoC\fyp_demo                         
                             \bonsai_video\media\video                         
                             s\s13_linear\1080p60\part                         
                             ial_movie_files\LinearSca                         
                             ling\uncached_00005.mp4'                          
                    INFO     Caching disabled.             cairo_renderer.py:83
[07/03/26 19:34:15] INFO     Animation 6 : Partial     scene_file_writer.py:601
                             movie file written in                             
                             'C:\storage\coding\EEE\co                         
                             de_fyp\VisionSoC\fyp_demo                         
                             \bonsai_video\media\video                         
                             s\s13_linear\1080p60\part                         
                             ial_movie_files\LinearSca                         
                             ling\uncached_00006.mp4'                          
                    INFO     Combining to Movie file.  scene_file_writer.py:753
                    INFO                               scene_file_writer.py:904
                             File ready at                                     
                             'C:\storage\coding\EEE\co                         
                             de_fyp\VisionSoC\fyp_demo                         
                             \bonsai_video\media\video                         
                             s\s13_linear\1080p60\Line                         
                             arScaling.mp4'                                    
                                                                               
                    INFO     Rendered LinearScaling                scene.py:278
                             Played 7 animations                               
Manim Community v0.20.1

[07/03/26 19:34:17] INFO     Caching disabled.             cairo_renderer.py:83
[07/03/26 19:34:18] INFO     Animation 0 : Partial     scene_file_writer.py:601
                             movie file written in                             
                             'C:\storage\coding\EEE\co                         
                             de_fyp\VisionSoC\fyp_demo                         
                             \bonsai_video\media\video                         
                             s\s22_summary\1080p60\par                         
                             tial_movie_files\Summary\                         
                             uncached_00000.mp4'                               
                    INFO     Caching disabled.             cairo_renderer.py:83
                    INFO     Animation 1 : Partial     scene_file_writer.py:601
                             movie file written in                             
                             'C:\storage\coding\EEE\co                         
                             de_fyp\VisionSoC\fyp_demo                         
                             \bonsai_video\media\video                         
                             s\s22_summary\1080p60\par                         
                             tial_movie_files\Summary\                         
                             uncached_00001.mp4'                               
                    INFO     Caching disabled.             cairo_renderer.py:83
[07/03/26 19:34:22] INFO     Animation 2 : Partial     scene_file_writer.py:601
                             movie file written in                             
                             'C:\storage\coding\EEE\co                         
                             de_fyp\VisionSoC\fyp_demo                         
                             \bonsai_video\media\video                         
                             s\s22_summary\1080p60\par                         
                             tial_movie_files\Summary\                         
                             uncached_00002.mp4'                               
                    INFO     Caching disabled.             cairo_renderer.py:83
[07/03/26 19:34:24] INFO     Animation 3 : Partial     scene_file_writer.py:601
                             movie file written in                             
                             'C:\storage\coding\EEE\co                         
                             de_fyp\VisionSoC\fyp_demo                         
                             \bonsai_video\media\video                         
                             s\s22_summary\1080p60\par                         
                             tial_movie_files\Summary\                         
                             uncached_00003.mp4'                               
                    INFO     Caching disabled.             cairo_renderer.py:83
[07/03/26 19:34:26] INFO     Animation 4 : Partial     scene_file_writer.py:601
                             movie file written in                             
                             'C:\storage\coding\EEE\co                         
                             de_fyp\VisionSoC\fyp_demo                         
                             \bonsai_video\media\video                         
                             s\s22_summary\1080p60\par                         
                             tial_movie_files\Summary\                         
                             uncached_00004.mp4'                               
                    INFO     Caching disabled.             cairo_renderer.py:83
[07/03/26 19:34:27] INFO     Animation 5 : Partial     scene_file_writer.py:601
                             movie file written in                             
                             'C:\storage\coding\EEE\co                         
                             de_fyp\VisionSoC\fyp_demo                         
                             \bonsai_video\media\video                         
                             s\s22_summary\1080p60\par                         
                             tial_movie_files\Summary\                         
                             uncached_00005.mp4'                               
                    INFO     Caching disabled.             cairo_renderer.py:83
[07/03/26 19:34:29] INFO     Animation 6 : Partial     scene_file_writer.py:601
                             movie file written in                             
                             'C:\storage\coding\EEE\co                         
                             de_fyp\VisionSoC\fyp_demo                         
                             \bonsai_video\media\video                         
                             s\s22_summary\1080p60\par                         
                             tial_movie_files\Summary\                         
                             uncached_00006.mp4'                               
                    INFO     Caching disabled.             cairo_renderer.py:83
[07/03/26 19:34:30] INFO     Animation 7 : Partial     scene_file_writer.py:601
                             movie file written in                             
                             'C:\storage\coding\EEE\co                         
                             de_fyp\VisionSoC\fyp_demo                         
                             \bonsai_video\media\video                         
                             s\s22_summary\1080p60\par                         
                             tial_movie_files\Summary\                         
                             uncached_00007.mp4'                               
[07/03/26 19:34:31] INFO     Caching disabled.             cairo_renderer.py:83
[07/03/26 19:34:33] INFO     Animation 8 : Partial     scene_file_writer.py:601
                             movie file written in                             
                             'C:\storage\coding\EEE\co                         
                             de_fyp\VisionSoC\fyp_demo                         
                             \bonsai_video\media\video                         
                             s\s22_summary\1080p60\par                         
                             tial_movie_files\Summary\                         
                             uncached_00008.mp4'                               
                    INFO     Caching disabled.             cairo_renderer.py:83
[07/03/26 19:34:34] INFO     Animation 9 : Partial     scene_file_writer.py:601
                             movie file written in                             
                             'C:\storage\coding\EEE\co                         
                             de_fyp\VisionSoC\fyp_demo                         
                             \bonsai_video\media\video                         
                             s\s22_summary\1080p60\par                         
                             tial_movie_files\Summary\                         
                             uncached_00009.mp4'                               
                    INFO     Caching disabled.             cairo_renderer.py:83
[07/03/26 19:34:36] INFO     Animation 10 : Partial    scene_file_writer.py:601
                             movie file written in                             
                             'C:\storage\coding\EEE\co                         
                             de_fyp\VisionSoC\fyp_demo                         
                             \bonsai_video\media\video                         
                             s\s22_summary\1080p60\par                         
                             tial_movie_files\Summary\                         
                             uncached_00010.mp4'                               
                    INFO     Caching disabled.             cairo_renderer.py:83
[07/03/26 19:34:37] INFO     Animation 11 : Partial    scene_file_writer.py:601
                             movie file written in                             
                             'C:\storage\coding\EEE\co                         
                             de_fyp\VisionSoC\fyp_demo                         
                             \bonsai_video\media\video                         
                             s\s22_summary\1080p60\par                         
                             tial_movie_files\Summary\                         
                             uncached_00011.mp4'                               
                    INFO     Caching disabled.             cairo_renderer.py:83
[07/03/26 19:34:39] INFO     Animation 12 : Partial    scene_file_writer.py:601
                             movie file written in                             
                             'C:\storage\coding\EEE\co                         
                             de_fyp\VisionSoC\fyp_demo                         
                             \bonsai_video\media\video                         
                             s\s22_summary\1080p60\par                         
                             tial_movie_files\Summary\                         
                             uncached_00012.mp4'                               
                    INFO     Caching disabled.             cairo_renderer.py:83
[07/03/26 19:34:42] INFO     Animation 13 : Partial    scene_file_writer.py:601
                             movie file written in                             
                             'C:\storage\coding\EEE\co                         
                             de_fyp\VisionSoC\fyp_demo                         
                             \bonsai_video\media\video                         
                             s\s22_summary\1080p60\par                         
                             tial_movie_files\Summary\                         
                             uncached_00013.mp4'                               
                    INFO     Caching disabled.             cairo_renderer.py:83
[07/03/26 19:34:43] INFO     Animation 14 : Partial    scene_file_writer.py:601
                             movie file written in                             
                             'C:\storage\coding\EEE\co                         
                             de_fyp\VisionSoC\fyp_demo                         
                             \bonsai_video\media\video                         
                             s\s22_summary\1080p60\par                         
                             tial_movie_files\Summary\                         
                             uncached_00014.mp4'                               
                    INFO     Caching disabled.             cairo_renderer.py:83
[07/03/26 19:34:47] INFO     Animation 15 : Partial    scene_file_writer.py:601
                             movie file written in                             
                             'C:\storage\coding\EEE\co                         
                             de_fyp\VisionSoC\fyp_demo                         
                             \bonsai_video\media\video                         
                             s\s22_summary\1080p60\par                         
                             tial_movie_files\Summary\                         
                             uncached_00015.mp4'                               
                    INFO     Caching disabled.             cairo_renderer.py:83
[07/03/26 19:34:55] INFO     Animation 16 : Partial    scene_file_writer.py:601
                             movie file written in                             
                             'C:\storage\coding\EEE\co                         
                             de_fyp\VisionSoC\fyp_demo                         
                             \bonsai_video\media\video                         
                             s\s22_summary\1080p60\par                         
                             tial_movie_files\Summary\                         
                             uncached_00016.mp4'                               
                    INFO     Caching disabled.             cairo_renderer.py:83
[07/03/26 19:35:08] INFO     Animation 17 : Partial    scene_file_writer.py:601
                             movie file written in                             
                             'C:\storage\coding\EEE\co                         
                             de_fyp\VisionSoC\fyp_demo                         
                             \bonsai_video\media\video                         
                             s\s22_summary\1080p60\par                         
                             tial_movie_files\Summary\                         
                             uncached_00017.mp4'                               
                    INFO     Combining to Movie file.  scene_file_writer.py:753
                    INFO                               scene_file_writer.py:904
                             File ready at                                     
                             'C:\storage\coding\EEE\co                         
                             de_fyp\VisionSoC\fyp_demo                         
                             \bonsai_video\media\video                         
                             s\s22_summary\1080p60\Sum                         
                             mary.mp4'                                         
                                                                               
                    INFO     Rendered Summary                      scene.py:278
                             Played 18 animations                              
Manim Community v0.20.1

[07/03/26 19:35:10] INFO     Caching disabled.             cairo_renderer.py:83
[07/03/26 19:35:11] INFO     Animation 0 : Partial     scene_file_writer.py:601
                             movie file written in                             
                             'C:\storage\coding\EEE\co                         
                             de_fyp\VisionSoC\fyp_demo                         
                             \bonsai_video\media\video                         
                             s\s23_outro\1080p60\parti                         
                             al_movie_files\Outro\unca                         
                             ched_00000.mp4'                                   
                    INFO     Caching disabled.             cairo_renderer.py:83
[07/03/26 19:35:14] INFO     Animation 1 : Partial     scene_file_writer.py:601
                             movie file written in                             
                             'C:\storage\coding\EEE\co                         
                             de_fyp\VisionSoC\fyp_demo                         
                             \bonsai_video\media\video                         
                             s\s23_outro\1080p60\parti                         
                             al_movie_files\Outro\unca                         
                             ched_00001.mp4'                                   
                    INFO     Caching disabled.             cairo_renderer.py:83
[07/03/26 19:35:15] INFO     Animation 2 : Partial     scene_file_writer.py:601
                             movie file written in                             
                             'C:\storage\coding\EEE\co                         
                             de_fyp\VisionSoC\fyp_demo                         
                             \bonsai_video\media\video                         
                             s\s23_outro\1080p60\parti                         
                             al_movie_files\Outro\unca                         
                             ched_00002.mp4'                                   
                    INFO     Caching disabled.             cairo_renderer.py:83
[07/03/26 19:35:16] INFO     Animation 3 : Partial     scene_file_writer.py:601
                             movie file written in                             
                             'C:\storage\coding\EEE\co                         
                             de_fyp\VisionSoC\fyp_demo                         
                             \bonsai_video\media\video                         
                             s\s23_outro\1080p60\parti                         
                             al_movie_files\Outro\unca                         
                             ched_00003.mp4'                                   
                    INFO     Caching disabled.             cairo_renderer.py:83
[07/03/26 19:35:17] INFO     Animation 4 : Partial     scene_file_writer.py:601
                             movie file written in                             
                             'C:\storage\coding\EEE\co                         
                             de_fyp\VisionSoC\fyp_demo                         
                             \bonsai_video\media\video                         
                             s\s23_outro\1080p60\parti                         
                             al_movie_files\Outro\unca                         
                             ched_00004.mp4'                                   
                    INFO     Caching disabled.             cairo_renderer.py:83
[07/03/26 19:35:18] INFO     Animation 5 : Partial     scene_file_writer.py:601
                             movie file written in                             
                             'C:\storage\coding\EEE\co                         
                             de_fyp\VisionSoC\fyp_demo                         
                             \bonsai_video\media\video                         
                             s\s23_outro\1080p60\parti                         
                             al_movie_files\Outro\unca                         
                             ched_00005.mp4'                                   
                    INFO     Caching disabled.             cairo_renderer.py:83
[07/03/26 19:35:19] INFO     Animation 6 : Partial     scene_file_writer.py:601
                             movie file written in                             
                             'C:\storage\coding\EEE\co                         
                             de_fyp\VisionSoC\fyp_demo                         
                             \bonsai_video\media\video                         
                             s\s23_outro\1080p60\parti                         
                             al_movie_files\Outro\unca                         
                             ched_00006.mp4'                                   
                    INFO     Caching disabled.             cairo_renderer.py:83
[07/03/26 19:35:20] INFO     Animation 7 : Partial     scene_file_writer.py:601
                             movie file written in                             
                             'C:\storage\coding\EEE\co                         
                             de_fyp\VisionSoC\fyp_demo                         
                             \bonsai_video\media\video                         
                             s\s23_outro\1080p60\parti                         
                             al_movie_files\Outro\unca                         
                             ched_00007.mp4'                                   
                    INFO     Caching disabled.             cairo_renderer.py:83
[07/03/26 19:35:22] INFO     Animation 8 : Partial     scene_file_writer.py:601
                             movie file written in                             
                             'C:\storage\coding\EEE\co                         
                             de_fyp\VisionSoC\fyp_demo                         
                             \bonsai_video\media\video                         
                             s\s23_outro\1080p60\parti                         
                             al_movie_files\Outro\unca                         
                             ched_00008.mp4'                                   
                    INFO     Caching disabled.             cairo_renderer.py:83
                    INFO     Animation 9 : Partial     scene_file_writer.py:601
                             movie file written in                             
                             'C:\storage\coding\EEE\co                         
                             de_fyp\VisionSoC\fyp_demo                         
                             \bonsai_video\media\video                         
                             s\s23_outro\1080p60\parti                         
                             al_movie_files\Outro\unca                         
                             ched_00009.mp4'                                   
                    INFO     Caching disabled.             cairo_renderer.py:83
[07/03/26 19:35:24] INFO     Animation 10 : Partial    scene_file_writer.py:601
                             movie file written in                             
                             'C:\storage\coding\EEE\co                         
                             de_fyp\VisionSoC\fyp_demo                         
                             \bonsai_video\media\video                         
                             s\s23_outro\1080p60\parti                         
                             al_movie_files\Outro\unca                         
                             ched_00010.mp4'                                   
                    INFO     Caching disabled.             cairo_renderer.py:83
[07/03/26 19:35:25] INFO     Animation 11 : Partial    scene_file_writer.py:601
                             movie file written in                             
                             'C:\storage\coding\EEE\co                         
                             de_fyp\VisionSoC\fyp_demo                         
                             \bonsai_video\media\video                         
                             s\s23_outro\1080p60\parti                         
                             al_movie_files\Outro\unca                         
                             ched_00011.mp4'                                   
                    INFO     Caching disabled.             cairo_renderer.py:83
                    INFO     Animation 12 : Partial    scene_file_writer.py:601
                             movie file written in                             
                             'C:\storage\coding\EEE\co                         
                             de_fyp\VisionSoC\fyp_demo                         
                             \bonsai_video\media\video                         
                             s\s23_outro\1080p60\parti                         
                             al_movie_files\Outro\unca                         
                             ched_00012.mp4'                                   
                    INFO     Caching disabled.             cairo_renderer.py:83
[07/03/26 19:35:26] INFO     Animation 13 : Partial    scene_file_writer.py:601
                             movie file written in                             
                             'C:\storage\coding\EEE\co                         
                             de_fyp\VisionSoC\fyp_demo                         
                             \bonsai_video\media\video                         
                             s\s23_outro\1080p60\parti                         
                             al_movie_files\Outro\unca                         
                             ched_00013.mp4'                                   
                    INFO     Caching disabled.             cairo_renderer.py:83
[07/03/26 19:35:33] INFO     Animation 14 : Partial    scene_file_writer.py:601
                             movie file written in                             
                             'C:\storage\coding\EEE\co                         
                             de_fyp\VisionSoC\fyp_demo                         
                             \bonsai_video\media\video                         
                             s\s23_outro\1080p60\parti                         
                             al_movie_files\Outro\unca                         
                             ched_00014.mp4'                                   
                    INFO     Caching disabled.             cairo_renderer.py:83
[07/03/26 19:35:34] INFO     Animation 15 : Partial    scene_file_writer.py:601
                             movie file written in                             
                             'C:\storage\coding\EEE\co                         
                             de_fyp\VisionSoC\fyp_demo                         
                             \bonsai_video\media\video                         
                             s\s23_outro\1080p60\parti                         
                             al_movie_files\Outro\unca                         
                             ched_00015.mp4'                                   
                    INFO     Caching disabled.             cairo_renderer.py:83
[07/03/26 19:35:35] INFO     Animation 16 : Partial    scene_file_writer.py:601
                             movie file written in                             
                             'C:\storage\coding\EEE\co                         
                             de_fyp\VisionSoC\fyp_demo                         
                             \bonsai_video\media\video                         
                             s\s23_outro\1080p60\parti                         
                             al_movie_files\Outro\unca                         
                             ched_00016.mp4'                                   
                    INFO     Caching disabled.             cairo_renderer.py:83
[07/03/26 19:35:36] INFO     Animation 17 : Partial    scene_file_writer.py:601
                             movie file written in                             
                             'C:\storage\coding\EEE\co                         
                             de_fyp\VisionSoC\fyp_demo                         
                             \bonsai_video\media\video                         
                             s\s23_outro\1080p60\parti                         
                             al_movie_files\Outro\unca                         
                             ched_00017.mp4'                                   
[07/03/26 19:35:37] INFO     Caching disabled.             cairo_renderer.py:83
[07/03/26 19:35:38] INFO     Animation 18 : Partial    scene_file_writer.py:601
                             movie file written in                             
                             'C:\storage\coding\EEE\co                         
                             de_fyp\VisionSoC\fyp_demo                         
                             \bonsai_video\media\video                         
                             s\s23_outro\1080p60\parti                         
                             al_movie_files\Outro\unca                         
                             ched_00018.mp4'                                   
                    INFO     Caching disabled.             cairo_renderer.py:83
[07/03/26 19:35:41] INFO     Animation 19 : Partial    scene_file_writer.py:601
                             movie file written in                             
                             'C:\storage\coding\EEE\co                         
                             de_fyp\VisionSoC\fyp_demo                         
                             \bonsai_video\media\video                         
                             s\s23_outro\1080p60\parti                         
                             al_movie_files\Outro\unca                         
                             ched_00019.mp4'                                   
                    INFO     Combining to Movie file.  scene_file_writer.py:753
                    INFO                               scene_file_writer.py:904
                             File ready at                                     
                             'C:\storage\coding\EEE\co                         
                             de_fyp\VisionSoC\fyp_demo                         
                             \bonsai_video\media\video                         
                             s\s23_outro\1080p60\Outro                         
                             .mp4'                                             
                                                                               
                    INFO     Rendered Outro                        scene.py:278
                             Played 20 animations                              

=== Rendering Title (s1_title.py) ===

=== Rendering KernelDemo (s1_5_kernel_demo.py) ===

=== Rendering TheImage (s2_cat.py) ===

=== Rendering ThreeWayCompare (s3_5_compare.py) ===

=== Rendering ContributionArch (s3_6_contribution.py) ===

=== Rendering ContributionFPGA (s3_7_fpga.py) ===

=== Rendering ContributionEval (s3_8_eval.py) ===

=== Rendering SimilarWork (s3_85_similar_work.py) ===

=== Rendering HowItWorks (s3_9_howitworks.py) ===

=== Rendering SocDataflow (s3_10_soc_dataflow.py) ===

=== Rendering Programmability (s6_programmability.py) ===

=== Rendering RowColProcessing (s7_row_col.py) ===

=== Rendering HeterogeneousProcessing (s7_5_heterogeneous.py) ===

=== Rendering ExpandRegisters (s8_expand_registers.py) ===

=== Rendering CollapseRegisters (s10_collapse.py) ===

=== Rendering Scalable (s11_scalable.py) ===

=== Rendering ComputeScale (s12_compute_scale.py) ===

=== Rendering LinearScaling (s13_linear.py) ===

=== Rendering Summary (s22_summary.py) ===

=== Rendering Outro (s23_outro.py) ===

=== Concatenating -> C:\storage\coding\EEE\code_fyp\VisionSoC\fyp_demo\bonsai_video\bonsai_demo_silent.mp4 ===
=== Muxing voice-over -> C:\storage\coding\EEE\code_fyp\VisionSoC\fyp_demo\bonsai_video\bonsai_demo.mp4 ===

DONE: C:\storage\coding\EEE\code_fyp\VisionSoC\fyp_demo\bonsai_video\bonsai_demo.mp4
