========================================
T1 FPGA Build Log
========================================
Config:       mudkip2d128big1bram1chain2lanescale_fpga_maskopt
Row number:   1
RTL dir:      /home/cbt22/code/code_fyp/VisionSoC/test_output/mudkip2d128big1bram1chain2lanescale_fpga_maskopt/rtl-20260518-052042/result
Build dir:    /home/cbt22/code/code_fyp/VisionSoC/fpga/build/mudkip2d128big1bram1chain2lanescale_fpga_maskopt-20260518-055430
Started:      Mon 18 May 2026 05:54:30 AM BST
========================================

Config:       mudkip2d128big1bram1chain2lanescale_fpga_maskopt
Row number:   1
RTL dir:      /home/cbt22/code/code_fyp/VisionSoC/test_output/mudkip2d128big1bram1chain2lanescale_fpga_maskopt/rtl-20260518-052042/result
Build output: /home/cbt22/code/code_fyp/VisionSoC/fpga/build/mudkip2d128big1bram1chain2lanescale_fpga_maskopt-20260518-055430

Generating t1_fpga_top.v wrapper...
Generating wrapper: AXI_ID_W=2, HB_DATA_W=128
Generated: /home/cbt22/code/code_fyp/VisionSoC/fpga/build/mudkip2d128big1bram1chain2lanescale_fpga_maskopt-20260518-055430/t1_fpga_top.v

Launching Vivado block design creation...


****** Vivado v2025.2 (64-bit)
  **** SW Build 6299465 on Fri Nov 14 12:34:56 MST 2025
  **** IP Build 6300035 on Fri Nov 14 10:48:45 MST 2025
  **** SharedData Build 6298862 on Thu Nov 13 04:50:51 MST 2025
  **** Start of session at: Mon May 18 05:54:33 2026
    ** Copyright 1986-2022 Xilinx, Inc. All Rights Reserved.
    ** Copyright 2022-2025 Advanced Micro Devices, Inc. All Rights Reserved.

source /home/cbt22/code/code_fyp/VisionSoC/fpga/system/system_top.tcl
# if {$argc < 4} {
#     puts "ERROR: Usage: system_top.tcl <rtl_dir> <config_name> <row_number> <build_dir>"
#     puts " rtl_dir     - Path to the T1 RTL result directory"
#     puts " config_name - T1 configuration name (e.g., mudkip2d64)"
#     puts " row_number  - Number of 2D rows (determines AXI ID width)"
#     puts " build_dir   - Build output directory (contains t1_fpga_top.v)"
#     exit 1
# }
# set rtl_dir     [lindex $argv 0]
# set config_name [lindex $argv 1]
# set row_number  [lindex $argv 2]
# set build_dir   [lindex $argv 3]
# if {$row_number <= 1} {
#     set axi_id_width 2
# } else {
#     set axi_id_width [expr {2 + int(ceil(log($row_number) / log(2)))}]
# }
# puts "========================================"
========================================
# puts "T1 FPGA System Build"
T1 FPGA System Build
# puts "========================================"
========================================
# puts "Config:       $config_name"
Config:       mudkip2d128big1bram1chain2lanescale_fpga_maskopt
# puts "RTL dir:      $rtl_dir"
RTL dir:      /home/cbt22/code/code_fyp/VisionSoC/test_output/mudkip2d128big1bram1chain2lanescale_fpga_maskopt/rtl-20260518-052042/result
# puts "Row number:   $row_number"
Row number:   1
# puts "AXI ID width: $axi_id_width"
AXI ID width: 2
# puts "========================================"
========================================
# set project_name "t1_${config_name}_system"
# set project_dir [file dirname [file dirname [file normalize [info script]]]]/build/${project_name}
# set wrapper_dir [file dirname [file normalize [info script]]]/../wrapper
# set part "xck26-sfvc784-2LV-c"
# set board "xilinx.com:kv260_som:part0:1.4"
# create_project ${project_name} ${project_dir} -part ${part} -force
# set_property board_part ${board} [current_project]
# set_property board_connections {som240_1_connector xilinx.com:kv260_carrier:som240_1_connector:1.3} [current_project]
# set rtl_files [glob -directory ${rtl_dir} *.sv]  
# set synth_files {}
# foreach f $rtl_files { 
#     if {[string match "*/verification/*" $f] || [string match "*ref_T1*" $f]} {
#         continue
#     }
#     lappend synth_files $f
# }
# add_files -norecurse ${synth_files} 
# set_property file_type SystemVerilog [get_files *.sv]
# add_files -norecurse ${build_dir}/t1_fpga_top.v
# add_files -norecurse ${wrapper_dir}/t1_axi_lite_wrapper.sv
# add_files -norecurse ${wrapper_dir}/uram_scratchpad.v
# add_files -norecurse ${wrapper_dir}/v0_bram.v
# update_compile_order -fileset sources_1
update_compile_order: Time (s): cpu = 00:00:05 ; elapsed = 00:00:06 . Memory (MB): peak = 1617.203 ; gain = 0.000 ; free physical = 48405 ; free virtual = 115818
# set bd_name "system_top"
# create_bd_design system_top
Wrote  : </home/cbt22/code/code_fyp/VisionSoC/fpga/build/t1_mudkip2d128big1bram1chain2lanescale_fpga_maskopt_system/t1_mudkip2d128big1bram1chain2lanescale_fpga_maskopt_system.srcs/sources_1/bd/system_top/system_top.bd> 
# create_bd_cell -type ip -vlnv xilinx.com:ip:zynq_ultra_ps_e:3.5 zynq_ps
create_bd_cell: Time (s): cpu = 00:00:07 ; elapsed = 00:00:08 . Memory (MB): peak = 1827.188 ; gain = 150.906 ; free physical = 48207 ; free virtual = 115620
# apply_bd_automation -rule xilinx.com:bd_rule:zynq_ultra_ps_e \
#     -config {apply_board_preset "1"} [get_bd_cells zynq_ps]
INFO: [PSU-1]  DP_AUDIO clock source: RPLL is also being used by other peripheral clocks. Their outputs may get impacted if any driver changes DP_AUDIO PLL source to support runtime audio change 
# set_property -dict [list \
#     CONFIG.PSU__USE__M_AXI_GP0          {1} \
#     CONFIG.PSU__USE__M_AXI_GP1          {0} \
#     CONFIG.PSU__USE__M_AXI_GP2          {1} \
#     CONFIG.PSU__USE__S_AXI_GP0          {1} \
#     CONFIG.PSU__USE__S_AXI_GP2          {1} \
#     CONFIG.PSU__USE__S_AXI_GP3          {1} \
#     CONFIG.PSU__USE__IRQ0               {1} \
#     CONFIG.PSU__MAXIGP0__DATA_WIDTH     {128} \
#     CONFIG.PSU__MAXIGP2__DATA_WIDTH     {128} \
#     CONFIG.PSU__SAXIGP0__DATA_WIDTH     {128} \
#     CONFIG.PSU__SAXIGP2__DATA_WIDTH     {32} \
#     CONFIG.PSU__SAXIGP3__DATA_WIDTH     {128} \
#     CONFIG.PSU__CRL_APB__PL0_REF_CTRL__FREQMHZ {100} \
#     CONFIG.PSU__GPIO_EMIO__PERIPHERAL__ENABLE  {1} \
#     CONFIG.PSU__GPIO_EMIO__PERIPHERAL__IO      {2} \
# ] [get_bd_cells zynq_ps]
INFO: [PSU-1]  DP_AUDIO clock source: RPLL is also being used by other peripheral clocks. Their outputs may get impacted if any driver changes DP_AUDIO PLL source to support runtime audio change 
# create_bd_cell -type module -reference t1_fpga_top t1_top
INFO: [IP_Flow 19-5107] Inferred bus interface 'm_axi_hb' of definition 'xilinx.com:interface:aximm:1.0' (from Xilinx Repository).
INFO: [IP_Flow 19-5107] Inferred bus interface 'm_axi_idx' of definition 'xilinx.com:interface:aximm:1.0' (from Xilinx Repository).
INFO: [IP_Flow 19-5107] Inferred bus interface 's_axi_ctrl' of definition 'xilinx.com:interface:aximm:1.0' (from Xilinx Repository).
INFO: [IP_Flow 19-5107] Inferred bus interface 'aresetn' of definition 'xilinx.com:signal:reset:1.0' (from Xilinx Repository).
INFO: [IP_Flow 19-5107] Inferred bus interface 'aclk' of definition 'xilinx.com:signal:clock:1.0' (from Xilinx Repository).
INFO: [IP_Flow 19-5107] Inferred bus interface 'irq' of definition 'xilinx.com:signal:interrupt:1.0' (from Xilinx Repository).
INFO: [IP_Flow 19-4728] Bus Interface 'aresetn': Added interface parameter 'POLARITY' with value 'ACTIVE_LOW'.
INFO: [IP_Flow 19-4728] Bus Interface 'irq': Added interface parameter 'SENSITIVITY' with value 'LEVEL_HIGH'.
INFO: [IP_Flow 19-4728] Bus Interface 'aclk': Added interface parameter 'ASSOCIATED_BUSIF' with value 'm_axi_hb'.
INFO: [IP_Flow 19-4728] Bus Interface 'aclk': Added interface parameter 'ASSOCIATED_RESET' with value 'aresetn'.
WARNING: [IP_Flow 19-11770] Clock interface 'aclk' has no FREQ_HZ parameter.
create_bd_cell: Time (s): cpu = 00:00:06 ; elapsed = 00:00:06 . Memory (MB): peak = 1827.227 ; gain = 0.039 ; free physical = 48213 ; free virtual = 115626
# create_bd_cell -type ip -vlnv xilinx.com:ip:smartconnect:1.0 smartconnect_hb
# set_property -dict [list \
#     CONFIG.NUM_SI           {1} \
#     CONFIG.NUM_MI           {1} \
#     CONFIG.NUM_CLKS         {1} \
# ] [get_bd_cells smartconnect_hb]
# create_bd_cell -type ip -vlnv xilinx.com:ip:smartconnect:1.0 smartconnect_idx
# set_property -dict [list \
#     CONFIG.NUM_SI           {1} \
#     CONFIG.NUM_MI           {1} \
#     CONFIG.NUM_CLKS         {1} \
# ] [get_bd_cells smartconnect_idx]
# create_bd_cell -type ip -vlnv xilinx.com:ip:axi_dma:7.1 axi_dma
# set_property -dict [list \
#     CONFIG.c_include_sg         {0} \
#     CONFIG.c_sg_include_stscntrl_strm {0} \
#     CONFIG.c_include_mm2s       {1} \
#     CONFIG.c_include_s2mm       {1} \
#     CONFIG.c_m_axi_mm2s_data_width {128} \
#     CONFIG.c_m_axi_s2mm_data_width {128} \
#     CONFIG.c_mm2s_burst_size    {16} \
#     CONFIG.c_s2mm_burst_size    {16} \
#     CONFIG.c_sg_length_width    {23} \
# ] [get_bd_cells axi_dma]
# create_bd_cell -type ip -vlnv xilinx.com:ip:smartconnect:1.0 smartconnect_ctrl
# set_property -dict [list \
#     CONFIG.NUM_SI   {1} \
#     CONFIG.NUM_MI   {2} \
#     CONFIG.NUM_CLKS {1} \
# ] [get_bd_cells smartconnect_ctrl]
# create_bd_cell -type ip -vlnv xilinx.com:ip:clk_wiz clk_wiz_0
INFO: [Ipptcl 7-1463] No Compatible Board Interface found. Board Tab not created in customize GUI
INFO: [Device 21-403] Loading part xck26-sfvc784-2LV-c
create_bd_cell: Time (s): cpu = 00:00:12 ; elapsed = 00:00:16 . Memory (MB): peak = 2841.727 ; gain = 1014.500 ; free physical = 47275 ; free virtual = 114689
# set_property -dict [list \
#     CONFIG.PRIM_SOURCE                {Global_buffer} \
#     CONFIG.RESET_PORT                 {resetn} \
#     CONFIG.RESET_TYPE                 {ACTIVE_LOW} \
#     CONFIG.NUM_OUT_CLKS               {4} \
#     CONFIG.CLK_OUT1_PORT              {clk_100M} \
#     CONFIG.CLKOUT1_REQUESTED_OUT_FREQ {100.000} \
#     CONFIG.CLK_OUT2_PORT              {clk_200M} \
#     CONFIG.CLKOUT2_USED               {true} \
#     CONFIG.CLKOUT2_REQUESTED_OUT_FREQ {200.000} \
#     CONFIG.CLK_OUT3_PORT              {clk_300M} \
#     CONFIG.CLKOUT3_USED               {true} \
#     CONFIG.CLKOUT3_REQUESTED_OUT_FREQ {300.000} \
#     CONFIG.CLK_OUT4_PORT              {clk_60M} \
#     CONFIG.CLKOUT4_USED               {true} \
#     CONFIG.CLKOUT4_REQUESTED_OUT_FREQ {60.000} \
# ] [get_bd_cells clk_wiz_0]
# connect_bd_net [get_bd_pins zynq_ps/pl_clk0]    [get_bd_pins clk_wiz_0/clk_in1]
# connect_bd_net [get_bd_pins zynq_ps/pl_resetn0] [get_bd_pins clk_wiz_0/resetn]
# create_bd_cell -type ip -vlnv xilinx.com:ip:proc_sys_reset:5.0 proc_sys_reset_100M
INFO: [Ipptcl 7-1463] No Compatible Board Interface found. Board Tab not created in customize GUI
# connect_bd_net [get_bd_pins clk_wiz_0/clk_100M]  [get_bd_pins proc_sys_reset_100M/slowest_sync_clk]
# connect_bd_net [get_bd_pins zynq_ps/pl_resetn0]  [get_bd_pins proc_sys_reset_100M/ext_reset_in]
# connect_bd_net [get_bd_pins clk_wiz_0/locked]    [get_bd_pins proc_sys_reset_100M/dcm_locked]
# create_bd_cell -type ip -vlnv xilinx.com:ip:proc_sys_reset:5.0 proc_sys_reset_300M
INFO: [Ipptcl 7-1463] No Compatible Board Interface found. Board Tab not created in customize GUI
# connect_bd_net [get_bd_pins clk_wiz_0/clk_300M]  [get_bd_pins proc_sys_reset_300M/slowest_sync_clk]
# connect_bd_net [get_bd_pins zynq_ps/pl_resetn0]  [get_bd_pins proc_sys_reset_300M/ext_reset_in]
# connect_bd_net [get_bd_pins clk_wiz_0/locked]    [get_bd_pins proc_sys_reset_300M/dcm_locked]
# create_bd_cell -type ip -vlnv xilinx.com:ip:proc_sys_reset:5.0 proc_sys_reset
INFO: [Ipptcl 7-1463] No Compatible Board Interface found. Board Tab not created in customize GUI
# connect_bd_net [get_bd_pins clk_wiz_0/clk_60M]   [get_bd_pins proc_sys_reset/slowest_sync_clk]
# connect_bd_net [get_bd_pins zynq_ps/pl_resetn0]   [get_bd_pins proc_sys_reset/ext_reset_in]
# connect_bd_net [get_bd_pins clk_wiz_0/locked]    [get_bd_pins proc_sys_reset/dcm_locked]
# connect_bd_net [get_bd_pins clk_wiz_0/clk_60M]   [get_bd_pins t1_top/aclk]
# connect_bd_net [get_bd_pins proc_sys_reset/peripheral_aresetn] [get_bd_pins t1_top/aresetn]
# connect_bd_net [get_bd_pins clk_wiz_0/clk_60M]   [get_bd_pins smartconnect_hb/aclk]
# connect_bd_net [get_bd_pins proc_sys_reset/interconnect_aresetn] [get_bd_pins smartconnect_hb/aresetn]
# connect_bd_net [get_bd_pins clk_wiz_0/clk_60M]   [get_bd_pins smartconnect_idx/aclk]
# connect_bd_net [get_bd_pins proc_sys_reset/interconnect_aresetn] [get_bd_pins smartconnect_idx/aresetn]
# connect_bd_net [get_bd_pins clk_wiz_0/clk_60M]   [get_bd_pins smartconnect_ctrl/aclk]
# connect_bd_net [get_bd_pins proc_sys_reset/interconnect_aresetn] [get_bd_pins smartconnect_ctrl/aresetn]
# connect_bd_net [get_bd_pins clk_wiz_0/clk_60M]   [get_bd_pins axi_dma/s_axi_lite_aclk]
# connect_bd_net [get_bd_pins clk_wiz_0/clk_60M]   [get_bd_pins axi_dma/m_axi_mm2s_aclk]
# connect_bd_net [get_bd_pins clk_wiz_0/clk_60M]   [get_bd_pins axi_dma/m_axi_s2mm_aclk]
# connect_bd_net [get_bd_pins proc_sys_reset/peripheral_aresetn] [get_bd_pins axi_dma/axi_resetn]
# connect_bd_net [get_bd_pins clk_wiz_0/clk_60M]   [get_bd_pins zynq_ps/maxihpm0_fpd_aclk]
# connect_bd_net [get_bd_pins clk_wiz_0/clk_60M]   [get_bd_pins zynq_ps/saxihpc0_fpd_aclk]
# connect_bd_net [get_bd_pins clk_wiz_0/clk_60M]   [get_bd_pins zynq_ps/saxihp0_fpd_aclk]
# connect_bd_intf_net [get_bd_intf_pins zynq_ps/M_AXI_HPM0_FPD] \
#                     [get_bd_intf_pins smartconnect_ctrl/S00_AXI]
# connect_bd_intf_net [get_bd_intf_pins smartconnect_ctrl/M00_AXI] \
#                     [get_bd_intf_pins t1_top/s_axi_ctrl]
# connect_bd_intf_net [get_bd_intf_pins smartconnect_ctrl/M01_AXI] \
#                     [get_bd_intf_pins axi_dma/S_AXI_LITE]
# create_bd_cell -type ip -vlnv xilinx.com:ip:axi_register_slice axi_reg_slice_hb
# set_property -dict [list \
#     CONFIG.REG_AW {15} \
#     CONFIG.REG_AR {15} \
#     CONFIG.REG_W  {15} \
#     CONFIG.REG_R  {15} \
#     CONFIG.REG_B  {15} \
# ] [get_bd_cells axi_reg_slice_hb]
# connect_bd_net [get_bd_pins clk_wiz_0/clk_60M]                 [get_bd_pins axi_reg_slice_hb/aclk]
# connect_bd_net [get_bd_pins proc_sys_reset/peripheral_aresetn] [get_bd_pins axi_reg_slice_hb/aresetn]
# connect_bd_intf_net [get_bd_intf_pins t1_top/m_axi_hb] \
#                     [get_bd_intf_pins axi_reg_slice_hb/S_AXI]
# connect_bd_intf_net [get_bd_intf_pins axi_reg_slice_hb/M_AXI] \
#                     [get_bd_intf_pins smartconnect_hb/S00_AXI]
# connect_bd_intf_net [get_bd_intf_pins smartconnect_hb/M00_AXI] \
#                     [get_bd_intf_pins zynq_ps/S_AXI_HPC0_FPD]
# connect_bd_intf_net [get_bd_intf_pins t1_top/m_axi_idx] \
#                     [get_bd_intf_pins smartconnect_idx/S00_AXI]
# connect_bd_intf_net [get_bd_intf_pins smartconnect_idx/M00_AXI] \
#                     [get_bd_intf_pins zynq_ps/S_AXI_HP0_FPD]
# create_bd_cell -type ip -vlnv xilinx.com:ip:xlconcat:2.1 irq_concat
INFO: [BD 5-1043] It is recommended to use inline hdl version xilinx.com:inline_hdl:ilconcat:1.0 for the IP type xilinx.com:ip:xlconcat:2.1 for improved performance and reduced disk space. IPs with VLNV xilinx.com:ip:xlconcat:2.1 will not be supported from release 2025.2. More information on inline hdl IP is available in UG994 
# set_property CONFIG.NUM_PORTS {3} [get_bd_cells irq_concat]
# connect_bd_net [get_bd_pins t1_top/irq]            [get_bd_pins irq_concat/In0]
# connect_bd_net [get_bd_pins axi_dma/mm2s_introut]   [get_bd_pins irq_concat/In1]
# connect_bd_net [get_bd_pins axi_dma/s2mm_introut]   [get_bd_pins irq_concat/In2]
# connect_bd_net [get_bd_pins irq_concat/dout]         [get_bd_pins zynq_ps/pl_ps_irq0]
# create_bd_cell -type ip -vlnv xilinx.com:ip:axi_iic:2.1 sensor_iic
# set_property -dict [list \
#     CONFIG.IIC_FREQ_KHZ          {400} \
#     CONFIG.IIC_BOARD_INTERFACE   {som240_1_connector_hda_iic_switch} \
#     CONFIG.USE_BOARD_FLOW        {true} \
# ] [get_bd_cells sensor_iic]
# connect_bd_net [get_bd_pins clk_wiz_0/clk_60M]                 [get_bd_pins sensor_iic/s_axi_aclk]
# connect_bd_net [get_bd_pins proc_sys_reset/peripheral_aresetn] [get_bd_pins sensor_iic/s_axi_aresetn]
# create_bd_cell -type ip -vlnv xilinx.com:ip:axi_bram_ctrl:4.1 bram_ctrl
INFO: [xilinx.com:ip:axi_bram_ctrl:4.1-2] system_top_bram_ctrl_0: In IP Integrator, please note that memory depth value gets calculated based on the Data Width of the IP and Address range selected in the Address Editor.Incase a validation error occured on the range of this parameter, please check if the selected Data width and the Address Range are valid. For valid Data width and memory depth values, please refer to the AXI BRAM Controller Product Guide.
INFO: [xilinx.com:ip:axi_bram_ctrl:4.1-1] system_top_bram_ctrl_0: In IP Integrator, The Maximum address range supported is 2G. Selecting the address range more than 2G in the address editor may resets the value of Memory depth to default value (1024). please refer to the AXI BRAM Controller Product Guide.
# set_property -dict [list \
#     CONFIG.SINGLE_PORT_BRAM      {1} \
#     CONFIG.DATA_WIDTH            {128} \
#     CONFIG.MEM_DEPTH             {32768} \
#     CONFIG.READ_LATENCY          {2} \
# ] [get_bd_cells bram_ctrl]
CRITICAL WARNING: [BD 41-737] Cannot set the parameter MEM_DEPTH on /bram_ctrl. It is read-only.
INFO: [xilinx.com:ip:axi_bram_ctrl:4.1-2] system_top_bram_ctrl_0: In IP Integrator, please note that memory depth value gets calculated based on the Data Width of the IP and Address range selected in the Address Editor.Incase a validation error occured on the range of this parameter, please check if the selected Data width and the Address Range are valid. For valid Data width and memory depth values, please refer to the AXI BRAM Controller Product Guide.
INFO: [xilinx.com:ip:axi_bram_ctrl:4.1-1] system_top_bram_ctrl_0: In IP Integrator, The Maximum address range supported is 2G. Selecting the address range more than 2G in the address editor may resets the value of Memory depth to default value (1024). please refer to the AXI BRAM Controller Product Guide.
# create_bd_cell -type module -reference uram_scratchpad bram
INFO: [IP_Flow 19-5107] Inferred bus interface 'BRAM_PORTA' of definition 'xilinx.com:interface:bram:1.0' (from X_INTERFACE_INFO parameter from HDL file).
INFO: [IP_Flow 19-5107] Inferred bus interface 'BRAM_PORTA' of definition 'xilinx.com:interface:bram:1.0' (from 'X_INTERFACE_INFO' attribute).
INFO: [IP_Flow 19-4728] Bus Interface 'BRAM_PORTA': Added interface parameter 'MEM_ECC' with value 'NONE'.
INFO: [IP_Flow 19-4728] Bus Interface 'BRAM_PORTA': Added interface parameter 'MEM_SIZE' with value '524288'.
INFO: [IP_Flow 19-4728] Bus Interface 'BRAM_PORTA': Added interface parameter 'MEM_WIDTH' with value '128'.
INFO: [IP_Flow 19-4728] Bus Interface 'BRAM_PORTA': Added interface parameter 'READ_LATENCY' with value '2'.
INFO: [IP_Flow 19-4728] Bus Interface 'BRAM_PORTA': Added interface parameter 'READ_WRITE_MODE' with value 'READ_FIRST'.
# connect_bd_net [get_bd_pins clk_wiz_0/clk_60M]                 [get_bd_pins bram_ctrl/s_axi_aclk]
# connect_bd_net [get_bd_pins proc_sys_reset/peripheral_aresetn] [get_bd_pins bram_ctrl/s_axi_aresetn]
# connect_bd_intf_net [get_bd_intf_pins bram_ctrl/BRAM_PORTA] [get_bd_intf_pins bram/BRAM_PORTA]
# create_bd_cell -type ip -vlnv xilinx.com:ip:mipi_csi2_rx_subsystem mipi_csi2_rx
WARNING: [BD 41-176] The physical port 'dl0_rxinvalidcodehs' specified in the portmap, is not found on the block! 
WARNING: [BD 41-176] The physical port 'dl0_rxulpmesc' specified in the portmap, is not found on the block! 
WARNING: [BD 41-176] The physical port 'dl1_rxinvalidcodehs' specified in the portmap, is not found on the block! 
WARNING: [BD 41-176] The physical port 'dl1_rxulpmesc' specified in the portmap, is not found on the block! 
WARNING: [BD 41-176] The physical port 'dl2_rxinvalidcodehs' specified in the portmap, is not found on the block! 
WARNING: [BD 41-176] The physical port 'dl2_rxulpmesc' specified in the portmap, is not found on the block! 
WARNING: [BD 41-176] The physical port 'dl3_rxulpmesc' specified in the portmap, is not found on the block! 
INFO: [Ipptcl 7-1463] No Compatible Board Interface found. Board Tab not created in customize GUI
WARNING: [BD 41-394] Exec TCL: all interface pins/ports are already connected to interface net '/mipi_phy_if_1'
INFO: [BD 41-3093] Triggering Legacy Auto Assign Algorithm
create_bd_cell: Time (s): cpu = 00:00:07 ; elapsed = 00:00:07 . Memory (MB): peak = 2841.727 ; gain = 0.000 ; free physical = 47268 ; free virtual = 114682
# set_property -dict [list \
#     CONFIG.DPHYRX_BOARD_INTERFACE        {som240_1_connector_mipi_csi_isp} \
#     CONFIG.CMN_NUM_PIXELS                {1} \
#     CONFIG.CMN_VC                        {0} \
#     CONFIG.CSI_BUF_DEPTH                 {256} \
#     CONFIG.C_CSI_FILTER_USERDATATYPE     {true} \
#     CONFIG.C_HS_LINE_RATE                {896} \
#     CONFIG.C_HS_SETTLE_NS                {146} \
#     CONFIG.DPY_LINE_RATE                 {896} \
#     CONFIG.SupportLevel                  {1} \
# ] [get_bd_cells mipi_csi2_rx]
WARNING: [BD 41-176] The physical port 'dl0_rxinvalidcodehs' specified in the portmap, is not found on the block! 
WARNING: [BD 41-176] The physical port 'dl0_rxulpmesc' specified in the portmap, is not found on the block! 
WARNING: [BD 41-176] The physical port 'dl1_rxinvalidcodehs' specified in the portmap, is not found on the block! 
WARNING: [BD 41-176] The physical port 'dl1_rxulpmesc' specified in the portmap, is not found on the block! 
WARNING: [BD 41-176] The physical port 'dl2_rxinvalidcodehs' specified in the portmap, is not found on the block! 
WARNING: [BD 41-176] The physical port 'dl2_rxulpmesc' specified in the portmap, is not found on the block! 
WARNING: [BD 41-176] The physical port 'dl3_rxulpmesc' specified in the portmap, is not found on the block! 
create_bd_cell: Time (s): cpu = 00:00:06 ; elapsed = 00:00:06 . Memory (MB): peak = 2841.727 ; gain = 0.000 ; free physical = 47269 ; free virtual = 114682
INFO: [Ipptcl 7-1463] No Compatible Board Interface found. Board Tab not created in customize GUI
WARNING: [BD 41-394] Exec TCL: all interface pins/ports are already connected to interface net '/mipi_phy_if_1'
INFO: [BD 41-3093] Triggering Legacy Auto Assign Algorithm
# create_bd_cell -type ip -vlnv xilinx.com:ip:axis_register_slice axis_data_fifo_cap
# create_bd_cell -type ip -vlnv xilinx.com:ip:axis_subset_converter axis_subset_converter_cap
# set_property -dict [list \
#     CONFIG.M_TDATA_NUM_BYTES {3} \
#     CONFIG.M_TDEST_WIDTH     {1} \
#     CONFIG.S_TDATA_NUM_BYTES {2} \
#     CONFIG.S_TDEST_WIDTH     {10} \
#     CONFIG.TDATA_REMAP       {8'b00000000,tdata[15:0]} \
#     CONFIG.TDEST_REMAP       {tdest[0:0]} \
# ] [get_bd_cells axis_subset_converter_cap]
# create_bd_cell -type ip -vlnv xilinx.com:ip:v_frmbuf_wr v_frmbuf_wr
# set_property -dict [list \
#     CONFIG.AXIMM_DATA_WIDTH               {64} \
#     CONFIG.C_M_AXI_MM_VIDEO_DATA_WIDTH    {64} \
#     CONFIG.HAS_BGR8                       {0} \
#     CONFIG.HAS_BGRX8                      {0} \
#     CONFIG.HAS_RGB8                       {0} \
#     CONFIG.HAS_UYVY8                      {1} \
#     CONFIG.HAS_YUV8                       {0} \
#     CONFIG.HAS_Y8                         {0} \
#     CONFIG.HAS_Y_UV8                      {0} \
#     CONFIG.HAS_Y_UV8_420                  {1} \
#     CONFIG.MAX_COLS                       {256} \
#     CONFIG.MAX_ROWS                       {256} \
#     CONFIG.MAX_NR_PLANES                  {2} \
#     CONFIG.SAMPLES_PER_CLOCK              {1} \
# ] [get_bd_cells v_frmbuf_wr]
# create_bd_cell -type ip -vlnv xilinx.com:ip:xlconstant ap1302_standby_const
INFO: [BD 5-1043] It is recommended to use inline hdl version xilinx.com:inline_hdl:ilconstant:1.0 for the IP type xilinx.com:ip:xlconstant:1.1 for improved performance and reduced disk space. IPs with VLNV xilinx.com:ip:xlconstant:1.1 will not be supported from release 2025.2. More information on inline hdl IP is available in UG994 
# set_property -dict [list CONFIG.CONST_VAL {0} CONFIG.CONST_WIDTH {1}] [get_bd_cells ap1302_standby_const]
# create_bd_cell -type ip -vlnv xilinx.com:ip:xlslice ap1302_rst_slice
INFO: [BD 5-1043] It is recommended to use inline hdl version xilinx.com:inline_hdl:ilslice:1.0 for the IP type xilinx.com:ip:xlslice:1.0 for improved performance and reduced disk space. IPs with VLNV xilinx.com:ip:xlslice:1.0 will not be supported from release 2025.2. More information on inline hdl IP is available in UG994 
# set_property -dict [list \
#     CONFIG.DIN_WIDTH  {2} \
#     CONFIG.DIN_FROM   {1} \
#     CONFIG.DIN_TO     {1} \
#     CONFIG.DOUT_WIDTH {1} \
# ] [get_bd_cells ap1302_rst_slice]
# connect_bd_net [get_bd_pins zynq_ps/emio_gpio_o]      [get_bd_pins ap1302_rst_slice/Din]
WARNING: [BD 41-1306] The connection to interface pin </zynq_ps/emio_gpio_o> is being overridden by the user with net <zynq_ps_emio_gpio_o>. This pin will not be connected as a part of interface connection <GPIO_0>, and might not recreate the connectivity as expected using the writ_bd_tcl command.
# create_bd_intf_port -mode Slave  -vlnv xilinx.com:interface:mipi_phy_rtl:1.0 mipi_phy_if
# create_bd_intf_port -mode Master -vlnv xilinx.com:interface:iic_rtl:1.0       iic
# create_bd_port -dir O ap1302_rst_b
# create_bd_port -dir O ap1302_standby
# create_bd_cell -type ip -vlnv xilinx.com:ip:smartconnect:1.0 smartconnect_lpd
# set_property -dict [list CONFIG.NUM_SI {1} CONFIG.NUM_MI {2} CONFIG.NUM_CLKS {2}] [get_bd_cells smartconnect_lpd]
# connect_bd_net [get_bd_pins clk_wiz_0/clk_100M]                  [get_bd_pins smartconnect_lpd/aclk]
# connect_bd_net [get_bd_pins proc_sys_reset_100M/interconnect_aresetn] [get_bd_pins smartconnect_lpd/aresetn]
# connect_bd_net [get_bd_pins clk_wiz_0/clk_300M]                  [get_bd_pins smartconnect_lpd/aclk1]
# create_bd_cell -type ip -vlnv xilinx.com:ip:smartconnect:1.0 smartconnect_video
# set_property -dict [list CONFIG.NUM_SI {1} CONFIG.NUM_MI {1} CONFIG.NUM_CLKS {1}] [get_bd_cells smartconnect_video]
# connect_bd_net [get_bd_pins clk_wiz_0/clk_300M]                  [get_bd_pins smartconnect_video/aclk]
# connect_bd_net [get_bd_pins proc_sys_reset_300M/interconnect_aresetn] [get_bd_pins smartconnect_video/aresetn]
# set_property -dict [list CONFIG.NUM_MI {3} CONFIG.NUM_CLKS {1}] [get_bd_cells smartconnect_ctrl]
# set_property CONFIG.NUM_MI {1} [get_bd_cells smartconnect_idx]
# set_property -dict [list CONFIG.NUM_SI {3} CONFIG.NUM_MI {2}] [get_bd_cells smartconnect_hb]
# foreach sc {smartconnect_ctrl smartconnect_hb smartconnect_idx smartconnect_lpd smartconnect_video} {
#     set_property CONFIG.STRATEGY {LOW_AREA} [get_bd_cells $sc]
# }
# connect_bd_net [get_bd_pins clk_wiz_0/clk_100M]                  [get_bd_pins mipi_csi2_rx/lite_aclk]
# connect_bd_net [get_bd_pins proc_sys_reset_100M/peripheral_aresetn] [get_bd_pins mipi_csi2_rx/lite_aresetn]
# connect_bd_net [get_bd_pins clk_wiz_0/clk_200M]                  [get_bd_pins mipi_csi2_rx/dphy_clk_200M]
# connect_bd_net [get_bd_pins clk_wiz_0/clk_300M]                  [get_bd_pins mipi_csi2_rx/video_aclk]
# connect_bd_net [get_bd_pins proc_sys_reset_300M/peripheral_aresetn] [get_bd_pins mipi_csi2_rx/video_aresetn]
# connect_bd_net [get_bd_pins clk_wiz_0/clk_300M]                  [get_bd_pins axis_data_fifo_cap/aclk]
# connect_bd_net [get_bd_pins proc_sys_reset_300M/peripheral_aresetn] [get_bd_pins axis_data_fifo_cap/aresetn]
# connect_bd_net [get_bd_pins clk_wiz_0/clk_300M]                  [get_bd_pins axis_subset_converter_cap/aclk]
# connect_bd_net [get_bd_pins proc_sys_reset_300M/peripheral_aresetn] [get_bd_pins axis_subset_converter_cap/aresetn]
# connect_bd_net [get_bd_pins clk_wiz_0/clk_300M]                  [get_bd_pins v_frmbuf_wr/ap_clk]
# connect_bd_net [get_bd_pins proc_sys_reset_300M/peripheral_aresetn] [get_bd_pins v_frmbuf_wr/ap_rst_n]
# connect_bd_net [get_bd_pins clk_wiz_0/clk_300M] [get_bd_pins zynq_ps/saxihp1_fpd_aclk]
# connect_bd_net [get_bd_pins clk_wiz_0/clk_100M] [get_bd_pins zynq_ps/maxihpm0_lpd_aclk]
# connect_bd_intf_net [get_bd_intf_pins mipi_csi2_rx/video_out]              [get_bd_intf_pins axis_data_fifo_cap/S_AXIS]
# connect_bd_intf_net [get_bd_intf_pins axis_data_fifo_cap/M_AXIS]           [get_bd_intf_pins axis_subset_converter_cap/S_AXIS]
# connect_bd_intf_net [get_bd_intf_pins axis_subset_converter_cap/M_AXIS]    [get_bd_intf_pins v_frmbuf_wr/s_axis_video]
# connect_bd_intf_net [get_bd_intf_ports mipi_phy_if]                        [get_bd_intf_pins mipi_csi2_rx/mipi_phy_if]
# connect_bd_intf_net [get_bd_intf_ports iic]                                [get_bd_intf_pins sensor_iic/IIC]
# connect_bd_net [get_bd_pins ap1302_rst_slice/Dout]               [get_bd_ports ap1302_rst_b]
# connect_bd_net [get_bd_pins ap1302_standby_const/dout]           [get_bd_ports ap1302_standby]
# connect_bd_intf_net [get_bd_intf_pins zynq_ps/M_AXI_HPM0_LPD]              [get_bd_intf_pins smartconnect_lpd/S00_AXI]
# connect_bd_intf_net [get_bd_intf_pins smartconnect_lpd/M00_AXI]            [get_bd_intf_pins mipi_csi2_rx/csirxss_s_axi]
# connect_bd_intf_net [get_bd_intf_pins smartconnect_lpd/M01_AXI]            [get_bd_intf_pins v_frmbuf_wr/s_axi_CTRL]
# connect_bd_intf_net [get_bd_intf_pins v_frmbuf_wr/m_axi_mm_video]          [get_bd_intf_pins smartconnect_video/S00_AXI]
# connect_bd_intf_net [get_bd_intf_pins smartconnect_video/M00_AXI]          [get_bd_intf_pins zynq_ps/S_AXI_HP1_FPD]
# connect_bd_intf_net [get_bd_intf_pins smartconnect_ctrl/M02_AXI]           [get_bd_intf_pins sensor_iic/S_AXI]
# connect_bd_intf_net [get_bd_intf_pins smartconnect_hb/M01_AXI]             [get_bd_intf_pins bram_ctrl/S_AXI]
# connect_bd_intf_net [get_bd_intf_pins axi_dma/M_AXI_MM2S]                  [get_bd_intf_pins smartconnect_hb/S01_AXI]
# connect_bd_intf_net [get_bd_intf_pins axi_dma/M_AXI_S2MM]                  [get_bd_intf_pins smartconnect_hb/S02_AXI]
# create_bd_cell -type ip -vlnv xilinx.com:ip:axis_register_slice axis_reg_slice_dma
# connect_bd_net [get_bd_pins clk_wiz_0/clk_60M]                 [get_bd_pins axis_reg_slice_dma/aclk]
# connect_bd_net [get_bd_pins proc_sys_reset/peripheral_aresetn] [get_bd_pins axis_reg_slice_dma/aresetn]
# connect_bd_intf_net [get_bd_intf_pins axi_dma/M_AXIS_MM2S]     [get_bd_intf_pins axis_reg_slice_dma/S_AXIS]
# connect_bd_intf_net [get_bd_intf_pins axis_reg_slice_dma/M_AXIS] [get_bd_intf_pins axi_dma/S_AXIS_S2MM]
# set_property CONFIG.NUM_PORTS {6} [get_bd_cells irq_concat]
# connect_bd_net [get_bd_pins sensor_iic/iic2intc_irpt]   [get_bd_pins irq_concat/In3]
# connect_bd_net [get_bd_pins mipi_csi2_rx/csirxss_csi_irq] [get_bd_pins irq_concat/In4]
# connect_bd_net [get_bd_pins v_frmbuf_wr/interrupt]        [get_bd_pins irq_concat/In5]
# assign_bd_address -target_address_space /zynq_ps/Data \
#     [get_bd_addr_segs t1_top/s_axi_ctrl/reg0] -range 64K -offset 0xA0000000
Slave segment '/t1_top/s_axi_ctrl/reg0' is being assigned into address space '/zynq_ps/Data' at <0xA000_0000 [ 64K ]>.
# assign_bd_address -target_address_space /zynq_ps/Data \
#     [get_bd_addr_segs axi_dma/S_AXI_LITE/Reg] -range 64K -offset 0xA0010000
Slave segment '/axi_dma/S_AXI_LITE/Reg' is being assigned into address space '/zynq_ps/Data' at <0xA001_0000 [ 64K ]>.
# assign_bd_address -target_address_space /zynq_ps/Data \
#     [get_bd_addr_segs mipi_csi2_rx/csirxss_s_axi/Reg] -range 64K -offset 0x80000000
Slave segment '/mipi_csi2_rx/csirxss_s_axi/Reg' is being assigned into address space '/zynq_ps/Data' at <0x8000_0000 [ 64K ]>.
# assign_bd_address -target_address_space /zynq_ps/Data \
#     [get_bd_addr_segs sensor_iic/S_AXI/Reg] -range 64K -offset 0xA0050000
Slave segment '/sensor_iic/S_AXI/Reg' is being assigned into address space '/zynq_ps/Data' at <0xA005_0000 [ 64K ]>.
# assign_bd_address -target_address_space /zynq_ps/Data \
#     [get_bd_addr_segs v_frmbuf_wr/s_axi_CTRL/Reg] -range 64K -offset 0x80010000
Slave segment '/v_frmbuf_wr/s_axi_CTRL/Reg' is being assigned into address space '/zynq_ps/Data' at <0x8001_0000 [ 64K ]>.
# assign_bd_address -target_address_space /t1_top/m_axi_hb \
#     [get_bd_addr_segs zynq_ps/SAXIGP0/HPC0_DDR_LOW] -range 2G -offset 0x00000000
Slave segment '/zynq_ps/SAXIGP0/HPC0_DDR_LOW' is being assigned into address space '/t1_top/m_axi_hb' at <0x0000_0000 [ 2G ]>.
# assign_bd_address -target_address_space /t1_top/m_axi_idx \
#     [get_bd_addr_segs zynq_ps/SAXIGP2/HP0_DDR_LOW] -range 2G -offset 0x00000000
Slave segment '/zynq_ps/SAXIGP2/HP0_DDR_LOW' is being assigned into address space '/t1_top/m_axi_idx' at <0x0000_0000 [ 2G ]>.
# assign_bd_address -target_address_space /t1_top/m_axi_hb \
#     [get_bd_addr_segs bram_ctrl/S_AXI/Mem0] -range 512K -offset 0xA0080000
Slave segment '/bram_ctrl/S_AXI/Mem0' is being assigned into address space '/t1_top/m_axi_hb' at <0xA008_0000 [ 512K ]>.
# assign_bd_address -target_address_space /axi_dma/Data_MM2S \
#     [get_bd_addr_segs zynq_ps/SAXIGP0/HPC0_DDR_LOW] -range 2G -offset 0x00000000
Slave segment '/zynq_ps/SAXIGP0/HPC0_DDR_LOW' is being assigned into address space '/axi_dma/Data_MM2S' at <0x0000_0000 [ 2G ]>.
# assign_bd_address -target_address_space /axi_dma/Data_S2MM \
#     [get_bd_addr_segs zynq_ps/SAXIGP0/HPC0_DDR_LOW] -range 2G -offset 0x00000000
Slave segment '/zynq_ps/SAXIGP0/HPC0_DDR_LOW' is being assigned into address space '/axi_dma/Data_S2MM' at <0x0000_0000 [ 2G ]>.
# assign_bd_address -target_address_space /axi_dma/Data_MM2S \
#     [get_bd_addr_segs bram_ctrl/S_AXI/Mem0] -range 512K -offset 0xA0080000
Slave segment '/bram_ctrl/S_AXI/Mem0' is being assigned into address space '/axi_dma/Data_MM2S' at <0xA008_0000 [ 512K ]>.
# assign_bd_address -target_address_space /axi_dma/Data_S2MM \
#     [get_bd_addr_segs bram_ctrl/S_AXI/Mem0] -range 512K -offset 0xA0080000
Slave segment '/bram_ctrl/S_AXI/Mem0' is being assigned into address space '/axi_dma/Data_S2MM' at <0xA008_0000 [ 512K ]>.
# assign_bd_address -target_address_space /v_frmbuf_wr/Data_m_axi_mm_video \
#     [get_bd_addr_segs zynq_ps/SAXIGP3/HP1_DDR_LOW] -range 2G -offset 0x00000000
Slave segment '/zynq_ps/SAXIGP3/HP1_DDR_LOW' is being assigned into address space '/v_frmbuf_wr/Data_m_axi_mm_video' at <0x0000_0000 [ 2G ]>.
# regenerate_bd_layout
# validate_bd_design
WARNING: [BD 41-3281] Instance '/zynq_ps' is connected on both sides by SmartConnects and cannot automatically configure itself to match the endpoints. Please manually configure its AXI interfaces as required for the design.
WARNING: [BD 41-3281] Instance '/v_frmbuf_wr' is connected on both sides by SmartConnects and cannot automatically configure itself to match the endpoints. Please manually configure its AXI interfaces as required for the design.
WARNING: [BD 41-3281] Instance '/axi_dma' is connected on both sides by SmartConnects and cannot automatically configure itself to match the endpoints. Please manually configure its AXI interfaces as required for the design.
WARNING: [BD 41-3281] Instance '/t1_top' is connected on both sides by SmartConnects and cannot automatically configure itself to match the endpoints. Please manually configure its AXI interfaces as required for the design.
WARNING: [SMARTCONNECT-2] Port S00_AXI of /smartconnect_hb is connected to an infrastructure IP (/axi_reg_slice_hb).  It is recommended to attach AXI SmartConnect directly to endpoint IPs to avoid mismatches or other issues during validation.  If mismatches occur, manually assign values for AXI Interface properties of /axi_reg_slice_hb.
WARNING: [BD 41-702] Propagation TCL tries to overwrite USER strength parameter C_M_AXI_S2MM_DATA_WIDTH(128) on '/axi_dma' with propagated value(32). Command ignored
INFO: [PSU-1]  DP_AUDIO clock source: RPLL is also being used by other peripheral clocks. Their outputs may get impacted if any driver changes DP_AUDIO PLL source to support runtime audio change 
INFO: [BD 5-943] Reserving offset range <0xA000_0000 [ 64K ]> from slave interface '/smartconnect_ctrl/S00_AXI' to master interface '/smartconnect_ctrl/M00_AXI'. This will be used by smartconnect on path for routing.
INFO: [BD 5-943] Reserving offset range <0xA001_0000 [ 64K ]> from slave interface '/smartconnect_ctrl/S00_AXI' to master interface '/smartconnect_ctrl/M01_AXI'. This will be used by smartconnect on path for routing.
INFO: [BD 5-943] Reserving offset range <0xA005_0000 [ 64K ]> from slave interface '/smartconnect_ctrl/S00_AXI' to master interface '/smartconnect_ctrl/M02_AXI'. This will be used by smartconnect on path for routing.
INFO: [xilinx.com:ip:smartconnect:1.0-1] system_top_smartconnect_ctrl_0: SmartConnect system_top_smartconnect_ctrl_0 is in Low-Area Mode.
INFO: [Ipptcl 7-1463] No Compatible Board Interface found. Board Tab not created in customize GUI
INFO: [BD 5-943] Reserving offset range <0x8000_0000 [ 64K ]> from slave interface '/smartconnect_lpd/S00_AXI' to master interface '/smartconnect_lpd/M00_AXI'. This will be used by smartconnect on path for routing.
INFO: [BD 5-943] Reserving offset range <0x8001_0000 [ 64K ]> from slave interface '/smartconnect_lpd/S00_AXI' to master interface '/smartconnect_lpd/M01_AXI'. This will be used by smartconnect on path for routing.
INFO: [xilinx.com:ip:smartconnect:1.0-1] system_top_smartconnect_lpd_0: SmartConnect system_top_smartconnect_lpd_0 is in Low-Area Mode.
INFO: [BD 5-943] Reserving offset range <0x0000_0000 [ 2G ]> from slave interface '/smartconnect_hb/S00_AXI' to master interface '/smartconnect_hb/M00_AXI'. This will be used by smartconnect on path for routing.
INFO: [BD 5-943] Reserving offset range <0xA008_0000 [ 512K ]> from slave interface '/smartconnect_hb/S00_AXI' to master interface '/smartconnect_hb/M01_AXI'. This will be used by smartconnect on path for routing.
INFO: [BD 5-943] Reserving offset range <0x0000_0000 [ 2G ]> from slave interface '/smartconnect_hb/S01_AXI' to master interface '/smartconnect_hb/M00_AXI'. This will be used by smartconnect on path for routing.
INFO: [BD 5-943] Reserving offset range <0xA008_0000 [ 512K ]> from slave interface '/smartconnect_hb/S01_AXI' to master interface '/smartconnect_hb/M01_AXI'. This will be used by smartconnect on path for routing.
INFO: [BD 5-943] Reserving offset range <0x0000_0000 [ 2G ]> from slave interface '/smartconnect_hb/S02_AXI' to master interface '/smartconnect_hb/M00_AXI'. This will be used by smartconnect on path for routing.
INFO: [BD 5-943] Reserving offset range <0xA008_0000 [ 512K ]> from slave interface '/smartconnect_hb/S02_AXI' to master interface '/smartconnect_hb/M01_AXI'. This will be used by smartconnect on path for routing.
INFO: [xilinx.com:ip:smartconnect:1.0-1] system_top_smartconnect_hb_0: SmartConnect system_top_smartconnect_hb_0 is in High-performance Mode.
xit::source_ipfile: Time (s): cpu = 00:00:05 ; elapsed = 00:00:05 . Memory (MB): peak = 2841.727 ; gain = 0.000 ; free physical = 47242 ; free virtual = 114655
INFO: [BD 5-943] Reserving offset range <0x0000_0000 [ 2G ]> from slave interface '/smartconnect_idx/S00_AXI' to master interface '/smartconnect_idx/M00_AXI'. This will be used by smartconnect on path for routing.
INFO: [xilinx.com:ip:smartconnect:1.0-1] system_top_smartconnect_idx_0: SmartConnect system_top_smartconnect_idx_0 is in High-performance Mode.
INFO: [BD 5-943] Reserving offset range <0x0000_0000 [ 2G ]> from slave interface '/smartconnect_video/S00_AXI' to master interface '/smartconnect_video/M00_AXI'. This will be used by smartconnect on path for routing.
INFO: [xilinx.com:ip:smartconnect:1.0-1] system_top_smartconnect_video_0: SmartConnect system_top_smartconnect_video_0 is in High-performance Mode.
INFO: [xilinx.com:ip:clk_wiz:6.0-1] /clk_wiz_0 clk_wiz propagate
CRITICAL WARNING: [BD 41-237] Bus Interface property MASTER_TYPE does not match between /bram/BRAM_PORTA(OTHER) and /bram_ctrl/BRAM_PORTA(BRAM_CTRL)
WARNING: [BD 41-237] Bus Interface property AWUSER_WIDTH does not match between /zynq_ps/S_AXI_HPC0_FPD(1) and /smartconnect_hb/M00_AXI(0)
WARNING: [BD 41-237] Bus Interface property ARUSER_WIDTH does not match between /zynq_ps/S_AXI_HPC0_FPD(1) and /smartconnect_hb/M00_AXI(0)
WARNING: [BD 41-237] Bus Interface property AWUSER_WIDTH does not match between /zynq_ps/S_AXI_HP0_FPD(1) and /smartconnect_idx/M00_AXI(0)
WARNING: [BD 41-237] Bus Interface property ARUSER_WIDTH does not match between /zynq_ps/S_AXI_HP0_FPD(1) and /smartconnect_idx/M00_AXI(0)
WARNING: [BD 41-237] Bus Interface property AWUSER_WIDTH does not match between /zynq_ps/S_AXI_HP1_FPD(1) and /smartconnect_video/M00_AXI(0)
WARNING: [BD 41-237] Bus Interface property ARUSER_WIDTH does not match between /zynq_ps/S_AXI_HP1_FPD(1) and /smartconnect_video/M00_AXI(0)
WARNING: [BD 41-1771] Block interface /sensor_iic/IIC has associated board param 'IIC_BOARD_INTERFACE', which is set to board part interface 'som240_1_connector_hda_iic_switch'. This interface is connected to an external interface /iic, whose name 'iic' does not match with the board interface name 'som240_1_connector_hda_iic_switch'.
This is a visual-only issue - this interface /sensor_iic/IIC will be connected to board interface 'som240_1_connector_hda_iic_switch'. If desired, please change the name of this port /iic manually.
validate_bd_design: Time (s): cpu = 00:00:36 ; elapsed = 00:00:37 . Memory (MB): peak = 2841.727 ; gain = 0.000 ; free physical = 47219 ; free virtual = 114633
# make_wrapper -files [get_files ${bd_name}.bd] -top
INFO: [BD 41-1662] The design 'system_top.bd' is already validated. Therefore parameter propagation will not be re-run.
WARNING: [BD 41-1771] Block interface /sensor_iic/IIC has associated board param 'IIC_BOARD_INTERFACE', which is set to board part interface 'som240_1_connector_hda_iic_switch'. This interface is connected to an external interface /iic, whose name 'iic' does not match with the board interface name 'som240_1_connector_hda_iic_switch'.
This is a visual-only issue - this interface /sensor_iic/IIC will be connected to board interface 'som240_1_connector_hda_iic_switch'. If desired, please change the name of this port /iic manually.
Wrote  : </home/cbt22/code/code_fyp/VisionSoC/fpga/build/t1_mudkip2d128big1bram1chain2lanescale_fpga_maskopt_system/t1_mudkip2d128big1bram1chain2lanescale_fpga_maskopt_system.srcs/sources_1/bd/system_top/system_top.bd> 
Verilog Output written to : /home/cbt22/code/code_fyp/VisionSoC/fpga/build/t1_mudkip2d128big1bram1chain2lanescale_fpga_maskopt_system/t1_mudkip2d128big1bram1chain2lanescale_fpga_maskopt_system.gen/sources_1/bd/system_top/synth/system_top.v
Verilog Output written to : /home/cbt22/code/code_fyp/VisionSoC/fpga/build/t1_mudkip2d128big1bram1chain2lanescale_fpga_maskopt_system/t1_mudkip2d128big1bram1chain2lanescale_fpga_maskopt_system.gen/sources_1/bd/system_top/sim/system_top.v
Verilog Output written to : /home/cbt22/code/code_fyp/VisionSoC/fpga/build/t1_mudkip2d128big1bram1chain2lanescale_fpga_maskopt_system/t1_mudkip2d128big1bram1chain2lanescale_fpga_maskopt_system.gen/sources_1/bd/system_top/hdl/system_top_wrapper.v
# set bd_wrapper [file join ${project_dir} \
#     ${project_name}.gen sources_1 bd ${bd_name} hdl ${bd_name}_wrapper.v]
# add_files -norecurse ${bd_wrapper}
# update_compile_order -fileset sources_1
update_compile_order: Time (s): cpu = 00:00:07 ; elapsed = 00:00:08 . Memory (MB): peak = 3134.789 ; gain = 293.062 ; free physical = 47166 ; free virtual = 114629
# set_property top ${bd_name}_wrapper [current_fileset]
# set xdc_pin [file join [file dirname [file normalize [info script]]] pin.xdc]
# add_files -fileset constrs_1 -norecurse ${xdc_pin}
# save_bd_design
# puts ""

# puts "========================================"
========================================
# puts "Block design created successfully!!"
Block design created successfully!!
# puts "Project: ${project_dir}"
Project: /home/cbt22/code/code_fyp/VisionSoC/fpga/build/t1_mudkip2d128big1bram1chain2lanescale_fpga_maskopt_system
# puts "Address map:"
Address map:
# puts "  AXI Lite Wrapper:  0xA0000000 (64KB)"
  AXI Lite Wrapper:  0xA0000000 (64KB)
# puts "  DMA Control:       0xA0010000 (64KB)"
  DMA Control:       0xA0010000 (64KB)
# puts "  v_frmbuf_wr m_axi: HP1 -> DDR  (2 GB)"
  v_frmbuf_wr m_axi: HP1 -> DDR  (2 GB)
# puts "  mipi_csi2_rx CSR:  0x80000000 (64KB)  via PS LPD"
  mipi_csi2_rx CSR:  0x80000000 (64KB)  via PS LPD
# puts "  AP1302 IIC:        0xA0050000 (64KB)"
  AP1302 IIC:        0xA0050000 (64KB)
# puts "  T1 HPC0 -> DDR:    0x00000000 (2GB)"
  T1 HPC0 -> DDR:    0x00000000 (2GB)
# puts "  T1 HP0  -> DDR:    0x00000000 (2GB)"
  T1 HP0  -> DDR:    0x00000000 (2GB)
# puts "  T1 hb  -> URAM:    0xA0080000 (512KB) via smartconnect_hb/M01 (5r: emb_mem_gen URAM)"
  T1 hb  -> URAM:    0xA0080000 (512KB) via smartconnect_hb/M01 (5r: emb_mem_gen URAM)
# puts "  DMA -> DDR:        0x00000000 (2GB) via HPC0"
  DMA -> DDR:        0x00000000 (2GB) via HPC0
# puts "  DMA -> URAM:       0xA0080000 (512KB) via smartconnect_hb/M01"
  DMA -> URAM:       0xA0080000 (512KB) via smartconnect_hb/M01
# puts "  (F6 PS->BRAM deferred - validate via DMA round-trip)"
  (F6 PS->BRAM deferred - validate via DMA round-trip)
# puts "  Frmbuf -> DDR:     0x00000000 (2GB) via HP1"
  Frmbuf -> DDR:     0x00000000 (2GB) via HP1
# puts "========================================"
========================================
INFO: [Common 17-206] Exiting Vivado at Mon May 18 05:56:34 2026...

Block design created successfully.

Running synthesis...
Analysis mode: flatten_hierarchy=none, hierarchical report, all messages enabled

****** Vivado v2025.2 (64-bit)
  **** SW Build 6299465 on Fri Nov 14 12:34:56 MST 2025
  **** IP Build 6300035 on Fri Nov 14 10:48:45 MST 2025
  **** SharedData Build 6298862 on Thu Nov 13 04:50:51 MST 2025
  **** Start of session at: Mon May 18 05:56:38 2026
    ** Copyright 1986-2022 Xilinx, Inc. All Rights Reserved.
    ** Copyright 2022-2025 Advanced Micro Devices, Inc. All Rights Reserved.

source /dev/stdin
# open_project /home/cbt22/code/code_fyp/VisionSoC/fpga/build/t1_mudkip2d128big1bram1chain2lanescale_fpga_maskopt_system/t1_mudkip2d128big1bram1chain2lanescale_fpga_maskopt_system.xpr
Scanning sources...
Finished scanning sources
WARNING: [Board 49-26] cannot add Board Part xilinx.com:ac701:part0:1.4 available at /home/cbt22/Xilinx/2025.2/data/xhub/boards/XilinxBoardStore/boards/Xilinx/ac701/1.4/board.xml as part xc7a200tfbg676-2 specified in board_part file is either invalid or not available
WARNING: [Board 49-26] cannot add Board Part xilinx.com:emb-plus-vpr-4616:part0:1.0 available at /home/cbt22/Xilinx/2025.2/data/xhub/boards/XilinxBoardStore/boards/Xilinx/emb-plus-vpr-4616/1.0/board.xml as part xcve2302-sfva784-2mp-e-s specified in board_part file is either invalid or not available
WARNING: [Board 49-26] cannot add Board Part xilinx.com:emb-plus-vpr-4616:part0:1.1 available at /home/cbt22/Xilinx/2025.2/data/xhub/boards/XilinxBoardStore/boards/Xilinx/emb-plus-vpr-4616/1.1/board.xml as part xcve2302-sfva784-2mp-e-s specified in board_part file is either invalid or not available
WARNING: [Board 49-26] cannot add Board Part xilinx.com:kc705:part0:1.6 available at /home/cbt22/Xilinx/2025.2/data/xhub/boards/XilinxBoardStore/boards/Xilinx/kc705/1.6/board.xml as part xc7k325tffg900-2 specified in board_part file is either invalid or not available
WARNING: [Board 49-26] cannot add Board Part xilinx.com:kc705:part0:1.7 available at /home/cbt22/Xilinx/2025.2/data/xhub/boards/XilinxBoardStore/boards/Xilinx/kc705/1.7/board.xml as part xc7k325tffg900-2 specified in board_part file is either invalid or not available
WARNING: [Board 49-26] cannot add Board Part xilinx.com:kcu105:part0:1.6 available at /home/cbt22/Xilinx/2025.2/data/xhub/boards/XilinxBoardStore/boards/Xilinx/kcu105/1.6/board.xml as part xcku040-ffva1156-2-e specified in board_part file is either invalid or not available
WARNING: [Board 49-26] cannot add Board Part xilinx.com:kcu105:part0:1.7 available at /home/cbt22/Xilinx/2025.2/data/xhub/boards/XilinxBoardStore/boards/Xilinx/kcu105/1.7/board.xml as part xcku040-ffva1156-2-e specified in board_part file is either invalid or not available
WARNING: [Board 49-26] cannot add Board Part xilinx.com:kcu116:part0:1.4 available at /home/cbt22/Xilinx/2025.2/data/xhub/boards/XilinxBoardStore/boards/Xilinx/kcu116/1.4/board.xml as part xcku5p-ffvb676-2-e specified in board_part file is either invalid or not available
WARNING: [Board 49-26] cannot add Board Part xilinx.com:kcu116:part0:1.5 available at /home/cbt22/Xilinx/2025.2/data/xhub/boards/XilinxBoardStore/boards/Xilinx/kcu116/1.5/board.xml as part xcku5p-ffvb676-2-e specified in board_part file is either invalid or not available
WARNING: [Board 49-26] cannot add Board Part xilinx.com:kcu1500:part0:1.2 available at /home/cbt22/Xilinx/2025.2/data/xhub/boards/XilinxBoardStore/boards/Xilinx/kcu1500/1.2/board.xml as part xcku115-flvb2104-2-e specified in board_part file is either invalid or not available
WARNING: [Board 49-26] cannot add Board Part xilinx.com:scu35:part0:1.0 available at /home/cbt22/Xilinx/2025.2/data/xhub/boards/XilinxBoardStore/boards/Xilinx/scu35/1.0/board.xml as part xcsu35p-sbvb625-2-e specified in board_part file is either invalid or not available
WARNING: [Board 49-26] cannot add Board Part xilinx.com:sp701:part0:1.0 available at /home/cbt22/Xilinx/2025.2/data/xhub/boards/XilinxBoardStore/boards/Xilinx/sp701/1.0/board.xml as part xc7s100fgga676-2 specified in board_part file is either invalid or not available
WARNING: [Board 49-26] cannot add Board Part xilinx.com:sp701:part0:1.1 available at /home/cbt22/Xilinx/2025.2/data/xhub/boards/XilinxBoardStore/boards/Xilinx/sp701/1.1/board.xml as part xc7s100fgga676-2 specified in board_part file is either invalid or not available
WARNING: [Board 49-26] cannot add Board Part xilinx.com:v80:part0:1.0 available at /home/cbt22/Xilinx/2025.2/data/xhub/boards/XilinxBoardStore/boards/Xilinx/v80/1.0/board.xml as part xcv80-lsva4737-2mhp-e-s specified in board_part file is either invalid or not available
WARNING: [Board 49-26] cannot add Board Part xilinx.com:vc707:part0:1.4 available at /home/cbt22/Xilinx/2025.2/data/xhub/boards/XilinxBoardStore/boards/Xilinx/vc707/1.4/board.xml as part xc7vx485tffg1761-2 specified in board_part file is either invalid or not available
WARNING: [Board 49-26] cannot add Board Part xilinx.com:vc707:part0:1.5 available at /home/cbt22/Xilinx/2025.2/data/xhub/boards/XilinxBoardStore/boards/Xilinx/vc707/1.5/board.xml as part xc7vx485tffg1761-2 specified in board_part file is either invalid or not available
WARNING: [Board 49-26] cannot add Board Part xilinx.com:vc709:part0:1.8 available at /home/cbt22/Xilinx/2025.2/data/xhub/boards/XilinxBoardStore/boards/Xilinx/vc709/1.8/board.xml as part xc7vx690tffg1761-2 specified in board_part file is either invalid or not available
WARNING: [Board 49-26] cannot add Board Part xilinx.com:vck190:part0:2.2 available at /home/cbt22/Xilinx/2025.2/data/xhub/boards/XilinxBoardStore/boards/Xilinx/vck190/production/2.2/board.xml as part xcvc1902-vsva2197-2mp-e-s specified in board_part file is either invalid or not available
WARNING: [Board 49-26] cannot add Board Part xilinx.com:vck190:part0:3.0 available at /home/cbt22/Xilinx/2025.2/data/xhub/boards/XilinxBoardStore/boards/Xilinx/vck190/production/3.0/board.xml as part xcvc1902-vsva2197-2mp-e-s specified in board_part file is either invalid or not available
WARNING: [Board 49-26] cannot add Board Part xilinx.com:vck190:part0:3.1 available at /home/cbt22/Xilinx/2025.2/data/xhub/boards/XilinxBoardStore/boards/Xilinx/vck190/production/3.1/board.xml as part xcvc1902-vsva2197-2mp-e-s specified in board_part file is either invalid or not available
WARNING: [Board 49-26] cannot add Board Part xilinx.com:vck190:part0:3.2 available at /home/cbt22/Xilinx/2025.2/data/xhub/boards/XilinxBoardStore/boards/Xilinx/vck190/production/3.2/board.xml as part xcvc1902-vsva2197-2mp-e-s specified in board_part file is either invalid or not available
WARNING: [Board 49-26] cannot add Board Part xilinx.com:vck190:part0:3.3 available at /home/cbt22/Xilinx/2025.2/data/xhub/boards/XilinxBoardStore/boards/Xilinx/vck190/production/3.3/board.xml as part xcvc1902-vsva2197-2mp-e-s specified in board_part file is either invalid or not available
WARNING: [Board 49-26] cannot add Board Part xilinx.com:vck190:part0:3.4 available at /home/cbt22/Xilinx/2025.2/data/xhub/boards/XilinxBoardStore/boards/Xilinx/vck190/production/3.4/board.xml as part xcvc1902-vsva2197-2mp-e-s specified in board_part file is either invalid or not available
WARNING: [Board 49-26] cannot add Board Part xilinx.com:vck190_newl:part0:1.0 available at /home/cbt22/Xilinx/2025.2/data/xhub/boards/XilinxBoardStore/boards/Xilinx/vck190_newl/production/1.0/board.xml as part xcvc1902-vsva2197-2mp-e-s specified in board_part file is either invalid or not available
WARNING: [Board 49-26] cannot add Board Part xilinx.com:vck190_newl:part0:1.1 available at /home/cbt22/Xilinx/2025.2/data/xhub/boards/XilinxBoardStore/boards/Xilinx/vck190_newl/production/1.1/board.xml as part xcvc1902-vsva2197-2mp-e-s specified in board_part file is either invalid or not available
WARNING: [Board 49-26] cannot add Board Part xilinx.com:vck190_newl:part0:1.2 available at /home/cbt22/Xilinx/2025.2/data/xhub/boards/XilinxBoardStore/boards/Xilinx/vck190_newl/production/1.2/board.xml as part xcvc1902-vsva2197-2mp-e-s specified in board_part file is either invalid or not available
WARNING: [Board 49-26] cannot add Board Part xilinx.com:vck190_newl:part0:1.3 available at /home/cbt22/Xilinx/2025.2/data/xhub/boards/XilinxBoardStore/boards/Xilinx/vck190_newl/production/1.3/board.xml as part xcvc1902-vsva2197-2mp-e-s specified in board_part file is either invalid or not available
WARNING: [Board 49-26] cannot add Board Part xilinx.com:vcu108:part0:1.6 available at /home/cbt22/Xilinx/2025.2/data/xhub/boards/XilinxBoardStore/boards/Xilinx/vcu108/1.6/board.xml as part xcvu095-ffva2104-2-e specified in board_part file is either invalid or not available
WARNING: [Board 49-26] cannot add Board Part xilinx.com:vcu108:part0:1.7 available at /home/cbt22/Xilinx/2025.2/data/xhub/boards/XilinxBoardStore/boards/Xilinx/vcu108/1.7/board.xml as part xcvu095-ffva2104-2-e specified in board_part file is either invalid or not available
WARNING: [Board 49-26] cannot add Board Part xilinx.com:vcu110:part0:1.4 available at /home/cbt22/Xilinx/2025.2/data/xhub/boards/XilinxBoardStore/boards/Xilinx/vcu110/1.4/board.xml as part xcvu190-flgc2104-2-e specified in board_part file is either invalid or not available
WARNING: [Board 49-26] cannot add Board Part xilinx.com:vcu118:part0:2.0 available at /home/cbt22/Xilinx/2025.2/data/xhub/boards/XilinxBoardStore/boards/Xilinx/vcu118/2.0/board.xml as part xcvu9p-flga2104-2l-e specified in board_part file is either invalid or not available
WARNING: [Board 49-26] cannot add Board Part xilinx.com:vcu118:part0:2.3 available at /home/cbt22/Xilinx/2025.2/data/xhub/boards/XilinxBoardStore/boards/Xilinx/vcu118/2.3/board.xml as part xcvu9p-flga2104-2l-e specified in board_part file is either invalid or not available
WARNING: [Board 49-26] cannot add Board Part xilinx.com:vcu118:part0:2.4 available at /home/cbt22/Xilinx/2025.2/data/xhub/boards/XilinxBoardStore/boards/Xilinx/vcu118/2.4/board.xml as part xcvu9p-flga2104-2l-e specified in board_part file is either invalid or not available
WARNING: [Board 49-26] cannot add Board Part xilinx.com:vcu128:part0:1.0 available at /home/cbt22/Xilinx/2025.2/data/xhub/boards/XilinxBoardStore/boards/Xilinx/vcu128/production/1.0/board.xml as part xcvu37p-fsvh2892-2l-e specified in board_part file is either invalid or not available
WARNING: [Board 49-26] cannot add Board Part xilinx.com:vcu129:part0:1.0 available at /home/cbt22/Xilinx/2025.2/data/xhub/boards/XilinxBoardStore/boards/Xilinx/vcu129/production/1.0/board.xml as part xcvu29p-fsga2577-2l-e specified in board_part file is either invalid or not available
WARNING: [Board 49-26] cannot add Board Part xilinx.com:vcu1525:part0:1.3 available at /home/cbt22/Xilinx/2025.2/data/xhub/boards/XilinxBoardStore/boards/Xilinx/vcu1525/1.3/board.xml as part xcvu9p-fsgd2104-2l-e specified in board_part file is either invalid or not available
WARNING: [Board 49-26] cannot add Board Part xilinx.com:vek280:part0:1.0 available at /home/cbt22/Xilinx/2025.2/data/xhub/boards/XilinxBoardStore/boards/Xilinx/vek280/production/1.0/board.xml as part xcve2802-vsvh1760-2mp-e-s specified in board_part file is either invalid or not available
WARNING: [Board 49-26] cannot add Board Part xilinx.com:vek280:part0:1.1 available at /home/cbt22/Xilinx/2025.2/data/xhub/boards/XilinxBoardStore/boards/Xilinx/vek280/production/1.1/board.xml as part xcve2802-vsvh1760-2mp-e-s specified in board_part file is either invalid or not available
WARNING: [Board 49-26] cannot add Board Part xilinx.com:vek280:part0:1.2 available at /home/cbt22/Xilinx/2025.2/data/xhub/boards/XilinxBoardStore/boards/Xilinx/vek280/production/1.2/board.xml as part xcve2802-vsvh1760-2mp-e-s specified in board_part file is either invalid or not available
WARNING: [Board 49-26] cannot add Board Part xilinx.com:vek385:part0:1.0 available at /home/cbt22/Xilinx/2025.2/data/xhub/boards/XilinxBoardStore/boards/Xilinx/vek385/1.0/board.xml as part xc2ve3858-ssva2112-2mp-e-s specified in board_part file is either invalid or not available
WARNING: [Board 49-26] cannot add Board Part xilinx.com:vek385:part0:1.1 available at /home/cbt22/Xilinx/2025.2/data/xhub/boards/XilinxBoardStore/boards/Xilinx/vek385/1.1/board.xml as part xc2ve3858-ssva2112-2mp-e-s specified in board_part file is either invalid or not available
WARNING: [Board 49-26] cannot add Board Part xilinx.com:vek385_1:part0:1.0 available at /home/cbt22/Xilinx/2025.2/data/xhub/boards/XilinxBoardStore/boards/Xilinx/vek385_2/1.0/board.xml as part xc2ve3858-ssva2112-2mp-e-s specified in board_part file is either invalid or not available
WARNING: [Board 49-26] cannot add Board Part xilinx.com:vermeo_t1_rfsoc:part0:1.0 available at /home/cbt22/Xilinx/2025.2/data/xhub/boards/XilinxBoardStore/boards/Xilinx/vermeo_t1_rfsoc/1.0/board.xml as part xczu21dr-ffvd1156-2l-e specified in board_part file is either invalid or not available
WARNING: [Board 49-26] cannot add Board Part xilinx.com:vhk158:part0:1.0 available at /home/cbt22/Xilinx/2025.2/data/xhub/boards/XilinxBoardStore/boards/Xilinx/vhk158/production/1.0/board.xml as part xcvh1582-vsva3697-2mp-e-s specified in board_part file is either invalid or not available
WARNING: [Board 49-26] cannot add Board Part xilinx.com:vhk158:part0:1.1 available at /home/cbt22/Xilinx/2025.2/data/xhub/boards/XilinxBoardStore/boards/Xilinx/vhk158/production/1.1/board.xml as part xcvh1582-vsva3697-2mp-e-s specified in board_part file is either invalid or not available
WARNING: [Board 49-26] cannot add Board Part xilinx.com:vhk158:part0:1.2 available at /home/cbt22/Xilinx/2025.2/data/xhub/boards/XilinxBoardStore/boards/Xilinx/vhk158/production/1.2/board.xml as part xcvh1582-vsva3697-2mp-e-s specified in board_part file is either invalid or not available
WARNING: [Board 49-26] cannot add Board Part xilinx.com:vmk180:part0:2.2 available at /home/cbt22/Xilinx/2025.2/data/xhub/boards/XilinxBoardStore/boards/Xilinx/vmk180/production/2.2/board.xml as part xcvm1802-vsva2197-2mp-e-s specified in board_part file is either invalid or not available
WARNING: [Board 49-26] cannot add Board Part xilinx.com:vmk180:part0:3.0 available at /home/cbt22/Xilinx/2025.2/data/xhub/boards/XilinxBoardStore/boards/Xilinx/vmk180/production/3.0/board.xml as part xcvm1802-vsva2197-2mp-e-s specified in board_part file is either invalid or not available
WARNING: [Board 49-26] cannot add Board Part xilinx.com:vmk180:part0:3.1 available at /home/cbt22/Xilinx/2025.2/data/xhub/boards/XilinxBoardStore/boards/Xilinx/vmk180/production/3.1/board.xml as part xcvm1802-vsva2197-2mp-e-s specified in board_part file is either invalid or not available
WARNING: [Board 49-26] cannot add Board Part xilinx.com:vmk180:part0:3.2 available at /home/cbt22/Xilinx/2025.2/data/xhub/boards/XilinxBoardStore/boards/Xilinx/vmk180/production/3.2/board.xml as part xcvm1802-vsva2197-2mp-e-s specified in board_part file is either invalid or not available
WARNING: [Board 49-26] cannot add Board Part xilinx.com:vmk180:part0:3.3 available at /home/cbt22/Xilinx/2025.2/data/xhub/boards/XilinxBoardStore/boards/Xilinx/vmk180/production/3.3/board.xml as part xcvm1802-vsva2197-2mp-e-s specified in board_part file is either invalid or not available
WARNING: [Board 49-26] cannot add Board Part xilinx.com:vmk180_newl:part0:1.0 available at /home/cbt22/Xilinx/2025.2/data/xhub/boards/XilinxBoardStore/boards/Xilinx/vmk180_newl/production/1.0/board.xml as part xcvm1802-vsva2197-2mp-e-s specified in board_part file is either invalid or not available
WARNING: [Board 49-26] cannot add Board Part xilinx.com:vmk180_newl:part0:1.1 available at /home/cbt22/Xilinx/2025.2/data/xhub/boards/XilinxBoardStore/boards/Xilinx/vmk180_newl/production/1.1/board.xml as part xcvm1802-vsva2197-2mp-e-s specified in board_part file is either invalid or not available
WARNING: [Board 49-26] cannot add Board Part xilinx.com:vpk120:part0:1.0 available at /home/cbt22/Xilinx/2025.2/data/xhub/boards/XilinxBoardStore/boards/Xilinx/vpk120/production/1.0/board.xml as part xcvp1202-vsva2785-2mp-e-s specified in board_part file is either invalid or not available
WARNING: [Board 49-26] cannot add Board Part xilinx.com:vpk120:part0:1.1 available at /home/cbt22/Xilinx/2025.2/data/xhub/boards/XilinxBoardStore/boards/Xilinx/vpk120/production/1.1/board.xml as part xcvp1202-vsva2785-2mp-e-s specified in board_part file is either invalid or not available
WARNING: [Board 49-26] cannot add Board Part xilinx.com:vpk120:part0:1.2 available at /home/cbt22/Xilinx/2025.2/data/xhub/boards/XilinxBoardStore/boards/Xilinx/vpk120/production/1.2/board.xml as part xcvp1202-vsva2785-2mp-e-s specified in board_part file is either invalid or not available
WARNING: [Board 49-26] cannot add Board Part xilinx.com:vpk180:part0:1.0 available at /home/cbt22/Xilinx/2025.2/data/xhub/boards/XilinxBoardStore/boards/Xilinx/vpk180/production/1.0/board.xml as part xcvp1802-lsvc4072-2mp-e-s specified in board_part file is either invalid or not available
WARNING: [Board 49-26] cannot add Board Part xilinx.com:vpk180:part0:1.1 available at /home/cbt22/Xilinx/2025.2/data/xhub/boards/XilinxBoardStore/boards/Xilinx/vpk180/production/1.1/board.xml as part xcvp1802-lsvc4072-2mp-e-s specified in board_part file is either invalid or not available
WARNING: [Board 49-26] cannot add Board Part xilinx.com:vpk180:part0:1.2 available at /home/cbt22/Xilinx/2025.2/data/xhub/boards/XilinxBoardStore/boards/Xilinx/vpk180/production/1.2/board.xml as part xcvp1802-lsvc4072-2mp-e-s specified in board_part file is either invalid or not available
WARNING: [Board 49-26] cannot add Board Part xilinx.com:vrk160:part0:1.0 available at /home/cbt22/Xilinx/2025.2/data/xhub/boards/XilinxBoardStore/boards/Xilinx/vrk160/1.0/board.xml as part xcvr1602-vsva2488-2mp-e-s-es1 specified in board_part file is either invalid or not available
WARNING: [Board 49-26] cannot add Board Part xilinx.com:vrk160:part0:1.1 available at /home/cbt22/Xilinx/2025.2/data/xhub/boards/XilinxBoardStore/boards/Xilinx/vrk160/1.1/board.xml as part xcvr1602-vsva2488-2mp-e-s-es1 specified in board_part file is either invalid or not available
WARNING: [Board 49-26] cannot add Board Part xilinx.com:zc702:part0:1.4 available at /home/cbt22/Xilinx/2025.2/data/xhub/boards/XilinxBoardStore/boards/Xilinx/zc702/1.4/board.xml as part xc7z020clg484-1 specified in board_part file is either invalid or not available
WARNING: [Board 49-26] cannot add Board Part xilinx.com:zc706:part0:1.4 available at /home/cbt22/Xilinx/2025.2/data/xhub/boards/XilinxBoardStore/boards/Xilinx/zc706/1.4/board.xml as part xc7z045ffg900-2 specified in board_part file is either invalid or not available
WARNING: [Board 49-26] cannot add Board Part xilinx.com:zc706:part0:1.5 available at /home/cbt22/Xilinx/2025.2/data/xhub/boards/XilinxBoardStore/boards/Xilinx/zc706/1.5/board.xml as part xc7z045ffg900-2 specified in board_part file is either invalid or not available
WARNING: [Board 49-26] cannot add Board Part xilinx.com:zcu111:part0:1.2 available at /home/cbt22/Xilinx/2025.2/data/xhub/boards/XilinxBoardStore/boards/Xilinx/zcu111/1.2/board.xml as part xczu28dr-ffvg1517-2-e specified in board_part file is either invalid or not available
WARNING: [Board 49-26] cannot add Board Part xilinx.com:zcu111:part0:1.3 available at /home/cbt22/Xilinx/2025.2/data/xhub/boards/XilinxBoardStore/boards/Xilinx/zcu111/1.3/board.xml as part xczu28dr-ffvg1517-2-e specified in board_part file is either invalid or not available
WARNING: [Board 49-26] cannot add Board Part xilinx.com:zcu111:part0:1.4 available at /home/cbt22/Xilinx/2025.2/data/xhub/boards/XilinxBoardStore/boards/Xilinx/zcu111/1.4/board.xml as part xczu28dr-ffvg1517-2-e specified in board_part file is either invalid or not available
WARNING: [Board 49-26] cannot add Board Part xilinx.com:zcu1275:part0:1.0 available at /home/cbt22/Xilinx/2025.2/data/xhub/boards/XilinxBoardStore/boards/Xilinx/zcu1275/1.0/board.xml as part xczu29dr-ffvf1760-2-e specified in board_part file is either invalid or not available
WARNING: [Board 49-26] cannot add Board Part xilinx.com:zcu1285:part0:1.0 available at /home/cbt22/Xilinx/2025.2/data/xhub/boards/XilinxBoardStore/boards/Xilinx/zcu1285/1.0/board.xml as part xczu39dr-ffvf1760-2-i specified in board_part file is either invalid or not available
WARNING: [Board 49-26] cannot add Board Part xilinx.com:zcu208:part0:2.0 available at /home/cbt22/Xilinx/2025.2/data/xhub/boards/XilinxBoardStore/boards/Xilinx/zcu208/production/2.0/board.xml as part xczu48dr-fsvg1517-2-e specified in board_part file is either invalid or not available
WARNING: [Board 49-26] cannot add Board Part xilinx.com:zcu208ld:part0:2.0 available at /home/cbt22/Xilinx/2025.2/data/xhub/boards/XilinxBoardStore/boards/Xilinx/zcu208ld/production/2.0/board.xml as part xczu58dr-fsvg1517-2-i specified in board_part file is either invalid or not available
WARNING: [Board 49-26] cannot add Board Part xilinx.com:zcu216:part0:2.0 available at /home/cbt22/Xilinx/2025.2/data/xhub/boards/XilinxBoardStore/boards/Xilinx/zcu216/production/2.0/board.xml as part xczu49dr-ffvf1760-2-e specified in board_part file is either invalid or not available
WARNING: [Board 49-26] cannot add Board Part xilinx.com:zcu216ld:part0:2.0 available at /home/cbt22/Xilinx/2025.2/data/xhub/boards/XilinxBoardStore/boards/Xilinx/zcu216ld/production/2.0/board.xml as part xczu59dr-ffvf1760-2-i specified in board_part file is either invalid or not available
WARNING: [Board 49-26] cannot add Board Part xilinx.com:zcu670:part0:2.0 available at /home/cbt22/Xilinx/2025.2/data/xhub/boards/XilinxBoardStore/boards/Xilinx/zcu670/2.0/board.xml as part xczu67dr-fsve1156-2-i specified in board_part file is either invalid or not available
WARNING: [Board 49-26] cannot add Board Part xilinx.com:zcu670ld:part0:1.0 available at /home/cbt22/Xilinx/2025.2/data/xhub/boards/XilinxBoardStore/boards/Xilinx/zcu670ld/1.0/board.xml as part xczu57dr-fsve1156-2-i specified in board_part file is either invalid or not available
INFO: [IP_Flow 19-234] Refreshing IP repositories
INFO: [IP_Flow 19-1704] No user IP repositories specified
INFO: [IP_Flow 19-2313] Loaded Vivado IP repository '/home/cbt22/Xilinx/2025.2/data/ip'.
WARNING: [IP_Flow 19-12246] XCI file '/home/cbt22/code/code_fyp/VisionSoC/fpga/build/t1_mudkip2d128big1bram1chain2lanescale_fpga_maskopt_system/t1_mudkip2d128big1bram1chain2lanescale_fpga_maskopt_system.srcs/sources_1/bd/system_top/ip/system_top_axis_subset_converter_cap_0/system_top_axis_subset_converter_cap_0.xci' contents have changed since it was last written.
INFO: [Project 1-5698] Found the below utility IPs instantiated in block design /home/cbt22/code/code_fyp/VisionSoC/fpga/build/t1_mudkip2d128big1bram1chain2lanescale_fpga_maskopt_system/t1_mudkip2d128big1bram1chain2lanescale_fpga_maskopt_system.srcs/sources_1/bd/system_top/system_top.bd which have equivalent inline hdl with improved performance and reduced diskspace.
It is recommended to migrate these utility IPs to inline hdl  using the command upgrade_project -migrate_to_inline_hdl.  The utility IPs may be deprecated in future releases.
More information on inline hdl is available in UG994.
Utility IP Component Instances:
 system_top_irq_concat_0
system_top_ap1302_standby_const_0
system_top_ap1302_rst_slice_0
open_project: Time (s): cpu = 00:00:29 ; elapsed = 00:00:17 . Memory (MB): peak = 1658.992 ; gain = 97.711 ; free physical = 48291 ; free virtual = 115754
# set_msg_config -severity {WARNING} -limit 0
# set_msg_config -severity {INFO} -limit 0
# set_msg_config -severity {STATUS} -limit 0
# set_property STEPS.SYNTH_DESIGN.ARGS.FLATTEN_HIERARCHY none [get_runs synth_1]
# launch_runs synth_1 -jobs [exec nproc]
INFO: [PSU-0] Address Range of DDR (0x7ff00000 to 0x7fffffff) is reserved by PMU for internal purpose.
launch_runs: Time (s): cpu = 00:01:42 ; elapsed = 00:01:49 . Memory (MB): peak = 2643.625 ; gain = 984.633 ; free physical = 47968 ; free virtual = 115487
# wait_on_run synth_1

*** Running vivado
    with args -log system_top_wrapper.vds -m64 -product Vivado -mode batch -messageDb vivado.pb -notrace -source system_top_wrapper.tcl


****** Vivado v2025.2 (64-bit)
  **** SW Build 6299465 on Fri Nov 14 12:34:56 MST 2025
  **** IP Build 6300035 on Fri Nov 14 10:48:45 MST 2025
  **** SharedData Build 6298862 on Thu Nov 13 04:50:51 MST 2025
  **** Start of session at: Mon May 18 06:15:23 2026
    ** Copyright 1986-2022 Xilinx, Inc. All Rights Reserved.
    ** Copyright 2022-2025 Advanced Micro Devices, Inc. All Rights Reserved.

source system_top_wrapper.tcl -notrace
add_files: Time (s): cpu = 00:00:18 ; elapsed = 00:00:19 . Memory (MB): peak = 1674.086 ; gain = 57.164 ; free physical = 46963 ; free virtual = 114877
---------------------------------------------------------------------------------
Starting RTL Elaboration : Time (s): cpu = 00:00:09 ; elapsed = 00:00:09 . Memory (MB): peak = 2857.617 ; gain = 141.688 ; free physical = 45607 ; free virtual = 113521
---------------------------------------------------------------------------------
---------------------------------------------------------------------------------
Finished RTL Elaboration : Time (s): cpu = 00:00:13 ; elapsed = 00:00:14 . Memory (MB): peak = 2961.555 ; gain = 245.625 ; free physical = 45487 ; free virtual = 113402
---------------------------------------------------------------------------------
Finished Handling Custom Attributes : Time (s): cpu = 00:00:13 ; elapsed = 00:00:14 . Memory (MB): peak = 2961.555 ; gain = 245.625 ; free physical = 45487 ; free virtual = 113402
Finished RTL Optimization Phase 1 : Time (s): cpu = 00:00:13 ; elapsed = 00:00:14 . Memory (MB): peak = 2961.555 ; gain = 245.625 ; free physical = 45487 ; free virtual = 113402
Netlist sorting complete. Time (s): cpu = 00:00:00.03 ; elapsed = 00:00:00.03 . Memory (MB): peak = 2961.555 ; gain = 0.000 ; free physical = 45487 ; free virtual = 113402
create_clock: Time (s): cpu = 00:00:11 ; elapsed = 00:00:11 . Memory (MB): peak = 3059.633 ; gain = 0.000 ; free physical = 45471 ; free virtual = 113386
Netlist sorting complete. Time (s): cpu = 00:00:00 ; elapsed = 00:00:00 . Memory (MB): peak = 3059.633 ; gain = 0.000 ; free physical = 45470 ; free virtual = 113385
Constraint Validation Runtime : Time (s): cpu = 00:00:00.03 ; elapsed = 00:00:00.03 . Memory (MB): peak = 3059.668 ; gain = 0.000 ; free physical = 45470 ; free virtual = 113385
Finished Constraint Validation : Time (s): cpu = 00:00:38 ; elapsed = 00:00:40 . Memory (MB): peak = 3059.668 ; gain = 343.738 ; free physical = 45464 ; free virtual = 113379
Finished Loading Part and Timing Information : Time (s): cpu = 00:00:38 ; elapsed = 00:00:40 . Memory (MB): peak = 3071.844 ; gain = 355.914 ; free physical = 45464 ; free virtual = 113379
Finished applying 'set_property' XDC Constraints : Time (s): cpu = 00:00:38 ; elapsed = 00:00:40 . Memory (MB): peak = 3071.844 ; gain = 355.914 ; free physical = 45464 ; free virtual = 113379
Finished RTL Optimization Phase 2 : Time (s): cpu = 00:00:39 ; elapsed = 00:00:41 . Memory (MB): peak = 3071.844 ; gain = 355.914 ; free physical = 45462 ; free virtual = 113378
Finished Cross Boundary and Area Optimization : Time (s): cpu = 00:00:42 ; elapsed = 00:00:43 . Memory (MB): peak = 3071.844 ; gain = 355.914 ; free physical = 45457 ; free virtual = 113379
Finished Applying XDC Timing Constraints : Time (s): cpu = 00:00:59 ; elapsed = 00:01:03 . Memory (MB): peak = 3697.430 ; gain = 981.500 ; free physical = 44909 ; free virtual = 112831
Finished Timing Optimization : Time (s): cpu = 00:00:59 ; elapsed = 00:01:03 . Memory (MB): peak = 3698.430 ; gain = 982.500 ; free physical = 44908 ; free virtual = 112830
Finished Technology Mapping : Time (s): cpu = 00:00:59 ; elapsed = 00:01:03 . Memory (MB): peak = 3712.195 ; gain = 996.266 ; free physical = 44893 ; free virtual = 112815
Finished IO Insertion : Time (s): cpu = 00:01:07 ; elapsed = 00:01:11 . Memory (MB): peak = 3904.008 ; gain = 1188.078 ; free physical = 44729 ; free virtual = 112651
Finished Renaming Generated Instances : Time (s): cpu = 00:01:07 ; elapsed = 00:01:11 . Memory (MB): peak = 3904.008 ; gain = 1188.078 ; free physical = 44729 ; free virtual = 112651
Finished Handling Custom Attributes : Time (s): cpu = 00:01:07 ; elapsed = 00:01:11 . Memory (MB): peak = 3904.008 ; gain = 1188.078 ; free physical = 44729 ; free virtual = 112651

Report Cell Usage: 
+------+-------------------------------------+------+
|      |Cell                                 |Count |
+------+-------------------------------------+------+
|1     |system_top_axi_dma                   |     1|
|2     |system_top_axi_reg_slice_hb          |     1|
|3     |system_top_axis_data_fifo_cap        |     1|
|4     |system_top_axis_reg_slice_dma        |     1|
|5     |system_top_axis_subset_converter_cap |     1|
|6     |system_top_bram                      |     1|
|7     |system_top_bram_ctrl                 |     1|
|8     |system_top_clk_wiz_0                 |     1|
|9     |system_top_mipi_csi2_rx              |     1|
|10    |system_top_proc_sys_reset_100M       |     1|
|11    |system_top_proc_sys_reset_300M       |     1|
|12    |system_top_proc_sys_reset            |     1|
|13    |system_top_sensor_iic                |     1|
|14    |system_top_smartconnect_ctrl         |     1|
|15    |system_top_smartconnect_hb           |     1|
|16    |system_top_smartconnect_idx          |     1|
|17    |system_top_smartconnect_lpd          |     1|
|18    |system_top_smartconnect_video        |     1|
|19    |system_top_t1_top                    |     1|
|20    |system_top_v_frmbuf_wr               |     1|
|21    |system_top_zynq_ps                   |     1|
|22    |IOBUF                                |     2|
|23    |OBUF                                 |     2|
+------+-------------------------------------+------+
Finished Writing Synthesis Report : Time (s): cpu = 00:01:07 ; elapsed = 00:01:11 . Memory (MB): peak = 3904.008 ; gain = 1188.078 ; free physical = 44729 ; free virtual = 112651
Netlist sorting complete. Time (s): cpu = 00:00:00.03 ; elapsed = 00:00:00.03 . Memory (MB): peak = 3904.008 ; gain = 0.000 ; free physical = 44896 ; free virtual = 112818
Netlist sorting complete. Time (s): cpu = 00:00:00 ; elapsed = 00:00:00 . Memory (MB): peak = 3904.008 ; gain = 0.000 ; free physical = 44893 ; free virtual = 112816
synth_design: Time (s): cpu = 00:01:31 ; elapsed = 00:01:35 . Memory (MB): peak = 3904.008 ; gain = 2229.922 ; free physical = 44893 ; free virtual = 112815
Write ShapeDB Complete: Time (s): cpu = 00:00:00 ; elapsed = 00:00:00 . Memory (MB): peak = 3904.008 ; gain = 0.000 ; free physical = 44893 ; free virtual = 112815
wait_on_runs: Time (s): cpu = 01:27:14 ; elapsed = 00:18:42 . Memory (MB): peak = 2643.625 ; gain = 0.000 ; free physical = 47534 ; free virtual = 115448
# if {[get_property STATUS [get_runs synth_1]] != "synth_design Complete!"} {
#     puts "ERROR: Synthesis failed"
#     exit 1
# }
# puts "Synthesis completed successfully."
Synthesis completed successfully.
# open_run synth_1
Netlist sorting complete. Time (s): cpu = 00:00:03 ; elapsed = 00:00:03 . Memory (MB): peak = 2933.055 ; gain = 0.000 ; free physical = 46609 ; free virtual = 114524
create_clock: Time (s): cpu = 00:00:11 ; elapsed = 00:00:11 . Memory (MB): peak = 3134.977 ; gain = 25.219 ; free physical = 46483 ; free virtual = 114398
get_clocks: Time (s): cpu = 00:01:02 ; elapsed = 00:00:33 . Memory (MB): peak = 4293.633 ; gain = 1060.969 ; free physical = 45526 ; free virtual = 113440
Netlist sorting complete. Time (s): cpu = 00:00:00.15 ; elapsed = 00:00:00.15 . Memory (MB): peak = 4293.633 ; gain = 0.000 ; free physical = 45522 ; free virtual = 113436
open_run: Time (s): cpu = 00:03:04 ; elapsed = 00:02:28 . Memory (MB): peak = 4293.668 ; gain = 1650.043 ; free physical = 45522 ; free virtual = 113436
# report_utilization -hierarchical -hierarchical_depth 20 -file /home/cbt22/code/code_fyp/VisionSoC/fpga/build/mudkip2d128big1bram1chain2lanescale_fpga_maskopt-20260518-055430/utilization_synth.rpt
report_utilization: Time (s): cpu = 00:00:06 ; elapsed = 00:00:07 . Memory (MB): peak = 4293.668 ; gain = 0.000 ; free physical = 45519 ; free virtual = 113434
# report_timing_summary -file /home/cbt22/code/code_fyp/VisionSoC/fpga/build/mudkip2d128big1bram1chain2lanescale_fpga_maskopt-20260518-055430/timing_synth.rpt
report_timing_summary: Time (s): cpu = 00:04:16 ; elapsed = 00:01:16 . Memory (MB): peak = 5262.531 ; gain = 968.863 ; free physical = 44499 ; free virtual = 112413
Synthesis reports saved to /home/cbt22/code/code_fyp/VisionSoC/fpga/build/mudkip2d128big1bram1chain2lanescale_fpga_maskopt-20260518-055430/
  - utilization_synth.rpt
  - timing_synth.rpt

Running implementation and bitstream generation...

****** Vivado v2025.2 (64-bit)
  **** SW Build 6299465 on Fri Nov 14 12:34:56 MST 2025
  **** IP Build 6300035 on Fri Nov 14 10:48:45 MST 2025
  **** SharedData Build 6298862 on Thu Nov 13 04:50:51 MST 2025
  **** Start of session at: Mon May 18 06:21:29 2026
    ** Copyright 1986-2022 Xilinx, Inc. All Rights Reserved.
    ** Copyright 2022-2025 Advanced Micro Devices, Inc. All Rights Reserved.

source /dev/stdin
# open_project /home/cbt22/code/code_fyp/VisionSoC/fpga/build/t1_mudkip2d128big1bram1chain2lanescale_fpga_maskopt_system/t1_mudkip2d128big1bram1chain2lanescale_fpga_maskopt_system.xpr
Scanning sources...
Finished scanning sources
WARNING: [Board 49-26] cannot add Board Part xilinx.com:ac701:part0:1.4 available at /home/cbt22/Xilinx/2025.2/data/xhub/boards/XilinxBoardStore/boards/Xilinx/ac701/1.4/board.xml as part xc7a200tfbg676-2 specified in board_part file is either invalid or not available
WARNING: [Board 49-26] cannot add Board Part xilinx.com:emb-plus-vpr-4616:part0:1.0 available at /home/cbt22/Xilinx/2025.2/data/xhub/boards/XilinxBoardStore/boards/Xilinx/emb-plus-vpr-4616/1.0/board.xml as part xcve2302-sfva784-2mp-e-s specified in board_part file is either invalid or not available
WARNING: [Board 49-26] cannot add Board Part xilinx.com:emb-plus-vpr-4616:part0:1.1 available at /home/cbt22/Xilinx/2025.2/data/xhub/boards/XilinxBoardStore/boards/Xilinx/emb-plus-vpr-4616/1.1/board.xml as part xcve2302-sfva784-2mp-e-s specified in board_part file is either invalid or not available
WARNING: [Board 49-26] cannot add Board Part xilinx.com:kc705:part0:1.6 available at /home/cbt22/Xilinx/2025.2/data/xhub/boards/XilinxBoardStore/boards/Xilinx/kc705/1.6/board.xml as part xc7k325tffg900-2 specified in board_part file is either invalid or not available
WARNING: [Board 49-26] cannot add Board Part xilinx.com:kc705:part0:1.7 available at /home/cbt22/Xilinx/2025.2/data/xhub/boards/XilinxBoardStore/boards/Xilinx/kc705/1.7/board.xml as part xc7k325tffg900-2 specified in board_part file is either invalid or not available
WARNING: [Board 49-26] cannot add Board Part xilinx.com:kcu105:part0:1.6 available at /home/cbt22/Xilinx/2025.2/data/xhub/boards/XilinxBoardStore/boards/Xilinx/kcu105/1.6/board.xml as part xcku040-ffva1156-2-e specified in board_part file is either invalid or not available
WARNING: [Board 49-26] cannot add Board Part xilinx.com:kcu105:part0:1.7 available at /home/cbt22/Xilinx/2025.2/data/xhub/boards/XilinxBoardStore/boards/Xilinx/kcu105/1.7/board.xml as part xcku040-ffva1156-2-e specified in board_part file is either invalid or not available
WARNING: [Board 49-26] cannot add Board Part xilinx.com:kcu116:part0:1.4 available at /home/cbt22/Xilinx/2025.2/data/xhub/boards/XilinxBoardStore/boards/Xilinx/kcu116/1.4/board.xml as part xcku5p-ffvb676-2-e specified in board_part file is either invalid or not available
WARNING: [Board 49-26] cannot add Board Part xilinx.com:kcu116:part0:1.5 available at /home/cbt22/Xilinx/2025.2/data/xhub/boards/XilinxBoardStore/boards/Xilinx/kcu116/1.5/board.xml as part xcku5p-ffvb676-2-e specified in board_part file is either invalid or not available
WARNING: [Board 49-26] cannot add Board Part xilinx.com:kcu1500:part0:1.2 available at /home/cbt22/Xilinx/2025.2/data/xhub/boards/XilinxBoardStore/boards/Xilinx/kcu1500/1.2/board.xml as part xcku115-flvb2104-2-e specified in board_part file is either invalid or not available
WARNING: [Board 49-26] cannot add Board Part xilinx.com:scu35:part0:1.0 available at /home/cbt22/Xilinx/2025.2/data/xhub/boards/XilinxBoardStore/boards/Xilinx/scu35/1.0/board.xml as part xcsu35p-sbvb625-2-e specified in board_part file is either invalid or not available
WARNING: [Board 49-26] cannot add Board Part xilinx.com:sp701:part0:1.0 available at /home/cbt22/Xilinx/2025.2/data/xhub/boards/XilinxBoardStore/boards/Xilinx/sp701/1.0/board.xml as part xc7s100fgga676-2 specified in board_part file is either invalid or not available
WARNING: [Board 49-26] cannot add Board Part xilinx.com:sp701:part0:1.1 available at /home/cbt22/Xilinx/2025.2/data/xhub/boards/XilinxBoardStore/boards/Xilinx/sp701/1.1/board.xml as part xc7s100fgga676-2 specified in board_part file is either invalid or not available
WARNING: [Board 49-26] cannot add Board Part xilinx.com:v80:part0:1.0 available at /home/cbt22/Xilinx/2025.2/data/xhub/boards/XilinxBoardStore/boards/Xilinx/v80/1.0/board.xml as part xcv80-lsva4737-2mhp-e-s specified in board_part file is either invalid or not available
WARNING: [Board 49-26] cannot add Board Part xilinx.com:vc707:part0:1.4 available at /home/cbt22/Xilinx/2025.2/data/xhub/boards/XilinxBoardStore/boards/Xilinx/vc707/1.4/board.xml as part xc7vx485tffg1761-2 specified in board_part file is either invalid or not available
WARNING: [Board 49-26] cannot add Board Part xilinx.com:vc707:part0:1.5 available at /home/cbt22/Xilinx/2025.2/data/xhub/boards/XilinxBoardStore/boards/Xilinx/vc707/1.5/board.xml as part xc7vx485tffg1761-2 specified in board_part file is either invalid or not available
WARNING: [Board 49-26] cannot add Board Part xilinx.com:vc709:part0:1.8 available at /home/cbt22/Xilinx/2025.2/data/xhub/boards/XilinxBoardStore/boards/Xilinx/vc709/1.8/board.xml as part xc7vx690tffg1761-2 specified in board_part file is either invalid or not available
WARNING: [Board 49-26] cannot add Board Part xilinx.com:vck190:part0:2.2 available at /home/cbt22/Xilinx/2025.2/data/xhub/boards/XilinxBoardStore/boards/Xilinx/vck190/production/2.2/board.xml as part xcvc1902-vsva2197-2mp-e-s specified in board_part file is either invalid or not available
WARNING: [Board 49-26] cannot add Board Part xilinx.com:vck190:part0:3.0 available at /home/cbt22/Xilinx/2025.2/data/xhub/boards/XilinxBoardStore/boards/Xilinx/vck190/production/3.0/board.xml as part xcvc1902-vsva2197-2mp-e-s specified in board_part file is either invalid or not available
WARNING: [Board 49-26] cannot add Board Part xilinx.com:vck190:part0:3.1 available at /home/cbt22/Xilinx/2025.2/data/xhub/boards/XilinxBoardStore/boards/Xilinx/vck190/production/3.1/board.xml as part xcvc1902-vsva2197-2mp-e-s specified in board_part file is either invalid or not available
WARNING: [Board 49-26] cannot add Board Part xilinx.com:vck190:part0:3.2 available at /home/cbt22/Xilinx/2025.2/data/xhub/boards/XilinxBoardStore/boards/Xilinx/vck190/production/3.2/board.xml as part xcvc1902-vsva2197-2mp-e-s specified in board_part file is either invalid or not available
WARNING: [Board 49-26] cannot add Board Part xilinx.com:vck190:part0:3.3 available at /home/cbt22/Xilinx/2025.2/data/xhub/boards/XilinxBoardStore/boards/Xilinx/vck190/production/3.3/board.xml as part xcvc1902-vsva2197-2mp-e-s specified in board_part file is either invalid or not available
WARNING: [Board 49-26] cannot add Board Part xilinx.com:vck190:part0:3.4 available at /home/cbt22/Xilinx/2025.2/data/xhub/boards/XilinxBoardStore/boards/Xilinx/vck190/production/3.4/board.xml as part xcvc1902-vsva2197-2mp-e-s specified in board_part file is either invalid or not available
WARNING: [Board 49-26] cannot add Board Part xilinx.com:vck190_newl:part0:1.0 available at /home/cbt22/Xilinx/2025.2/data/xhub/boards/XilinxBoardStore/boards/Xilinx/vck190_newl/production/1.0/board.xml as part xcvc1902-vsva2197-2mp-e-s specified in board_part file is either invalid or not available
WARNING: [Board 49-26] cannot add Board Part xilinx.com:vck190_newl:part0:1.1 available at /home/cbt22/Xilinx/2025.2/data/xhub/boards/XilinxBoardStore/boards/Xilinx/vck190_newl/production/1.1/board.xml as part xcvc1902-vsva2197-2mp-e-s specified in board_part file is either invalid or not available
WARNING: [Board 49-26] cannot add Board Part xilinx.com:vck190_newl:part0:1.2 available at /home/cbt22/Xilinx/2025.2/data/xhub/boards/XilinxBoardStore/boards/Xilinx/vck190_newl/production/1.2/board.xml as part xcvc1902-vsva2197-2mp-e-s specified in board_part file is either invalid or not available
WARNING: [Board 49-26] cannot add Board Part xilinx.com:vck190_newl:part0:1.3 available at /home/cbt22/Xilinx/2025.2/data/xhub/boards/XilinxBoardStore/boards/Xilinx/vck190_newl/production/1.3/board.xml as part xcvc1902-vsva2197-2mp-e-s specified in board_part file is either invalid or not available
WARNING: [Board 49-26] cannot add Board Part xilinx.com:vcu108:part0:1.6 available at /home/cbt22/Xilinx/2025.2/data/xhub/boards/XilinxBoardStore/boards/Xilinx/vcu108/1.6/board.xml as part xcvu095-ffva2104-2-e specified in board_part file is either invalid or not available
WARNING: [Board 49-26] cannot add Board Part xilinx.com:vcu108:part0:1.7 available at /home/cbt22/Xilinx/2025.2/data/xhub/boards/XilinxBoardStore/boards/Xilinx/vcu108/1.7/board.xml as part xcvu095-ffva2104-2-e specified in board_part file is either invalid or not available
WARNING: [Board 49-26] cannot add Board Part xilinx.com:vcu110:part0:1.4 available at /home/cbt22/Xilinx/2025.2/data/xhub/boards/XilinxBoardStore/boards/Xilinx/vcu110/1.4/board.xml as part xcvu190-flgc2104-2-e specified in board_part file is either invalid or not available
WARNING: [Board 49-26] cannot add Board Part xilinx.com:vcu118:part0:2.0 available at /home/cbt22/Xilinx/2025.2/data/xhub/boards/XilinxBoardStore/boards/Xilinx/vcu118/2.0/board.xml as part xcvu9p-flga2104-2l-e specified in board_part file is either invalid or not available
WARNING: [Board 49-26] cannot add Board Part xilinx.com:vcu118:part0:2.3 available at /home/cbt22/Xilinx/2025.2/data/xhub/boards/XilinxBoardStore/boards/Xilinx/vcu118/2.3/board.xml as part xcvu9p-flga2104-2l-e specified in board_part file is either invalid or not available
WARNING: [Board 49-26] cannot add Board Part xilinx.com:vcu118:part0:2.4 available at /home/cbt22/Xilinx/2025.2/data/xhub/boards/XilinxBoardStore/boards/Xilinx/vcu118/2.4/board.xml as part xcvu9p-flga2104-2l-e specified in board_part file is either invalid or not available
WARNING: [Board 49-26] cannot add Board Part xilinx.com:vcu128:part0:1.0 available at /home/cbt22/Xilinx/2025.2/data/xhub/boards/XilinxBoardStore/boards/Xilinx/vcu128/production/1.0/board.xml as part xcvu37p-fsvh2892-2l-e specified in board_part file is either invalid or not available
WARNING: [Board 49-26] cannot add Board Part xilinx.com:vcu129:part0:1.0 available at /home/cbt22/Xilinx/2025.2/data/xhub/boards/XilinxBoardStore/boards/Xilinx/vcu129/production/1.0/board.xml as part xcvu29p-fsga2577-2l-e specified in board_part file is either invalid or not available
WARNING: [Board 49-26] cannot add Board Part xilinx.com:vcu1525:part0:1.3 available at /home/cbt22/Xilinx/2025.2/data/xhub/boards/XilinxBoardStore/boards/Xilinx/vcu1525/1.3/board.xml as part xcvu9p-fsgd2104-2l-e specified in board_part file is either invalid or not available
WARNING: [Board 49-26] cannot add Board Part xilinx.com:vek280:part0:1.0 available at /home/cbt22/Xilinx/2025.2/data/xhub/boards/XilinxBoardStore/boards/Xilinx/vek280/production/1.0/board.xml as part xcve2802-vsvh1760-2mp-e-s specified in board_part file is either invalid or not available
WARNING: [Board 49-26] cannot add Board Part xilinx.com:vek280:part0:1.1 available at /home/cbt22/Xilinx/2025.2/data/xhub/boards/XilinxBoardStore/boards/Xilinx/vek280/production/1.1/board.xml as part xcve2802-vsvh1760-2mp-e-s specified in board_part file is either invalid or not available
WARNING: [Board 49-26] cannot add Board Part xilinx.com:vek280:part0:1.2 available at /home/cbt22/Xilinx/2025.2/data/xhub/boards/XilinxBoardStore/boards/Xilinx/vek280/production/1.2/board.xml as part xcve2802-vsvh1760-2mp-e-s specified in board_part file is either invalid or not available
WARNING: [Board 49-26] cannot add Board Part xilinx.com:vek385:part0:1.0 available at /home/cbt22/Xilinx/2025.2/data/xhub/boards/XilinxBoardStore/boards/Xilinx/vek385/1.0/board.xml as part xc2ve3858-ssva2112-2mp-e-s specified in board_part file is either invalid or not available
WARNING: [Board 49-26] cannot add Board Part xilinx.com:vek385:part0:1.1 available at /home/cbt22/Xilinx/2025.2/data/xhub/boards/XilinxBoardStore/boards/Xilinx/vek385/1.1/board.xml as part xc2ve3858-ssva2112-2mp-e-s specified in board_part file is either invalid or not available
WARNING: [Board 49-26] cannot add Board Part xilinx.com:vek385_1:part0:1.0 available at /home/cbt22/Xilinx/2025.2/data/xhub/boards/XilinxBoardStore/boards/Xilinx/vek385_2/1.0/board.xml as part xc2ve3858-ssva2112-2mp-e-s specified in board_part file is either invalid or not available
WARNING: [Board 49-26] cannot add Board Part xilinx.com:vermeo_t1_rfsoc:part0:1.0 available at /home/cbt22/Xilinx/2025.2/data/xhub/boards/XilinxBoardStore/boards/Xilinx/vermeo_t1_rfsoc/1.0/board.xml as part xczu21dr-ffvd1156-2l-e specified in board_part file is either invalid or not available
WARNING: [Board 49-26] cannot add Board Part xilinx.com:vhk158:part0:1.0 available at /home/cbt22/Xilinx/2025.2/data/xhub/boards/XilinxBoardStore/boards/Xilinx/vhk158/production/1.0/board.xml as part xcvh1582-vsva3697-2mp-e-s specified in board_part file is either invalid or not available
WARNING: [Board 49-26] cannot add Board Part xilinx.com:vhk158:part0:1.1 available at /home/cbt22/Xilinx/2025.2/data/xhub/boards/XilinxBoardStore/boards/Xilinx/vhk158/production/1.1/board.xml as part xcvh1582-vsva3697-2mp-e-s specified in board_part file is either invalid or not available
WARNING: [Board 49-26] cannot add Board Part xilinx.com:vhk158:part0:1.2 available at /home/cbt22/Xilinx/2025.2/data/xhub/boards/XilinxBoardStore/boards/Xilinx/vhk158/production/1.2/board.xml as part xcvh1582-vsva3697-2mp-e-s specified in board_part file is either invalid or not available
WARNING: [Board 49-26] cannot add Board Part xilinx.com:vmk180:part0:2.2 available at /home/cbt22/Xilinx/2025.2/data/xhub/boards/XilinxBoardStore/boards/Xilinx/vmk180/production/2.2/board.xml as part xcvm1802-vsva2197-2mp-e-s specified in board_part file is either invalid or not available
WARNING: [Board 49-26] cannot add Board Part xilinx.com:vmk180:part0:3.0 available at /home/cbt22/Xilinx/2025.2/data/xhub/boards/XilinxBoardStore/boards/Xilinx/vmk180/production/3.0/board.xml as part xcvm1802-vsva2197-2mp-e-s specified in board_part file is either invalid or not available
WARNING: [Board 49-26] cannot add Board Part xilinx.com:vmk180:part0:3.1 available at /home/cbt22/Xilinx/2025.2/data/xhub/boards/XilinxBoardStore/boards/Xilinx/vmk180/production/3.1/board.xml as part xcvm1802-vsva2197-2mp-e-s specified in board_part file is either invalid or not available
WARNING: [Board 49-26] cannot add Board Part xilinx.com:vmk180:part0:3.2 available at /home/cbt22/Xilinx/2025.2/data/xhub/boards/XilinxBoardStore/boards/Xilinx/vmk180/production/3.2/board.xml as part xcvm1802-vsva2197-2mp-e-s specified in board_part file is either invalid or not available
WARNING: [Board 49-26] cannot add Board Part xilinx.com:vmk180:part0:3.3 available at /home/cbt22/Xilinx/2025.2/data/xhub/boards/XilinxBoardStore/boards/Xilinx/vmk180/production/3.3/board.xml as part xcvm1802-vsva2197-2mp-e-s specified in board_part file is either invalid or not available
WARNING: [Board 49-26] cannot add Board Part xilinx.com:vmk180_newl:part0:1.0 available at /home/cbt22/Xilinx/2025.2/data/xhub/boards/XilinxBoardStore/boards/Xilinx/vmk180_newl/production/1.0/board.xml as part xcvm1802-vsva2197-2mp-e-s specified in board_part file is either invalid or not available
WARNING: [Board 49-26] cannot add Board Part xilinx.com:vmk180_newl:part0:1.1 available at /home/cbt22/Xilinx/2025.2/data/xhub/boards/XilinxBoardStore/boards/Xilinx/vmk180_newl/production/1.1/board.xml as part xcvm1802-vsva2197-2mp-e-s specified in board_part file is either invalid or not available
WARNING: [Board 49-26] cannot add Board Part xilinx.com:vpk120:part0:1.0 available at /home/cbt22/Xilinx/2025.2/data/xhub/boards/XilinxBoardStore/boards/Xilinx/vpk120/production/1.0/board.xml as part xcvp1202-vsva2785-2mp-e-s specified in board_part file is either invalid or not available
WARNING: [Board 49-26] cannot add Board Part xilinx.com:vpk120:part0:1.1 available at /home/cbt22/Xilinx/2025.2/data/xhub/boards/XilinxBoardStore/boards/Xilinx/vpk120/production/1.1/board.xml as part xcvp1202-vsva2785-2mp-e-s specified in board_part file is either invalid or not available
WARNING: [Board 49-26] cannot add Board Part xilinx.com:vpk120:part0:1.2 available at /home/cbt22/Xilinx/2025.2/data/xhub/boards/XilinxBoardStore/boards/Xilinx/vpk120/production/1.2/board.xml as part xcvp1202-vsva2785-2mp-e-s specified in board_part file is either invalid or not available
WARNING: [Board 49-26] cannot add Board Part xilinx.com:vpk180:part0:1.0 available at /home/cbt22/Xilinx/2025.2/data/xhub/boards/XilinxBoardStore/boards/Xilinx/vpk180/production/1.0/board.xml as part xcvp1802-lsvc4072-2mp-e-s specified in board_part file is either invalid or not available
WARNING: [Board 49-26] cannot add Board Part xilinx.com:vpk180:part0:1.1 available at /home/cbt22/Xilinx/2025.2/data/xhub/boards/XilinxBoardStore/boards/Xilinx/vpk180/production/1.1/board.xml as part xcvp1802-lsvc4072-2mp-e-s specified in board_part file is either invalid or not available
WARNING: [Board 49-26] cannot add Board Part xilinx.com:vpk180:part0:1.2 available at /home/cbt22/Xilinx/2025.2/data/xhub/boards/XilinxBoardStore/boards/Xilinx/vpk180/production/1.2/board.xml as part xcvp1802-lsvc4072-2mp-e-s specified in board_part file is either invalid or not available
WARNING: [Board 49-26] cannot add Board Part xilinx.com:vrk160:part0:1.0 available at /home/cbt22/Xilinx/2025.2/data/xhub/boards/XilinxBoardStore/boards/Xilinx/vrk160/1.0/board.xml as part xcvr1602-vsva2488-2mp-e-s-es1 specified in board_part file is either invalid or not available
WARNING: [Board 49-26] cannot add Board Part xilinx.com:vrk160:part0:1.1 available at /home/cbt22/Xilinx/2025.2/data/xhub/boards/XilinxBoardStore/boards/Xilinx/vrk160/1.1/board.xml as part xcvr1602-vsva2488-2mp-e-s-es1 specified in board_part file is either invalid or not available
WARNING: [Board 49-26] cannot add Board Part xilinx.com:zc702:part0:1.4 available at /home/cbt22/Xilinx/2025.2/data/xhub/boards/XilinxBoardStore/boards/Xilinx/zc702/1.4/board.xml as part xc7z020clg484-1 specified in board_part file is either invalid or not available
WARNING: [Board 49-26] cannot add Board Part xilinx.com:zc706:part0:1.4 available at /home/cbt22/Xilinx/2025.2/data/xhub/boards/XilinxBoardStore/boards/Xilinx/zc706/1.4/board.xml as part xc7z045ffg900-2 specified in board_part file is either invalid or not available
WARNING: [Board 49-26] cannot add Board Part xilinx.com:zc706:part0:1.5 available at /home/cbt22/Xilinx/2025.2/data/xhub/boards/XilinxBoardStore/boards/Xilinx/zc706/1.5/board.xml as part xc7z045ffg900-2 specified in board_part file is either invalid or not available
WARNING: [Board 49-26] cannot add Board Part xilinx.com:zcu111:part0:1.2 available at /home/cbt22/Xilinx/2025.2/data/xhub/boards/XilinxBoardStore/boards/Xilinx/zcu111/1.2/board.xml as part xczu28dr-ffvg1517-2-e specified in board_part file is either invalid or not available
WARNING: [Board 49-26] cannot add Board Part xilinx.com:zcu111:part0:1.3 available at /home/cbt22/Xilinx/2025.2/data/xhub/boards/XilinxBoardStore/boards/Xilinx/zcu111/1.3/board.xml as part xczu28dr-ffvg1517-2-e specified in board_part file is either invalid or not available
WARNING: [Board 49-26] cannot add Board Part xilinx.com:zcu111:part0:1.4 available at /home/cbt22/Xilinx/2025.2/data/xhub/boards/XilinxBoardStore/boards/Xilinx/zcu111/1.4/board.xml as part xczu28dr-ffvg1517-2-e specified in board_part file is either invalid or not available
WARNING: [Board 49-26] cannot add Board Part xilinx.com:zcu1275:part0:1.0 available at /home/cbt22/Xilinx/2025.2/data/xhub/boards/XilinxBoardStore/boards/Xilinx/zcu1275/1.0/board.xml as part xczu29dr-ffvf1760-2-e specified in board_part file is either invalid or not available
WARNING: [Board 49-26] cannot add Board Part xilinx.com:zcu1285:part0:1.0 available at /home/cbt22/Xilinx/2025.2/data/xhub/boards/XilinxBoardStore/boards/Xilinx/zcu1285/1.0/board.xml as part xczu39dr-ffvf1760-2-i specified in board_part file is either invalid or not available
WARNING: [Board 49-26] cannot add Board Part xilinx.com:zcu208:part0:2.0 available at /home/cbt22/Xilinx/2025.2/data/xhub/boards/XilinxBoardStore/boards/Xilinx/zcu208/production/2.0/board.xml as part xczu48dr-fsvg1517-2-e specified in board_part file is either invalid or not available
WARNING: [Board 49-26] cannot add Board Part xilinx.com:zcu208ld:part0:2.0 available at /home/cbt22/Xilinx/2025.2/data/xhub/boards/XilinxBoardStore/boards/Xilinx/zcu208ld/production/2.0/board.xml as part xczu58dr-fsvg1517-2-i specified in board_part file is either invalid or not available
WARNING: [Board 49-26] cannot add Board Part xilinx.com:zcu216:part0:2.0 available at /home/cbt22/Xilinx/2025.2/data/xhub/boards/XilinxBoardStore/boards/Xilinx/zcu216/production/2.0/board.xml as part xczu49dr-ffvf1760-2-e specified in board_part file is either invalid or not available
WARNING: [Board 49-26] cannot add Board Part xilinx.com:zcu216ld:part0:2.0 available at /home/cbt22/Xilinx/2025.2/data/xhub/boards/XilinxBoardStore/boards/Xilinx/zcu216ld/production/2.0/board.xml as part xczu59dr-ffvf1760-2-i specified in board_part file is either invalid or not available
WARNING: [Board 49-26] cannot add Board Part xilinx.com:zcu670:part0:2.0 available at /home/cbt22/Xilinx/2025.2/data/xhub/boards/XilinxBoardStore/boards/Xilinx/zcu670/2.0/board.xml as part xczu67dr-fsve1156-2-i specified in board_part file is either invalid or not available
WARNING: [Board 49-26] cannot add Board Part xilinx.com:zcu670ld:part0:1.0 available at /home/cbt22/Xilinx/2025.2/data/xhub/boards/XilinxBoardStore/boards/Xilinx/zcu670ld/1.0/board.xml as part xczu57dr-fsve1156-2-i specified in board_part file is either invalid or not available
INFO: [IP_Flow 19-234] Refreshing IP repositories
INFO: [IP_Flow 19-1704] No user IP repositories specified
INFO: [IP_Flow 19-2313] Loaded Vivado IP repository '/home/cbt22/Xilinx/2025.2/data/ip'.
WARNING: [IP_Flow 19-12246] XCI file '/home/cbt22/code/code_fyp/VisionSoC/fpga/build/t1_mudkip2d128big1bram1chain2lanescale_fpga_maskopt_system/t1_mudkip2d128big1bram1chain2lanescale_fpga_maskopt_system.srcs/sources_1/bd/system_top/ip/system_top_axis_subset_converter_cap_0/system_top_axis_subset_converter_cap_0.xci' contents have changed since it was last written.
INFO: [Project 1-5698] Found the below utility IPs instantiated in block design /home/cbt22/code/code_fyp/VisionSoC/fpga/build/t1_mudkip2d128big1bram1chain2lanescale_fpga_maskopt_system/t1_mudkip2d128big1bram1chain2lanescale_fpga_maskopt_system.srcs/sources_1/bd/system_top/system_top.bd which have equivalent inline hdl with improved performance and reduced diskspace.
It is recommended to migrate these utility IPs to inline hdl  using the command upgrade_project -migrate_to_inline_hdl.  The utility IPs may be deprecated in future releases.
More information on inline hdl is available in UG994.
Utility IP Component Instances:
 system_top_irq_concat_0
system_top_ap1302_standby_const_0
system_top_ap1302_rst_slice_0
open_project: Time (s): cpu = 00:00:34 ; elapsed = 00:00:22 . Memory (MB): peak = 1687.434 ; gain = 195.164 ; free physical = 47782 ; free virtual = 115697
# launch_runs impl_1 -to_step write_bitstream -jobs [exec nproc]
[Mon May 18 06:22:18 2026] Launched impl_1...
Run output will be captured here: /home/cbt22/code/code_fyp/VisionSoC/fpga/build/t1_mudkip2d128big1bram1chain2lanescale_fpga_maskopt_system/t1_mudkip2d128big1bram1chain2lanescale_fpga_maskopt_system.runs/impl_1/runme.log
launch_runs: Time (s): cpu = 00:00:18 ; elapsed = 00:00:20 . Memory (MB): peak = 2378.574 ; gain = 691.141 ; free physical = 47769 ; free virtual = 115684
# wait_on_run impl_1
[Mon May 18 06:22:18 2026] Waiting for impl_1 to finish...

*** Running vivado
    with args -log system_top_wrapper.vdi -applog -m64 -product Vivado -messageDb vivado.pb -mode batch -source system_top_wrapper.tcl -notrace


****** Vivado v2025.2 (64-bit)
  **** SW Build 6299465 on Fri Nov 14 12:34:56 MST 2025
  **** IP Build 6300035 on Fri Nov 14 10:48:45 MST 2025
  **** SharedData Build 6298862 on Thu Nov 13 04:50:51 MST 2025
  **** Start of session at: Mon May 18 06:22:23 2026
    ** Copyright 1986-2022 Xilinx, Inc. All Rights Reserved.
    ** Copyright 2022-2025 Advanced Micro Devices, Inc. All Rights Reserved.

source system_top_wrapper.tcl -notrace
INFO: [IP_Flow 19-234] Refreshing IP repositories
INFO: [IP_Flow 19-1704] No user IP repositories specified
INFO: [IP_Flow 19-2313] Loaded Vivado IP repository '/home/cbt22/Xilinx/2025.2/data/ip'.
WARNING: [IP_Flow 19-12246] XCI file '/home/cbt22/code/code_fyp/VisionSoC/fpga/build/t1_mudkip2d128big1bram1chain2lanescale_fpga_maskopt_system/t1_mudkip2d128big1bram1chain2lanescale_fpga_maskopt_system.srcs/sources_1/bd/system_top/ip/system_top_axis_subset_converter_cap_0/system_top_axis_subset_converter_cap_0.xci' contents have changed since it was last written.
add_files: Time (s): cpu = 00:00:22 ; elapsed = 00:00:23 . Memory (MB): peak = 1685.172 ; gain = 68.281 ; free physical = 47175 ; free virtual = 115089
Command: link_design -top system_top_wrapper -part xck26-sfvc784-2LV-c
Design is defaulting to srcset: sources_1
Design is defaulting to constrset: constrs_1
INFO: [Device 21-403] Loading part xck26-sfvc784-2LV-c
INFO: [Project 1-5699] Read binary netlist with skipMacroContent - 1
INFO: [Project 1-454] Reading design checkpoint '/home/cbt22/code/code_fyp/VisionSoC/fpga/build/t1_mudkip2d128big1bram1chain2lanescale_fpga_maskopt_system/t1_mudkip2d128big1bram1chain2lanescale_fpga_maskopt_system.gen/sources_1/bd/system_top/ip/system_top_axi_dma_0/system_top_axi_dma_0.dcp' for cell 'system_top_i/axi_dma'
INFO: [Project 1-454] Reading design checkpoint '/home/cbt22/code/code_fyp/VisionSoC/fpga/build/t1_mudkip2d128big1bram1chain2lanescale_fpga_maskopt_system/t1_mudkip2d128big1bram1chain2lanescale_fpga_maskopt_system.gen/sources_1/bd/system_top/ip/system_top_axi_reg_slice_hb_0/system_top_axi_reg_slice_hb_0.dcp' for cell 'system_top_i/axi_reg_slice_hb'
INFO: [Project 1-454] Reading design checkpoint '/home/cbt22/code/code_fyp/VisionSoC/fpga/build/t1_mudkip2d128big1bram1chain2lanescale_fpga_maskopt_system/t1_mudkip2d128big1bram1chain2lanescale_fpga_maskopt_system.gen/sources_1/bd/system_top/ip/system_top_axis_data_fifo_cap_0/system_top_axis_data_fifo_cap_0.dcp' for cell 'system_top_i/axis_data_fifo_cap'
INFO: [Project 1-454] Reading design checkpoint '/home/cbt22/code/code_fyp/VisionSoC/fpga/build/t1_mudkip2d128big1bram1chain2lanescale_fpga_maskopt_system/t1_mudkip2d128big1bram1chain2lanescale_fpga_maskopt_system.gen/sources_1/bd/system_top/ip/system_top_axis_reg_slice_dma_0/system_top_axis_reg_slice_dma_0.dcp' for cell 'system_top_i/axis_reg_slice_dma'
INFO: [Project 1-454] Reading design checkpoint '/home/cbt22/code/code_fyp/VisionSoC/fpga/build/t1_mudkip2d128big1bram1chain2lanescale_fpga_maskopt_system/t1_mudkip2d128big1bram1chain2lanescale_fpga_maskopt_system.gen/sources_1/bd/system_top/ip/system_top_axis_subset_converter_cap_0/system_top_axis_subset_converter_cap_0.dcp' for cell 'system_top_i/axis_subset_converter_cap'
INFO: [Project 1-454] Reading design checkpoint '/home/cbt22/code/code_fyp/VisionSoC/fpga/build/t1_mudkip2d128big1bram1chain2lanescale_fpga_maskopt_system/t1_mudkip2d128big1bram1chain2lanescale_fpga_maskopt_system.gen/sources_1/bd/system_top/ip/system_top_bram_0/system_top_bram_0.dcp' for cell 'system_top_i/bram'
INFO: [Project 1-454] Reading design checkpoint '/home/cbt22/code/code_fyp/VisionSoC/fpga/build/t1_mudkip2d128big1bram1chain2lanescale_fpga_maskopt_system/t1_mudkip2d128big1bram1chain2lanescale_fpga_maskopt_system.gen/sources_1/bd/system_top/ip/system_top_bram_ctrl_0/system_top_bram_ctrl_0.dcp' for cell 'system_top_i/bram_ctrl'
INFO: [Project 1-454] Reading design checkpoint '/home/cbt22/code/code_fyp/VisionSoC/fpga/build/t1_mudkip2d128big1bram1chain2lanescale_fpga_maskopt_system/t1_mudkip2d128big1bram1chain2lanescale_fpga_maskopt_system.gen/sources_1/bd/system_top/ip/system_top_clk_wiz_0_0/system_top_clk_wiz_0_0.dcp' for cell 'system_top_i/clk_wiz_0'
INFO: [Project 1-454] Reading design checkpoint '/home/cbt22/code/code_fyp/VisionSoC/fpga/build/t1_mudkip2d128big1bram1chain2lanescale_fpga_maskopt_system/t1_mudkip2d128big1bram1chain2lanescale_fpga_maskopt_system.gen/sources_1/bd/system_top/ip/system_top_mipi_csi2_rx_0/system_top_mipi_csi2_rx_0.dcp' for cell 'system_top_i/mipi_csi2_rx'
INFO: [Project 1-454] Reading design checkpoint '/home/cbt22/code/code_fyp/VisionSoC/fpga/build/t1_mudkip2d128big1bram1chain2lanescale_fpga_maskopt_system/t1_mudkip2d128big1bram1chain2lanescale_fpga_maskopt_system.gen/sources_1/bd/system_top/ip/system_top_proc_sys_reset_301/system_top_proc_sys_reset_301.dcp' for cell 'system_top_i/proc_sys_reset'
INFO: [Project 1-454] Reading design checkpoint '/home/cbt22/code/code_fyp/VisionSoC/fpga/build/t1_mudkip2d128big1bram1chain2lanescale_fpga_maskopt_system/t1_mudkip2d128big1bram1chain2lanescale_fpga_maskopt_system.gen/sources_1/bd/system_top/ip/system_top_proc_sys_reset_100M_0/system_top_proc_sys_reset_100M_0.dcp' for cell 'system_top_i/proc_sys_reset_100M'
INFO: [Project 1-454] Reading design checkpoint '/home/cbt22/code/code_fyp/VisionSoC/fpga/build/t1_mudkip2d128big1bram1chain2lanescale_fpga_maskopt_system/t1_mudkip2d128big1bram1chain2lanescale_fpga_maskopt_system.gen/sources_1/bd/system_top/ip/system_top_proc_sys_reset_300M_0/system_top_proc_sys_reset_300M_0.dcp' for cell 'system_top_i/proc_sys_reset_300M'
INFO: [Project 1-454] Reading design checkpoint '/home/cbt22/code/code_fyp/VisionSoC/fpga/build/t1_mudkip2d128big1bram1chain2lanescale_fpga_maskopt_system/t1_mudkip2d128big1bram1chain2lanescale_fpga_maskopt_system.gen/sources_1/bd/system_top/ip/system_top_sensor_iic_0/system_top_sensor_iic_0.dcp' for cell 'system_top_i/sensor_iic'
INFO: [Project 1-454] Reading design checkpoint '/home/cbt22/code/code_fyp/VisionSoC/fpga/build/t1_mudkip2d128big1bram1chain2lanescale_fpga_maskopt_system/t1_mudkip2d128big1bram1chain2lanescale_fpga_maskopt_system.gen/sources_1/bd/system_top/ip/system_top_smartconnect_ctrl_0/system_top_smartconnect_ctrl_0.dcp' for cell 'system_top_i/smartconnect_ctrl'
INFO: [Project 1-454] Reading design checkpoint '/home/cbt22/code/code_fyp/VisionSoC/fpga/build/t1_mudkip2d128big1bram1chain2lanescale_fpga_maskopt_system/t1_mudkip2d128big1bram1chain2lanescale_fpga_maskopt_system.gen/sources_1/bd/system_top/ip/system_top_smartconnect_hb_0/system_top_smartconnect_hb_0.dcp' for cell 'system_top_i/smartconnect_hb'
INFO: [Project 1-454] Reading design checkpoint '/home/cbt22/code/code_fyp/VisionSoC/fpga/build/t1_mudkip2d128big1bram1chain2lanescale_fpga_maskopt_system/t1_mudkip2d128big1bram1chain2lanescale_fpga_maskopt_system.gen/sources_1/bd/system_top/ip/system_top_smartconnect_idx_0/system_top_smartconnect_idx_0.dcp' for cell 'system_top_i/smartconnect_idx'
INFO: [Project 1-454] Reading design checkpoint '/home/cbt22/code/code_fyp/VisionSoC/fpga/build/t1_mudkip2d128big1bram1chain2lanescale_fpga_maskopt_system/t1_mudkip2d128big1bram1chain2lanescale_fpga_maskopt_system.gen/sources_1/bd/system_top/ip/system_top_smartconnect_lpd_0/system_top_smartconnect_lpd_0.dcp' for cell 'system_top_i/smartconnect_lpd'
INFO: [Project 1-454] Reading design checkpoint '/home/cbt22/code/code_fyp/VisionSoC/fpga/build/t1_mudkip2d128big1bram1chain2lanescale_fpga_maskopt_system/t1_mudkip2d128big1bram1chain2lanescale_fpga_maskopt_system.gen/sources_1/bd/system_top/ip/system_top_smartconnect_video_0/system_top_smartconnect_video_0.dcp' for cell 'system_top_i/smartconnect_video'
INFO: [Project 1-454] Reading design checkpoint '/home/cbt22/code/code_fyp/VisionSoC/fpga/build/t1_mudkip2d128big1bram1chain2lanescale_fpga_maskopt_system/t1_mudkip2d128big1bram1chain2lanescale_fpga_maskopt_system.gen/sources_1/bd/system_top/ip/system_top_t1_top_0/system_top_t1_top_0.dcp' for cell 'system_top_i/t1_top'
INFO: [Project 1-454] Reading design checkpoint '/home/cbt22/code/code_fyp/VisionSoC/fpga/build/t1_mudkip2d128big1bram1chain2lanescale_fpga_maskopt_system/t1_mudkip2d128big1bram1chain2lanescale_fpga_maskopt_system.gen/sources_1/bd/system_top/ip/system_top_v_frmbuf_wr_0/system_top_v_frmbuf_wr_0.dcp' for cell 'system_top_i/v_frmbuf_wr'
INFO: [Project 1-454] Reading design checkpoint '/home/cbt22/code/code_fyp/VisionSoC/fpga/build/t1_mudkip2d128big1bram1chain2lanescale_fpga_maskopt_system/t1_mudkip2d128big1bram1chain2lanescale_fpga_maskopt_system.gen/sources_1/bd/system_top/ip/system_top_zynq_ps_0/system_top_zynq_ps_0.dcp' for cell 'system_top_i/zynq_ps'
INFO: [Project 1-454] Reading design checkpoint '/home/cbt22/code/code_fyp/VisionSoC/fpga/build/t1_mudkip2d128big1bram1chain2lanescale_fpga_maskopt_system/t1_mudkip2d128big1bram1chain2lanescale_fpga_maskopt_system.gen/sources_1/bd/system_top/ip/system_top_mipi_csi2_rx_0/bd_0/ip/ip_0/bd_a98f_phy_0.dcp' for cell 'system_top_i/mipi_csi2_rx/inst/phy'
INFO: [Project 1-454] Reading design checkpoint '/home/cbt22/code/code_fyp/VisionSoC/fpga/build/t1_mudkip2d128big1bram1chain2lanescale_fpga_maskopt_system/t1_mudkip2d128big1bram1chain2lanescale_fpga_maskopt_system.gen/sources_1/bd/system_top/ip/system_top_mipi_csi2_rx_0/bd_0/ip/ip_3/bd_a98f_r_sync_0.dcp' for cell 'system_top_i/mipi_csi2_rx/inst/r_sync'
INFO: [Project 1-454] Reading design checkpoint '/home/cbt22/code/code_fyp/VisionSoC/fpga/build/t1_mudkip2d128big1bram1chain2lanescale_fpga_maskopt_system/t1_mudkip2d128big1bram1chain2lanescale_fpga_maskopt_system.gen/sources_1/bd/system_top/ip/system_top_mipi_csi2_rx_0/bd_0/ip/ip_1/bd_a98f_rx_0.dcp' for cell 'system_top_i/mipi_csi2_rx/inst/rx'
INFO: [Project 1-454] Reading design checkpoint '/home/cbt22/code/code_fyp/VisionSoC/fpga/build/t1_mudkip2d128big1bram1chain2lanescale_fpga_maskopt_system/t1_mudkip2d128big1bram1chain2lanescale_fpga_maskopt_system.gen/sources_1/bd/system_top/ip/system_top_mipi_csi2_rx_0/bd_0/ip/ip_2/bd_a98f_vfb_0_0.dcp' for cell 'system_top_i/mipi_csi2_rx/inst/vfb_0'
Netlist sorting complete. Time (s): cpu = 00:00:03 ; elapsed = 00:00:03 . Memory (MB): peak = 2750.430 ; gain = 0.000 ; free physical = 46091 ; free virtual = 114006
INFO: [Netlist 29-17] Analyzing 5972 Unisim elements for replacement
INFO: [Netlist 29-28] Unisim Transformation completed in 1 CPU seconds
INFO: [Project 1-479] Netlist was created with Vivado 2025.2
INFO: [Project 1-570] Preparing netlist for logic optimization
Parsing XDC File [/home/cbt22/code/code_fyp/VisionSoC/fpga/build/t1_mudkip2d128big1bram1chain2lanescale_fpga_maskopt_system/t1_mudkip2d128big1bram1chain2lanescale_fpga_maskopt_system.gen/sources_1/bd/system_top/ip/system_top_zynq_ps_0/system_top_zynq_ps_0.xdc] for cell 'system_top_i/zynq_ps/inst'
create_clock: Time (s): cpu = 00:00:11 ; elapsed = 00:00:11 . Memory (MB): peak = 2952.406 ; gain = 27.984 ; free physical = 45950 ; free virtual = 113865
Finished Parsing XDC File [/home/cbt22/code/code_fyp/VisionSoC/fpga/build/t1_mudkip2d128big1bram1chain2lanescale_fpga_maskopt_system/t1_mudkip2d128big1bram1chain2lanescale_fpga_maskopt_system.gen/sources_1/bd/system_top/ip/system_top_zynq_ps_0/system_top_zynq_ps_0.xdc] for cell 'system_top_i/zynq_ps/inst'
Parsing XDC File [/home/cbt22/code/code_fyp/VisionSoC/fpga/build/t1_mudkip2d128big1bram1chain2lanescale_fpga_maskopt_system/t1_mudkip2d128big1bram1chain2lanescale_fpga_maskopt_system.gen/sources_1/bd/system_top/ip/system_top_smartconnect_hb_0/bd_0/ip/ip_1/bd_97f1_psr_aclk_0_board.xdc] for cell 'system_top_i/smartconnect_hb/inst/clk_map/psr_aclk/U0'
Finished Parsing XDC File [/home/cbt22/code/code_fyp/VisionSoC/fpga/build/t1_mudkip2d128big1bram1chain2lanescale_fpga_maskopt_system/t1_mudkip2d128big1bram1chain2lanescale_fpga_maskopt_system.gen/sources_1/bd/system_top/ip/system_top_smartconnect_hb_0/bd_0/ip/ip_1/bd_97f1_psr_aclk_0_board.xdc] for cell 'system_top_i/smartconnect_hb/inst/clk_map/psr_aclk/U0'
Parsing XDC File [/home/cbt22/code/code_fyp/VisionSoC/fpga/build/t1_mudkip2d128big1bram1chain2lanescale_fpga_maskopt_system/t1_mudkip2d128big1bram1chain2lanescale_fpga_maskopt_system.gen/sources_1/bd/system_top/ip/system_top_smartconnect_hb_0/smartconnect.xdc] for cell 'system_top_i/smartconnect_hb/inst'
Finished Parsing XDC File [/home/cbt22/code/code_fyp/VisionSoC/fpga/build/t1_mudkip2d128big1bram1chain2lanescale_fpga_maskopt_system/t1_mudkip2d128big1bram1chain2lanescale_fpga_maskopt_system.gen/sources_1/bd/system_top/ip/system_top_smartconnect_hb_0/smartconnect.xdc] for cell 'system_top_i/smartconnect_hb/inst'
Parsing XDC File [/home/cbt22/code/code_fyp/VisionSoC/fpga/build/t1_mudkip2d128big1bram1chain2lanescale_fpga_maskopt_system/t1_mudkip2d128big1bram1chain2lanescale_fpga_maskopt_system.gen/sources_1/bd/system_top/ip/system_top_smartconnect_idx_0/bd_0/ip/ip_1/bd_23f6_psr_aclk_0_board.xdc] for cell 'system_top_i/smartconnect_idx/inst/clk_map/psr_aclk/U0'
Finished Parsing XDC File [/home/cbt22/code/code_fyp/VisionSoC/fpga/build/t1_mudkip2d128big1bram1chain2lanescale_fpga_maskopt_system/t1_mudkip2d128big1bram1chain2lanescale_fpga_maskopt_system.gen/sources_1/bd/system_top/ip/system_top_smartconnect_idx_0/bd_0/ip/ip_1/bd_23f6_psr_aclk_0_board.xdc] for cell 'system_top_i/smartconnect_idx/inst/clk_map/psr_aclk/U0'
Parsing XDC File [/home/cbt22/code/code_fyp/VisionSoC/fpga/build/t1_mudkip2d128big1bram1chain2lanescale_fpga_maskopt_system/t1_mudkip2d128big1bram1chain2lanescale_fpga_maskopt_system.gen/sources_1/bd/system_top/ip/system_top_smartconnect_idx_0/smartconnect.xdc] for cell 'system_top_i/smartconnect_idx/inst'
Finished Parsing XDC File [/home/cbt22/code/code_fyp/VisionSoC/fpga/build/t1_mudkip2d128big1bram1chain2lanescale_fpga_maskopt_system/t1_mudkip2d128big1bram1chain2lanescale_fpga_maskopt_system.gen/sources_1/bd/system_top/ip/system_top_smartconnect_idx_0/smartconnect.xdc] for cell 'system_top_i/smartconnect_idx/inst'
Parsing XDC File [/home/cbt22/code/code_fyp/VisionSoC/fpga/build/t1_mudkip2d128big1bram1chain2lanescale_fpga_maskopt_system/t1_mudkip2d128big1bram1chain2lanescale_fpga_maskopt_system.gen/sources_1/bd/system_top/ip/system_top_axi_dma_0/system_top_axi_dma_0.xdc] for cell 'system_top_i/axi_dma/U0'
Finished Parsing XDC File [/home/cbt22/code/code_fyp/VisionSoC/fpga/build/t1_mudkip2d128big1bram1chain2lanescale_fpga_maskopt_system/t1_mudkip2d128big1bram1chain2lanescale_fpga_maskopt_system.gen/sources_1/bd/system_top/ip/system_top_axi_dma_0/system_top_axi_dma_0.xdc] for cell 'system_top_i/axi_dma/U0'
Parsing XDC File [/home/cbt22/code/code_fyp/VisionSoC/fpga/build/t1_mudkip2d128big1bram1chain2lanescale_fpga_maskopt_system/t1_mudkip2d128big1bram1chain2lanescale_fpga_maskopt_system.gen/sources_1/bd/system_top/ip/system_top_smartconnect_ctrl_0/bd_0/ip/ip_1/bd_1cbc_psr_aclk_0_board.xdc] for cell 'system_top_i/smartconnect_ctrl/inst/clk_map/psr_aclk/U0'
Finished Parsing XDC File [/home/cbt22/code/code_fyp/VisionSoC/fpga/build/t1_mudkip2d128big1bram1chain2lanescale_fpga_maskopt_system/t1_mudkip2d128big1bram1chain2lanescale_fpga_maskopt_system.gen/sources_1/bd/system_top/ip/system_top_smartconnect_ctrl_0/bd_0/ip/ip_1/bd_1cbc_psr_aclk_0_board.xdc] for cell 'system_top_i/smartconnect_ctrl/inst/clk_map/psr_aclk/U0'
Parsing XDC File [/home/cbt22/code/code_fyp/VisionSoC/fpga/build/t1_mudkip2d128big1bram1chain2lanescale_fpga_maskopt_system/t1_mudkip2d128big1bram1chain2lanescale_fpga_maskopt_system.gen/sources_1/bd/system_top/ip/system_top_smartconnect_ctrl_0/smartconnect.xdc] for cell 'system_top_i/smartconnect_ctrl/inst'
Finished Parsing XDC File [/home/cbt22/code/code_fyp/VisionSoC/fpga/build/t1_mudkip2d128big1bram1chain2lanescale_fpga_maskopt_system/t1_mudkip2d128big1bram1chain2lanescale_fpga_maskopt_system.gen/sources_1/bd/system_top/ip/system_top_smartconnect_ctrl_0/smartconnect.xdc] for cell 'system_top_i/smartconnect_ctrl/inst'
Parsing XDC File [/home/cbt22/code/code_fyp/VisionSoC/fpga/build/t1_mudkip2d128big1bram1chain2lanescale_fpga_maskopt_system/t1_mudkip2d128big1bram1chain2lanescale_fpga_maskopt_system.gen/sources_1/bd/system_top/ip/system_top_clk_wiz_0_0/system_top_clk_wiz_0_0_board.xdc] for cell 'system_top_i/clk_wiz_0/inst'
Finished Parsing XDC File [/home/cbt22/code/code_fyp/VisionSoC/fpga/build/t1_mudkip2d128big1bram1chain2lanescale_fpga_maskopt_system/t1_mudkip2d128big1bram1chain2lanescale_fpga_maskopt_system.gen/sources_1/bd/system_top/ip/system_top_clk_wiz_0_0/system_top_clk_wiz_0_0_board.xdc] for cell 'system_top_i/clk_wiz_0/inst'
Parsing XDC File [/home/cbt22/code/code_fyp/VisionSoC/fpga/build/t1_mudkip2d128big1bram1chain2lanescale_fpga_maskopt_system/t1_mudkip2d128big1bram1chain2lanescale_fpga_maskopt_system.gen/sources_1/bd/system_top/ip/system_top_clk_wiz_0_0/system_top_clk_wiz_0_0.xdc] for cell 'system_top_i/clk_wiz_0/inst'
Finished Parsing XDC File [/home/cbt22/code/code_fyp/VisionSoC/fpga/build/t1_mudkip2d128big1bram1chain2lanescale_fpga_maskopt_system/t1_mudkip2d128big1bram1chain2lanescale_fpga_maskopt_system.gen/sources_1/bd/system_top/ip/system_top_clk_wiz_0_0/system_top_clk_wiz_0_0.xdc] for cell 'system_top_i/clk_wiz_0/inst'
Parsing XDC File [/home/cbt22/code/code_fyp/VisionSoC/fpga/build/t1_mudkip2d128big1bram1chain2lanescale_fpga_maskopt_system/t1_mudkip2d128big1bram1chain2lanescale_fpga_maskopt_system.gen/sources_1/bd/system_top/ip/system_top_proc_sys_reset_100M_0/system_top_proc_sys_reset_100M_0_board.xdc] for cell 'system_top_i/proc_sys_reset_100M/U0'
Finished Parsing XDC File [/home/cbt22/code/code_fyp/VisionSoC/fpga/build/t1_mudkip2d128big1bram1chain2lanescale_fpga_maskopt_system/t1_mudkip2d128big1bram1chain2lanescale_fpga_maskopt_system.gen/sources_1/bd/system_top/ip/system_top_proc_sys_reset_100M_0/system_top_proc_sys_reset_100M_0_board.xdc] for cell 'system_top_i/proc_sys_reset_100M/U0'
Parsing XDC File [/home/cbt22/code/code_fyp/VisionSoC/fpga/build/t1_mudkip2d128big1bram1chain2lanescale_fpga_maskopt_system/t1_mudkip2d128big1bram1chain2lanescale_fpga_maskopt_system.gen/sources_1/bd/system_top/ip/system_top_proc_sys_reset_300M_0/system_top_proc_sys_reset_300M_0_board.xdc] for cell 'system_top_i/proc_sys_reset_300M/U0'
Finished Parsing XDC File [/home/cbt22/code/code_fyp/VisionSoC/fpga/build/t1_mudkip2d128big1bram1chain2lanescale_fpga_maskopt_system/t1_mudkip2d128big1bram1chain2lanescale_fpga_maskopt_system.gen/sources_1/bd/system_top/ip/system_top_proc_sys_reset_300M_0/system_top_proc_sys_reset_300M_0_board.xdc] for cell 'system_top_i/proc_sys_reset_300M/U0'
Parsing XDC File [/home/cbt22/code/code_fyp/VisionSoC/fpga/build/t1_mudkip2d128big1bram1chain2lanescale_fpga_maskopt_system/t1_mudkip2d128big1bram1chain2lanescale_fpga_maskopt_system.gen/sources_1/bd/system_top/ip/system_top_proc_sys_reset_301/system_top_proc_sys_reset_301_board.xdc] for cell 'system_top_i/proc_sys_reset/U0'
Finished Parsing XDC File [/home/cbt22/code/code_fyp/VisionSoC/fpga/build/t1_mudkip2d128big1bram1chain2lanescale_fpga_maskopt_system/t1_mudkip2d128big1bram1chain2lanescale_fpga_maskopt_system.gen/sources_1/bd/system_top/ip/system_top_proc_sys_reset_301/system_top_proc_sys_reset_301_board.xdc] for cell 'system_top_i/proc_sys_reset/U0'
Parsing XDC File [/home/cbt22/code/code_fyp/VisionSoC/fpga/build/t1_mudkip2d128big1bram1chain2lanescale_fpga_maskopt_system/t1_mudkip2d128big1bram1chain2lanescale_fpga_maskopt_system.gen/sources_1/bd/system_top/ip/system_top_sensor_iic_0/system_top_sensor_iic_0_board.xdc] for cell 'system_top_i/sensor_iic/U0'
Finished Parsing XDC File [/home/cbt22/code/code_fyp/VisionSoC/fpga/build/t1_mudkip2d128big1bram1chain2lanescale_fpga_maskopt_system/t1_mudkip2d128big1bram1chain2lanescale_fpga_maskopt_system.gen/sources_1/bd/system_top/ip/system_top_sensor_iic_0/system_top_sensor_iic_0_board.xdc] for cell 'system_top_i/sensor_iic/U0'
Parsing XDC File [/home/cbt22/code/code_fyp/VisionSoC/fpga/build/t1_mudkip2d128big1bram1chain2lanescale_fpga_maskopt_system/t1_mudkip2d128big1bram1chain2lanescale_fpga_maskopt_system.gen/sources_1/bd/system_top/ip/system_top_mipi_csi2_rx_0/bd_0/ip/ip_0/ip_0/bd_a98f_phy_0_hssio_rx.xdc] for cell 'system_top_i/mipi_csi2_rx/inst/phy/inst/inst/bd_a98f_phy_0_rx_support_i/slave_rx.bd_a98f_phy_0_rx_hssio_i/inst'
Finished Parsing XDC File [/home/cbt22/code/code_fyp/VisionSoC/fpga/build/t1_mudkip2d128big1bram1chain2lanescale_fpga_maskopt_system/t1_mudkip2d128big1bram1chain2lanescale_fpga_maskopt_system.gen/sources_1/bd/system_top/ip/system_top_mipi_csi2_rx_0/bd_0/ip/ip_0/ip_0/bd_a98f_phy_0_hssio_rx.xdc] for cell 'system_top_i/mipi_csi2_rx/inst/phy/inst/inst/bd_a98f_phy_0_rx_support_i/slave_rx.bd_a98f_phy_0_rx_hssio_i/inst'
Parsing XDC File [/home/cbt22/code/code_fyp/VisionSoC/fpga/build/t1_mudkip2d128big1bram1chain2lanescale_fpga_maskopt_system/t1_mudkip2d128big1bram1chain2lanescale_fpga_maskopt_system.gen/sources_1/bd/system_top/ip/system_top_mipi_csi2_rx_0/bd_0/ip/ip_0/bd_a98f_phy_0.xdc] for cell 'system_top_i/mipi_csi2_rx/inst/phy/inst'
Finished Parsing XDC File [/home/cbt22/code/code_fyp/VisionSoC/fpga/build/t1_mudkip2d128big1bram1chain2lanescale_fpga_maskopt_system/t1_mudkip2d128big1bram1chain2lanescale_fpga_maskopt_system.gen/sources_1/bd/system_top/ip/system_top_mipi_csi2_rx_0/bd_0/ip/ip_0/bd_a98f_phy_0.xdc] for cell 'system_top_i/mipi_csi2_rx/inst/phy/inst'
Parsing XDC File [/home/cbt22/code/code_fyp/VisionSoC/fpga/build/t1_mudkip2d128big1bram1chain2lanescale_fpga_maskopt_system/t1_mudkip2d128big1bram1chain2lanescale_fpga_maskopt_system.gen/sources_1/bd/system_top/ip/system_top_mipi_csi2_rx_0/bd_0/ip/ip_3/bd_a98f_r_sync_0_board.xdc] for cell 'system_top_i/mipi_csi2_rx/inst/r_sync/U0'
Finished Parsing XDC File [/home/cbt22/code/code_fyp/VisionSoC/fpga/build/t1_mudkip2d128big1bram1chain2lanescale_fpga_maskopt_system/t1_mudkip2d128big1bram1chain2lanescale_fpga_maskopt_system.gen/sources_1/bd/system_top/ip/system_top_mipi_csi2_rx_0/bd_0/ip/ip_3/bd_a98f_r_sync_0_board.xdc] for cell 'system_top_i/mipi_csi2_rx/inst/r_sync/U0'
Parsing XDC File [/home/cbt22/code/code_fyp/VisionSoC/fpga/build/t1_mudkip2d128big1bram1chain2lanescale_fpga_maskopt_system/t1_mudkip2d128big1bram1chain2lanescale_fpga_maskopt_system.gen/sources_1/bd/system_top/ip/system_top_mipi_csi2_rx_0/system_top_mipi_csi2_rx_0_board.xdc] for cell 'system_top_i/mipi_csi2_rx/inst'
WARNING: [Constraints 18-1039] DIFF_TERM is not supported in Ultrascale.  Automatically translating to DIFF_TERM_ADV=TERM_100. [/home/cbt22/code/code_fyp/VisionSoC/fpga/build/t1_mudkip2d128big1bram1chain2lanescale_fpga_maskopt_system/t1_mudkip2d128big1bram1chain2lanescale_fpga_maskopt_system.gen/sources_1/bd/system_top/ip/system_top_mipi_csi2_rx_0/system_top_mipi_csi2_rx_0_board.xdc:3]
WARNING: [Constraints 18-1039] DIFF_TERM is not supported in Ultrascale.  Automatically translating to DIFF_TERM_ADV=TERM_100. [/home/cbt22/code/code_fyp/VisionSoC/fpga/build/t1_mudkip2d128big1bram1chain2lanescale_fpga_maskopt_system/t1_mudkip2d128big1bram1chain2lanescale_fpga_maskopt_system.gen/sources_1/bd/system_top/ip/system_top_mipi_csi2_rx_0/system_top_mipi_csi2_rx_0_board.xdc:4]
WARNING: [Constraints 18-1039] DIFF_TERM is not supported in Ultrascale.  Automatically translating to DIFF_TERM_ADV=TERM_100. [/home/cbt22/code/code_fyp/VisionSoC/fpga/build/t1_mudkip2d128big1bram1chain2lanescale_fpga_maskopt_system/t1_mudkip2d128big1bram1chain2lanescale_fpga_maskopt_system.gen/sources_1/bd/system_top/ip/system_top_mipi_csi2_rx_0/system_top_mipi_csi2_rx_0_board.xdc:5]
WARNING: [Constraints 18-1039] DIFF_TERM is not supported in Ultrascale.  Automatically translating to DIFF_TERM_ADV=TERM_100. [/home/cbt22/code/code_fyp/VisionSoC/fpga/build/t1_mudkip2d128big1bram1chain2lanescale_fpga_maskopt_system/t1_mudkip2d128big1bram1chain2lanescale_fpga_maskopt_system.gen/sources_1/bd/system_top/ip/system_top_mipi_csi2_rx_0/system_top_mipi_csi2_rx_0_board.xdc:7]
WARNING: [Constraints 18-1039] DIFF_TERM is not supported in Ultrascale.  Automatically translating to DIFF_TERM_ADV=TERM_100. [/home/cbt22/code/code_fyp/VisionSoC/fpga/build/t1_mudkip2d128big1bram1chain2lanescale_fpga_maskopt_system/t1_mudkip2d128big1bram1chain2lanescale_fpga_maskopt_system.gen/sources_1/bd/system_top/ip/system_top_mipi_csi2_rx_0/system_top_mipi_csi2_rx_0_board.xdc:9]
WARNING: [Constraints 18-1039] DIFF_TERM is not supported in Ultrascale.  Automatically translating to DIFF_TERM_ADV=TERM_100. [/home/cbt22/code/code_fyp/VisionSoC/fpga/build/t1_mudkip2d128big1bram1chain2lanescale_fpga_maskopt_system/t1_mudkip2d128big1bram1chain2lanescale_fpga_maskopt_system.gen/sources_1/bd/system_top/ip/system_top_mipi_csi2_rx_0/system_top_mipi_csi2_rx_0_board.xdc:11]
WARNING: [Constraints 18-1039] DIFF_TERM is not supported in Ultrascale.  Automatically translating to DIFF_TERM_ADV=TERM_100. [/home/cbt22/code/code_fyp/VisionSoC/fpga/build/t1_mudkip2d128big1bram1chain2lanescale_fpga_maskopt_system/t1_mudkip2d128big1bram1chain2lanescale_fpga_maskopt_system.gen/sources_1/bd/system_top/ip/system_top_mipi_csi2_rx_0/system_top_mipi_csi2_rx_0_board.xdc:13]
WARNING: [Constraints 18-1039] DIFF_TERM is not supported in Ultrascale.  Automatically translating to DIFF_TERM_ADV=TERM_100. [/home/cbt22/code/code_fyp/VisionSoC/fpga/build/t1_mudkip2d128big1bram1chain2lanescale_fpga_maskopt_system/t1_mudkip2d128big1bram1chain2lanescale_fpga_maskopt_system.gen/sources_1/bd/system_top/ip/system_top_mipi_csi2_rx_0/system_top_mipi_csi2_rx_0_board.xdc:15]
WARNING: [Constraints 18-1039] DIFF_TERM is not supported in Ultrascale.  Automatically translating to DIFF_TERM_ADV=TERM_100. [/home/cbt22/code/code_fyp/VisionSoC/fpga/build/t1_mudkip2d128big1bram1chain2lanescale_fpga_maskopt_system/t1_mudkip2d128big1bram1chain2lanescale_fpga_maskopt_system.gen/sources_1/bd/system_top/ip/system_top_mipi_csi2_rx_0/system_top_mipi_csi2_rx_0_board.xdc:17]
WARNING: [Constraints 18-1039] DIFF_TERM is not supported in Ultrascale.  Automatically translating to DIFF_TERM_ADV=TERM_100. [/home/cbt22/code/code_fyp/VisionSoC/fpga/build/t1_mudkip2d128big1bram1chain2lanescale_fpga_maskopt_system/t1_mudkip2d128big1bram1chain2lanescale_fpga_maskopt_system.gen/sources_1/bd/system_top/ip/system_top_mipi_csi2_rx_0/system_top_mipi_csi2_rx_0_board.xdc:19]
Finished Parsing XDC File [/home/cbt22/code/code_fyp/VisionSoC/fpga/build/t1_mudkip2d128big1bram1chain2lanescale_fpga_maskopt_system/t1_mudkip2d128big1bram1chain2lanescale_fpga_maskopt_system.gen/sources_1/bd/system_top/ip/system_top_mipi_csi2_rx_0/system_top_mipi_csi2_rx_0_board.xdc] for cell 'system_top_i/mipi_csi2_rx/inst'
Parsing XDC File [/home/cbt22/code/code_fyp/VisionSoC/fpga/build/t1_mudkip2d128big1bram1chain2lanescale_fpga_maskopt_system/t1_mudkip2d128big1bram1chain2lanescale_fpga_maskopt_system.gen/sources_1/bd/system_top/ip/system_top_smartconnect_lpd_0/bd_0/ip/ip_1/bd_15fe_psr0_0_board.xdc] for cell 'system_top_i/smartconnect_lpd/inst/clk_map/psr0/U0'
Finished Parsing XDC File [/home/cbt22/code/code_fyp/VisionSoC/fpga/build/t1_mudkip2d128big1bram1chain2lanescale_fpga_maskopt_system/t1_mudkip2d128big1bram1chain2lanescale_fpga_maskopt_system.gen/sources_1/bd/system_top/ip/system_top_smartconnect_lpd_0/bd_0/ip/ip_1/bd_15fe_psr0_0_board.xdc] for cell 'system_top_i/smartconnect_lpd/inst/clk_map/psr0/U0'
Parsing XDC File [/home/cbt22/code/code_fyp/VisionSoC/fpga/build/t1_mudkip2d128big1bram1chain2lanescale_fpga_maskopt_system/t1_mudkip2d128big1bram1chain2lanescale_fpga_maskopt_system.gen/sources_1/bd/system_top/ip/system_top_smartconnect_lpd_0/bd_0/ip/ip_2/bd_15fe_psr_aclk_0_board.xdc] for cell 'system_top_i/smartconnect_lpd/inst/clk_map/psr_aclk/U0'
Finished Parsing XDC File [/home/cbt22/code/code_fyp/VisionSoC/fpga/build/t1_mudkip2d128big1bram1chain2lanescale_fpga_maskopt_system/t1_mudkip2d128big1bram1chain2lanescale_fpga_maskopt_system.gen/sources_1/bd/system_top/ip/system_top_smartconnect_lpd_0/bd_0/ip/ip_2/bd_15fe_psr_aclk_0_board.xdc] for cell 'system_top_i/smartconnect_lpd/inst/clk_map/psr_aclk/U0'
Parsing XDC File [/home/cbt22/code/code_fyp/VisionSoC/fpga/build/t1_mudkip2d128big1bram1chain2lanescale_fpga_maskopt_system/t1_mudkip2d128big1bram1chain2lanescale_fpga_maskopt_system.gen/sources_1/bd/system_top/ip/system_top_smartconnect_lpd_0/bd_0/ip/ip_3/bd_15fe_psr_aclk1_0_board.xdc] for cell 'system_top_i/smartconnect_lpd/inst/clk_map/psr_aclk1/U0'
Finished Parsing XDC File [/home/cbt22/code/code_fyp/VisionSoC/fpga/build/t1_mudkip2d128big1bram1chain2lanescale_fpga_maskopt_system/t1_mudkip2d128big1bram1chain2lanescale_fpga_maskopt_system.gen/sources_1/bd/system_top/ip/system_top_smartconnect_lpd_0/bd_0/ip/ip_3/bd_15fe_psr_aclk1_0_board.xdc] for cell 'system_top_i/smartconnect_lpd/inst/clk_map/psr_aclk1/U0'
Parsing XDC File [/home/cbt22/code/code_fyp/VisionSoC/fpga/build/t1_mudkip2d128big1bram1chain2lanescale_fpga_maskopt_system/t1_mudkip2d128big1bram1chain2lanescale_fpga_maskopt_system.gen/sources_1/bd/system_top/ip/system_top_smartconnect_lpd_0/smartconnect.xdc] for cell 'system_top_i/smartconnect_lpd/inst'
Finished Parsing XDC File [/home/cbt22/code/code_fyp/VisionSoC/fpga/build/t1_mudkip2d128big1bram1chain2lanescale_fpga_maskopt_system/t1_mudkip2d128big1bram1chain2lanescale_fpga_maskopt_system.gen/sources_1/bd/system_top/ip/system_top_smartconnect_lpd_0/smartconnect.xdc] for cell 'system_top_i/smartconnect_lpd/inst'
Parsing XDC File [/home/cbt22/code/code_fyp/VisionSoC/fpga/build/t1_mudkip2d128big1bram1chain2lanescale_fpga_maskopt_system/t1_mudkip2d128big1bram1chain2lanescale_fpga_maskopt_system.gen/sources_1/bd/system_top/ip/system_top_smartconnect_video_0/bd_0/ip/ip_1/bd_493d_psr_aclk_0_board.xdc] for cell 'system_top_i/smartconnect_video/inst/clk_map/psr_aclk/U0'
Finished Parsing XDC File [/home/cbt22/code/code_fyp/VisionSoC/fpga/build/t1_mudkip2d128big1bram1chain2lanescale_fpga_maskopt_system/t1_mudkip2d128big1bram1chain2lanescale_fpga_maskopt_system.gen/sources_1/bd/system_top/ip/system_top_smartconnect_video_0/bd_0/ip/ip_1/bd_493d_psr_aclk_0_board.xdc] for cell 'system_top_i/smartconnect_video/inst/clk_map/psr_aclk/U0'
Parsing XDC File [/home/cbt22/code/code_fyp/VisionSoC/fpga/build/t1_mudkip2d128big1bram1chain2lanescale_fpga_maskopt_system/t1_mudkip2d128big1bram1chain2lanescale_fpga_maskopt_system.gen/sources_1/bd/system_top/ip/system_top_smartconnect_video_0/smartconnect.xdc] for cell 'system_top_i/smartconnect_video/inst'
Finished Parsing XDC File [/home/cbt22/code/code_fyp/VisionSoC/fpga/build/t1_mudkip2d128big1bram1chain2lanescale_fpga_maskopt_system/t1_mudkip2d128big1bram1chain2lanescale_fpga_maskopt_system.gen/sources_1/bd/system_top/ip/system_top_smartconnect_video_0/smartconnect.xdc] for cell 'system_top_i/smartconnect_video/inst'
Parsing XDC File [/home/cbt22/code/code_fyp/VisionSoC/fpga/system/pin.xdc]
Finished Parsing XDC File [/home/cbt22/code/code_fyp/VisionSoC/fpga/system/pin.xdc]
Parsing XDC File [/home/cbt22/code/code_fyp/VisionSoC/fpga/build/t1_mudkip2d128big1bram1chain2lanescale_fpga_maskopt_system/t1_mudkip2d128big1bram1chain2lanescale_fpga_maskopt_system.gen/sources_1/bd/system_top/ip/system_top_axi_dma_0/system_top_axi_dma_0_clocks.xdc] for cell 'system_top_i/axi_dma/U0'
Finished Parsing XDC File [/home/cbt22/code/code_fyp/VisionSoC/fpga/build/t1_mudkip2d128big1bram1chain2lanescale_fpga_maskopt_system/t1_mudkip2d128big1bram1chain2lanescale_fpga_maskopt_system.gen/sources_1/bd/system_top/ip/system_top_axi_dma_0/system_top_axi_dma_0_clocks.xdc] for cell 'system_top_i/axi_dma/U0'
Parsing XDC File [/home/cbt22/code/code_fyp/VisionSoC/fpga/build/t1_mudkip2d128big1bram1chain2lanescale_fpga_maskopt_system/t1_mudkip2d128big1bram1chain2lanescale_fpga_maskopt_system.gen/sources_1/bd/system_top/ip/system_top_axi_reg_slice_hb_0/system_top_axi_reg_slice_hb_0_clocks.xdc] for cell 'system_top_i/axi_reg_slice_hb/inst'
Finished Parsing XDC File [/home/cbt22/code/code_fyp/VisionSoC/fpga/build/t1_mudkip2d128big1bram1chain2lanescale_fpga_maskopt_system/t1_mudkip2d128big1bram1chain2lanescale_fpga_maskopt_system.gen/sources_1/bd/system_top/ip/system_top_axi_reg_slice_hb_0/system_top_axi_reg_slice_hb_0_clocks.xdc] for cell 'system_top_i/axi_reg_slice_hb/inst'
Parsing XDC File [/home/cbt22/code/code_fyp/VisionSoC/fpga/build/t1_mudkip2d128big1bram1chain2lanescale_fpga_maskopt_system/t1_mudkip2d128big1bram1chain2lanescale_fpga_maskopt_system.gen/sources_1/bd/system_top/ip/system_top_mipi_csi2_rx_0/bd_0/ip/ip_0/bd_a98f_phy_0_clocks.xdc] for cell 'system_top_i/mipi_csi2_rx/inst/phy/inst'
Finished Parsing XDC File [/home/cbt22/code/code_fyp/VisionSoC/fpga/build/t1_mudkip2d128big1bram1chain2lanescale_fpga_maskopt_system/t1_mudkip2d128big1bram1chain2lanescale_fpga_maskopt_system.gen/sources_1/bd/system_top/ip/system_top_mipi_csi2_rx_0/bd_0/ip/ip_0/bd_a98f_phy_0_clocks.xdc] for cell 'system_top_i/mipi_csi2_rx/inst/phy/inst'
Parsing XDC File [/home/cbt22/code/code_fyp/VisionSoC/fpga/build/t1_mudkip2d128big1bram1chain2lanescale_fpga_maskopt_system/t1_mudkip2d128big1bram1chain2lanescale_fpga_maskopt_system.gen/sources_1/bd/system_top/ip/system_top_mipi_csi2_rx_0/system_top_mipi_csi2_rx_0_fixed_impl.xdc] for cell 'system_top_i/mipi_csi2_rx/inst'
INFO: [Timing 38-35] Done setting XDC timing constraints. [/home/cbt22/code/code_fyp/VisionSoC/fpga/build/t1_mudkip2d128big1bram1chain2lanescale_fpga_maskopt_system/t1_mudkip2d128big1bram1chain2lanescale_fpga_maskopt_system.gen/sources_1/bd/system_top/ip/system_top_mipi_csi2_rx_0/system_top_mipi_csi2_rx_0_fixed_impl.xdc:57]
INFO: [Timing 38-2] Deriving generated clocks [/home/cbt22/code/code_fyp/VisionSoC/fpga/build/t1_mudkip2d128big1bram1chain2lanescale_fpga_maskopt_system/t1_mudkip2d128big1bram1chain2lanescale_fpga_maskopt_system.gen/sources_1/bd/system_top/ip/system_top_mipi_csi2_rx_0/system_top_mipi_csi2_rx_0_fixed_impl.xdc:57]
get_clocks: Time (s): cpu = 00:01:04 ; elapsed = 00:00:34 . Memory (MB): peak = 4112.094 ; gain = 1062.000 ; free physical = 45008 ; free virtual = 112923
Finished Parsing XDC File [/home/cbt22/code/code_fyp/VisionSoC/fpga/build/t1_mudkip2d128big1bram1chain2lanescale_fpga_maskopt_system/t1_mudkip2d128big1bram1chain2lanescale_fpga_maskopt_system.gen/sources_1/bd/system_top/ip/system_top_mipi_csi2_rx_0/system_top_mipi_csi2_rx_0_fixed_impl.xdc] for cell 'system_top_i/mipi_csi2_rx/inst'
Parsing XDC File [/home/cbt22/code/code_fyp/VisionSoC/fpga/build/t1_mudkip2d128big1bram1chain2lanescale_fpga_maskopt_system/t1_mudkip2d128big1bram1chain2lanescale_fpga_maskopt_system.gen/sources_1/bd/system_top/ip/system_top_axis_data_fifo_cap_0/system_top_axis_data_fifo_cap_0_clocks.xdc] for cell 'system_top_i/axis_data_fifo_cap/inst'
Finished Parsing XDC File [/home/cbt22/code/code_fyp/VisionSoC/fpga/build/t1_mudkip2d128big1bram1chain2lanescale_fpga_maskopt_system/t1_mudkip2d128big1bram1chain2lanescale_fpga_maskopt_system.gen/sources_1/bd/system_top/ip/system_top_axis_data_fifo_cap_0/system_top_axis_data_fifo_cap_0_clocks.xdc] for cell 'system_top_i/axis_data_fifo_cap/inst'
Parsing XDC File [/home/cbt22/code/code_fyp/VisionSoC/fpga/build/t1_mudkip2d128big1bram1chain2lanescale_fpga_maskopt_system/t1_mudkip2d128big1bram1chain2lanescale_fpga_maskopt_system.gen/sources_1/bd/system_top/ip/system_top_v_frmbuf_wr_0/system_top_v_frmbuf_wr_0.xdc] for cell 'system_top_i/v_frmbuf_wr/inst'
Finished Parsing XDC File [/home/cbt22/code/code_fyp/VisionSoC/fpga/build/t1_mudkip2d128big1bram1chain2lanescale_fpga_maskopt_system/t1_mudkip2d128big1bram1chain2lanescale_fpga_maskopt_system.gen/sources_1/bd/system_top/ip/system_top_v_frmbuf_wr_0/system_top_v_frmbuf_wr_0.xdc] for cell 'system_top_i/v_frmbuf_wr/inst'
Parsing XDC File [/home/cbt22/code/code_fyp/VisionSoC/fpga/build/t1_mudkip2d128big1bram1chain2lanescale_fpga_maskopt_system/t1_mudkip2d128big1bram1chain2lanescale_fpga_maskopt_system.gen/sources_1/bd/system_top/ip/system_top_axis_reg_slice_dma_0/system_top_axis_reg_slice_dma_0_clocks.xdc] for cell 'system_top_i/axis_reg_slice_dma/inst'
Finished Parsing XDC File [/home/cbt22/code/code_fyp/VisionSoC/fpga/build/t1_mudkip2d128big1bram1chain2lanescale_fpga_maskopt_system/t1_mudkip2d128big1bram1chain2lanescale_fpga_maskopt_system.gen/sources_1/bd/system_top/ip/system_top_axis_reg_slice_dma_0/system_top_axis_reg_slice_dma_0_clocks.xdc] for cell 'system_top_i/axis_reg_slice_dma/inst'
INFO: [Project 1-1714] 492 XPM XDC files have been applied to the design.
INFO: [Opt 31-138] Pushed 0 inverter(s) to 0 load pin(s).
Netlist sorting complete. Time (s): cpu = 00:00:00.13 ; elapsed = 00:00:00.13 . Memory (MB): peak = 4112.094 ; gain = 0.000 ; free physical = 45002 ; free virtual = 112917
INFO: [Project 1-111] Unisim Transformation Summary:
  A total of 361 instances were transformed.
  DSP48E2 => DSP48E2 (DSP_ALU, DSP_A_B_DATA, DSP_C_DATA, DSP_MULTIPLIER, DSP_M_DATA, DSP_OUTPUT, DSP_PREADD, DSP_PREADD_DATA): 31 instances
  IBUFDS_DPHY => IBUFDS_DPHY (DPHY_DIFFINBUF, IBUFCTRL): 5 instances
  IOBUF => IOBUF (IBUFCTRL, INBUF, OBUFT): 2 instances
  RAM16X1D => RAM32X1D (RAMD32(x2)): 4 instances
  RAM32M => RAM32M (RAMD32(x6), RAMS32(x2)): 15 instances
  RAM32M16 => RAM32M16 (RAMD32(x14), RAMS32(x2)): 201 instances
  RAM32X1D => RAM32X1D (RAMD32(x2)): 8 instances
  RAM64M => RAM64M (RAMD64E(x4)): 5 instances
  RAM64M8 => RAM64M8 (RAMD64E(x8)): 90 instances

39 Infos, 11 Warnings, 0 Critical Warnings and 0 Errors encountered.
link_design completed successfully
link_design: Time (s): cpu = 00:03:06 ; elapsed = 00:02:28 . Memory (MB): peak = 4112.129 ; gain = 2426.957 ; free physical = 45002 ; free virtual = 112917
Command: opt_design
Attempting to get a license for feature 'Implementation' and/or device 'xck26'
INFO: [Common 17-349] Got license for feature 'Implementation' and/or device 'xck26'
Running DRC as a precondition to command opt_design

Starting DRC Task
INFO: [DRC 23-27] Running DRC with 8 threads
INFO: [Project 1-461] DRC finished with 0 Errors
INFO: [Project 1-462] Please refer to the DRC report (report_drc) for more information.

Time (s): cpu = 00:00:06 ; elapsed = 00:00:02 . Memory (MB): peak = 4112.129 ; gain = 0.000 ; free physical = 44996 ; free virtual = 112912

Starting Cache Timing Information Task
INFO: [Timing 38-35] Done setting XDC timing constraints.
Ending Cache Timing Information Task | Checksum: 21b0b0a2a

Time (s): cpu = 00:00:32 ; elapsed = 00:00:12 . Memory (MB): peak = 4112.129 ; gain = 0.000 ; free physical = 44971 ; free virtual = 112887

Starting Logic Optimization Task

Phase 1 Initialization

Phase 1.1 Core Generation And Design Setup
Phase 1.1 Core Generation And Design Setup | Checksum: 21b0b0a2a

Time (s): cpu = 00:00:00.38 ; elapsed = 00:00:00.39 . Memory (MB): peak = 4427.906 ; gain = 0.000 ; free physical = 44679 ; free virtual = 112594

Phase 1.2 Setup Constraints And Sort Netlist
Phase 1.2 Setup Constraints And Sort Netlist | Checksum: 21b0b0a2a

Time (s): cpu = 00:00:00.61 ; elapsed = 00:00:01 . Memory (MB): peak = 4427.906 ; gain = 0.000 ; free physical = 44678 ; free virtual = 112593
Phase 1 Initialization | Checksum: 21b0b0a2a

Time (s): cpu = 00:00:00.65 ; elapsed = 00:00:01 . Memory (MB): peak = 4427.906 ; gain = 0.000 ; free physical = 44678 ; free virtual = 112593

Phase 2 Timer Update And Timing Data Collection

Phase 2.1 Detect if minReqCache needed
Phase 2.1 Detect if minReqCache needed | Checksum: 21b0b0a2a

Time (s): cpu = 00:00:00.92 ; elapsed = 00:00:02 . Memory (MB): peak = 4478.875 ; gain = 50.969 ; free physical = 44619 ; free virtual = 112534

Phase 2.2 Timer Update
Phase 2.2 Timer Update | Checksum: 21b0b0a2a

Time (s): cpu = 00:00:29 ; elapsed = 00:00:08 . Memory (MB): peak = 4478.875 ; gain = 50.969 ; free physical = 44616 ; free virtual = 112531

Phase 2.3 Timing Data Collection
Phase 2.3 Timing Data Collection | Checksum: 21b0b0a2a

Time (s): cpu = 00:00:29 ; elapsed = 00:00:08 . Memory (MB): peak = 4478.875 ; gain = 50.969 ; free physical = 44616 ; free virtual = 112531
Phase 2 Timer Update And Timing Data Collection | Checksum: 21b0b0a2a

Time (s): cpu = 00:00:29 ; elapsed = 00:00:08 . Memory (MB): peak = 4478.875 ; gain = 50.969 ; free physical = 44616 ; free virtual = 112531

Phase 3 Retarget
INFO: [Opt 31-1851] Number of loadless carry chains removed were: 0
INFO: [Opt 31-1834] Total Chains To Be Transformed Were: 0 AND Number of Transformed insts Created are: 0
INFO: [Opt 31-1566] Pulled 798 inverters resulting in an inversion of 8416 pins
INFO: [Opt 31-138] Pushed 291 inverter(s) to 27265 load pin(s).
INFO: [Opt 31-49] Retargeted 0 cell(s).
Phase 3 Retarget | Checksum: 1bb43b6db

Time (s): cpu = 00:00:46 ; elapsed = 00:00:24 . Memory (MB): peak = 4478.875 ; gain = 50.969 ; free physical = 44611 ; free virtual = 112526
Retarget | Checksum: 1bb43b6db
INFO: [Opt 31-389] Phase Retarget created 339 cells and removed 2279 cells
INFO: [Opt 31-1021] In phase Retarget, 362 netlist objects are constrained preventing optimization. Please run opt_design with -debug_log to get more detail. 

Phase 4 Constant propagation
INFO: [Opt 31-138] Pushed 16 inverter(s) to 28 load pin(s).
Phase 4 Constant propagation | Checksum: 28c668c5c

Time (s): cpu = 00:00:53 ; elapsed = 00:00:31 . Memory (MB): peak = 4478.875 ; gain = 50.969 ; free physical = 44611 ; free virtual = 112526
Constant propagation | Checksum: 28c668c5c
INFO: [Opt 31-389] Phase Constant propagation created 441 cells and removed 3287 cells
INFO: [Opt 31-1021] In phase Constant propagation, 761 netlist objects are constrained preventing optimization. Please run opt_design with -debug_log to get more detail. 

Phase 5 Sweep
INFO: [Constraints 18-11670] Building netlist checker database with flags, 0x8
Done building netlist checker database: Time (s): cpu = 00:00:00.12 ; elapsed = 00:00:00.12 . Memory (MB): peak = 4478.875 ; gain = 0.000 ; free physical = 44608 ; free virtual = 112523
INFO: [Constraints 18-11670] Building netlist checker database with flags, 0x8
Done building netlist checker database: Time (s): cpu = 00:00:00.12 ; elapsed = 00:00:00.12 . Memory (MB): peak = 4478.875 ; gain = 0.000 ; free physical = 44612 ; free virtual = 112527
INFO: [Opt 31-120] Instance system_top_i/smartconnect_video/inst/s00_nodes/s00_ar_node/inst/inst_si_handler (system_top_smartconnect_video_0_sc_node_v1_0_19_si_handler) has been optimized to an empty box cell during sweep but it has constraints that prevent its removal. Empty box cells do not impact the implementation flow but they have no functional relevance.
Resolution: If this is not expected, please check for DONT_TOUCH properties or timing constraint set on the empty box cell or on nets connected to the cell. If found, remove the relevant DONT_TOUCH property or timing constraint and re-run opt_design.
Phase 5 Sweep | Checksum: 1d0a45a49

Time (s): cpu = 00:01:18 ; elapsed = 00:00:57 . Memory (MB): peak = 4478.875 ; gain = 50.969 ; free physical = 44610 ; free virtual = 112526
Sweep | Checksum: 1d0a45a49
INFO: [Opt 31-389] Phase Sweep created 0 cells and removed 3960 cells
INFO: [Opt 31-1021] In phase Sweep, 832 netlist objects are constrained preventing optimization. Please run opt_design with -debug_log to get more detail. 

Phase 6 BUFG optimization
INFO: [Opt 31-1077] Phase BUFG optimization inserted 0 global clock buffer(s) for CLOCK_LOW_FANOUT.
INFO: [Opt 31-274] Optimized connectivity to 1 cascaded buffer cells
Phase 6 BUFG optimization | Checksum: 1cd36e38f

Time (s): cpu = 00:01:26 ; elapsed = 00:01:01 . Memory (MB): peak = 4527.719 ; gain = 99.812 ; free physical = 44612 ; free virtual = 112527
BUFG optimization | Checksum: 1cd36e38f
INFO: [Opt 31-662] Phase BUFG optimization created 0 cells of which 0 are BUFGs and removed 1 cells.

Phase 7 Shift Register Optimization
INFO: [Opt 31-1064] SRL Remap converted 0 SRLs to 0 registers and converted 0 registers of register chains to 0 SRLs
Phase 7 Shift Register Optimization | Checksum: 1cd36e38f

Time (s): cpu = 00:01:27 ; elapsed = 00:01:02 . Memory (MB): peak = 4527.719 ; gain = 99.812 ; free physical = 44612 ; free virtual = 112527
Shift Register Optimization | Checksum: 1cd36e38f
INFO: [Opt 31-389] Phase Shift Register Optimization created 0 cells and removed 0 cells

Phase 8 Post Processing Netlist
Phase 8 Post Processing Netlist | Checksum: 1d95879af

Time (s): cpu = 00:01:29 ; elapsed = 00:01:04 . Memory (MB): peak = 4527.719 ; gain = 99.812 ; free physical = 44612 ; free virtual = 112527
Post Processing Netlist | Checksum: 1d95879af
INFO: [Opt 31-389] Phase Post Processing Netlist created 0 cells and removed 0 cells
INFO: [Opt 31-1021] In phase Post Processing Netlist, 407 netlist objects are constrained preventing optimization. Please run opt_design with -debug_log to get more detail. 

Phase 9 Finalization

Phase 9.1 Finalizing Design Cores and Updating Shapes
Phase 9.1 Finalizing Design Cores and Updating Shapes | Checksum: 25b0b54a9

Time (s): cpu = 00:01:33 ; elapsed = 00:01:08 . Memory (MB): peak = 4527.719 ; gain = 99.812 ; free physical = 44609 ; free virtual = 112524

Phase 9.2 Verifying Netlist Connectivity

Starting Connectivity Check Task

Time (s): cpu = 00:00:00.87 ; elapsed = 00:00:00.88 . Memory (MB): peak = 4527.719 ; gain = 0.000 ; free physical = 44609 ; free virtual = 112525
Phase 9.2 Verifying Netlist Connectivity | Checksum: 25b0b54a9

Time (s): cpu = 00:01:33 ; elapsed = 00:01:09 . Memory (MB): peak = 4527.719 ; gain = 99.812 ; free physical = 44609 ; free virtual = 112525
Phase 9 Finalization | Checksum: 25b0b54a9

Time (s): cpu = 00:01:33 ; elapsed = 00:01:09 . Memory (MB): peak = 4527.719 ; gain = 99.812 ; free physical = 44609 ; free virtual = 112525
Opt_design Change Summary
=========================


-------------------------------------------------------------------------------------------------------------------------
|  Phase                        |  #Cells created  |  #Cells Removed  |  #Constrained objects preventing optimizations  |
-------------------------------------------------------------------------------------------------------------------------
|  Retarget                     |             339  |            2279  |                                            362  |
|  Constant propagation         |             441  |            3287  |                                            761  |
|  Sweep                        |               0  |            3960  |                                            832  |
|  BUFG optimization            |               0  |               1  |                                              0  |
|  Shift Register Optimization  |               0  |               0  |                                              0  |
|  Post Processing Netlist      |               0  |               0  |                                            407  |
-------------------------------------------------------------------------------------------------------------------------


Ending Logic Optimization Task | Checksum: 25b0b54a9

Time (s): cpu = 00:01:34 ; elapsed = 00:01:09 . Memory (MB): peak = 4527.719 ; gain = 99.812 ; free physical = 44609 ; free virtual = 112525

Starting Power Optimization Task
INFO: [Pwropt 34-132] Skipping clock gating for clocks with a period < 2.00 ns.
INFO: [Pwropt 34-9] Applying IDT optimizations ...
INFO: [Pwropt 34-10] Applying ODC optimizations ...
INFO: [Timing 38-35] Done setting XDC timing constraints.
Running Vector-less Activity Propagation...

Finished Running Vector-less Activity Propagation


Starting PowerOpt Patch Enables Task
INFO: [Pwropt 34-162] WRITE_MODE attribute of 0 BRAM(s) out of a total of 145 has been updated to save power. Run report_power_opt to get a complete listing of the BRAMs updated.
INFO: [Pwropt 34-201] Structural ODC has moved 10 WE to EN ports
Number of BRAM Ports augmented: 3 newly gated: 61 Total Ports: 290
Ending PowerOpt Patch Enables Task | Checksum: 1b75837f2

Time (s): cpu = 00:00:03 ; elapsed = 00:00:03 . Memory (MB): peak = 5168.102 ; gain = 0.000 ; free physical = 44109 ; free virtual = 112025
Ending Power Optimization Task | Checksum: 1b75837f2

Time (s): cpu = 00:02:52 ; elapsed = 00:01:01 . Memory (MB): peak = 5168.102 ; gain = 640.383 ; free physical = 44109 ; free virtual = 112025

Starting Final Cleanup Task
Ending Final Cleanup Task | Checksum: 1b75837f2

Time (s): cpu = 00:00:00.04 ; elapsed = 00:00:00.03 . Memory (MB): peak = 5168.102 ; gain = 0.000 ; free physical = 44109 ; free virtual = 112025
Netlist sorting complete. Time (s): cpu = 00:00:00.31 ; elapsed = 00:00:00.32 . Memory (MB): peak = 5168.102 ; gain = 0.000 ; free physical = 44109 ; free virtual = 112025
INFO: [Common 17-83] Releasing license: Implementation
73 Infos, 11 Warnings, 0 Critical Warnings and 0 Errors encountered.
opt_design completed successfully
opt_design: Time (s): cpu = 00:05:09 ; elapsed = 00:02:32 . Memory (MB): peak = 5168.102 ; gain = 1055.973 ; free physical = 44109 ; free virtual = 112025
INFO: [Vivado 12-24828] Executing command : report_drc -file system_top_wrapper_drc_opted.rpt -pb system_top_wrapper_drc_opted.pb -rpx system_top_wrapper_drc_opted.rpx
Command: report_drc -file system_top_wrapper_drc_opted.rpt -pb system_top_wrapper_drc_opted.pb -rpx system_top_wrapper_drc_opted.rpx
INFO: [IP_Flow 19-1839] IP Catalog is up to date.
INFO: [Timing 38-35] Done setting XDC timing constraints.
INFO: [DRC 23-27] Running DRC with 8 threads
INFO: [Vivado_Tcl 2-168] The results of DRC are in file /home/cbt22/code/code_fyp/VisionSoC/fpga/build/t1_mudkip2d128big1bram1chain2lanescale_fpga_maskopt_system/t1_mudkip2d128big1bram1chain2lanescale_fpga_maskopt_system.runs/impl_1/system_top_wrapper_drc_opted.rpt.
report_drc completed successfully
report_drc: Time (s): cpu = 00:03:38 ; elapsed = 00:01:06 . Memory (MB): peak = 5168.102 ; gain = 0.000 ; free physical = 44026 ; free virtual = 111894
generate_parallel_reports: Time (s): cpu = 00:03:38 ; elapsed = 00:01:06 . Memory (MB): peak = 5168.102 ; gain = 0.000 ; free physical = 44026 ; free virtual = 111894
INFO: [Timing 38-480] Writing timing data to binary archive.
Wrote PlaceDB: Time (s): cpu = 00:00:00.11 ; elapsed = 00:00:00.02 . Memory (MB): peak = 5168.102 ; gain = 0.000 ; free physical = 44024 ; free virtual = 111894
Wrote PulsedLatchDB: Time (s): cpu = 00:00:00 ; elapsed = 00:00:00 . Memory (MB): peak = 5168.102 ; gain = 0.000 ; free physical = 44024 ; free virtual = 111894
Writing XDEF routing.
Writing XDEF routing logical nets.
Write ShapeDB Complete: Time (s): cpu = 00:00:02 ; elapsed = 00:00:00.41 . Memory (MB): peak = 5168.102 ; gain = 0.000 ; free physical = 44015 ; free virtual = 111896
Writing XDEF routing special nets.
Wrote RouteStorage: Time (s): cpu = 00:00:03 ; elapsed = 00:00:00.82 . Memory (MB): peak = 5168.102 ; gain = 0.000 ; free physical = 44006 ; free virtual = 111895
Wrote Netlist Cache: Time (s): cpu = 00:00:00.01 ; elapsed = 00:00:00 . Memory (MB): peak = 5168.102 ; gain = 0.000 ; free physical = 44006 ; free virtual = 111895
Wrote Device Cache: Time (s): cpu = 00:00:00.12 ; elapsed = 00:00:00.04 . Memory (MB): peak = 5168.102 ; gain = 0.000 ; free physical = 44004 ; free virtual = 111897
Write Physdb Complete: Time (s): cpu = 00:00:04 ; elapsed = 00:00:00.9 . Memory (MB): peak = 5168.102 ; gain = 0.000 ; free physical = 44003 ; free virtual = 111897
INFO: [Common 17-1381] The checkpoint '/home/cbt22/code/code_fyp/VisionSoC/fpga/build/t1_mudkip2d128big1bram1chain2lanescale_fpga_maskopt_system/t1_mudkip2d128big1bram1chain2lanescale_fpga_maskopt_system.runs/impl_1/system_top_wrapper_opt.dcp' has been generated.
write_checkpoint: Time (s): cpu = 00:00:39 ; elapsed = 00:00:26 . Memory (MB): peak = 5168.102 ; gain = 0.000 ; free physical = 43984 ; free virtual = 111893
Command: place_design
Attempting to get a license for feature 'Implementation' and/or device 'xck26'
INFO: [Common 17-349] Got license for feature 'Implementation' and/or device 'xck26'
INFO: [Common 17-83] Releasing license: Implementation
INFO: [DRC 23-27] Running DRC with 8 threads
INFO: [Vivado_Tcl 4-198] DRC finished with 0 Errors
INFO: [Vivado_Tcl 4-199] Please refer to the DRC report (report_drc) for more information.
Running DRC as a precondition to command place_design
INFO: [DRC 23-27] Running DRC with 8 threads
INFO: [Vivado_Tcl 4-198] DRC finished with 0 Errors
INFO: [Vivado_Tcl 4-199] Please refer to the DRC report (report_drc) for more information.
INFO: [Place 30-611] Multithreading enabled for place_design using a maximum of 8 CPUs

Starting Placer Task

Phase 1 Placer Initialization

Phase 1.1 Placer Initialization Netlist Sorting
Netlist sorting complete. Time (s): cpu = 00:00:00.12 ; elapsed = 00:00:00.12 . Memory (MB): peak = 5526.012 ; gain = 0.000 ; free physical = 43983 ; free virtual = 111892
Phase 1.1 Placer Initialization Netlist Sorting | Checksum: 1202172ab

Time (s): cpu = 00:00:00.3 ; elapsed = 00:00:00.25 . Memory (MB): peak = 5526.012 ; gain = 0.000 ; free physical = 43983 ; free virtual = 111892
Netlist sorting complete. Time (s): cpu = 00:00:00.12 ; elapsed = 00:00:00.12 . Memory (MB): peak = 5526.012 ; gain = 0.000 ; free physical = 43983 ; free virtual = 111892

Phase 1.2 IO Placement/ Clock Placement/ Build Placer Device
Phase 1.2 IO Placement/ Clock Placement/ Build Placer Device | Checksum: 2012d451c

Time (s): cpu = 00:00:38 ; elapsed = 00:00:24 . Memory (MB): peak = 5526.012 ; gain = 0.000 ; free physical = 43982 ; free virtual = 111891

Phase 1.3 Build Placer Netlist Model
Phase 1.3 Build Placer Netlist Model | Checksum: 2358e05a2

Time (s): cpu = 00:04:09 ; elapsed = 00:02:00 . Memory (MB): peak = 5526.012 ; gain = 0.000 ; free physical = 43649 ; free virtual = 111559

Phase 1.4 Constrain Clocks/Macros
Phase 1.4 Constrain Clocks/Macros | Checksum: 2358e05a2

Time (s): cpu = 00:04:10 ; elapsed = 00:02:01 . Memory (MB): peak = 5526.012 ; gain = 0.000 ; free physical = 43649 ; free virtual = 111559
Phase 1 Placer Initialization | Checksum: 2358e05a2

Time (s): cpu = 00:04:11 ; elapsed = 00:02:03 . Memory (MB): peak = 5526.012 ; gain = 0.000 ; free physical = 43649 ; free virtual = 111558

Phase 2 Global Placement

Phase 2.1 Floorplanning

Phase 2.1.1 Partition Driven Placement

Phase 2.1.1.1 PBP: Partition Driven Placement
Phase 2.1.1.1 PBP: Partition Driven Placement | Checksum: 25938188d

Time (s): cpu = 00:12:00 ; elapsed = 00:05:15 . Memory (MB): peak = 5597.348 ; gain = 71.336 ; free physical = 43521 ; free virtual = 111431

Phase 2.1.1.2 PBP: Clock Region Placement
INFO: [Place 30-3162] Check ILP status : ILP-based clock placer completed successfully.
Phase 2.1.1.2 PBP: Clock Region Placement | Checksum: 2396dd42a

Time (s): cpu = 00:12:10 ; elapsed = 00:05:25 . Memory (MB): peak = 5597.348 ; gain = 71.336 ; free physical = 43518 ; free virtual = 111429

Phase 2.1.1.3 PBP: Discrete Incremental
Phase 2.1.1.3 PBP: Discrete Incremental | Checksum: 2965ba70c

Time (s): cpu = 00:12:16 ; elapsed = 00:05:31 . Memory (MB): peak = 5597.348 ; gain = 71.336 ; free physical = 43517 ; free virtual = 111428

Phase 2.1.1.4 PBP: Compute Congestion
Phase 2.1.1.4 PBP: Compute Congestion | Checksum: 2965ba70c

Time (s): cpu = 00:12:58 ; elapsed = 00:05:42 . Memory (MB): peak = 5872.348 ; gain = 346.336 ; free physical = 43260 ; free virtual = 111171

Phase 2.1.1.5 PBP: Macro Placement
Phase 2.1.1.5 PBP: Macro Placement | Checksum: 27027730a

Time (s): cpu = 00:13:01 ; elapsed = 00:05:45 . Memory (MB): peak = 5872.348 ; gain = 346.336 ; free physical = 43260 ; free virtual = 111171

Phase 2.1.1.6 PBP: UpdateTiming
Phase 2.1.1.6 PBP: UpdateTiming | Checksum: 1c3c2f807

Time (s): cpu = 00:14:00 ; elapsed = 00:06:05 . Memory (MB): peak = 5933.402 ; gain = 407.391 ; free physical = 43254 ; free virtual = 111165

Phase 2.1.1.7 PBP: Add part constraints
Phase 2.1.1.7 PBP: Add part constraints | Checksum: 1c3c2f807

Time (s): cpu = 00:14:01 ; elapsed = 00:06:06 . Memory (MB): peak = 5933.402 ; gain = 407.391 ; free physical = 43254 ; free virtual = 111165
Phase 2.1.1 Partition Driven Placement | Checksum: 1c3c2f807

Time (s): cpu = 00:14:01 ; elapsed = 00:06:06 . Memory (MB): peak = 5933.402 ; gain = 407.391 ; free physical = 43254 ; free virtual = 111165
Phase 2.1 Floorplanning | Checksum: 1c3c2f807

Time (s): cpu = 00:14:01 ; elapsed = 00:06:06 . Memory (MB): peak = 5933.402 ; gain = 407.391 ; free physical = 43254 ; free virtual = 111165

Phase 2.2 Update Timing before SLR Path Opt
Phase 2.2 Update Timing before SLR Path Opt | Checksum: 1c3c2f807

Time (s): cpu = 00:14:02 ; elapsed = 00:06:07 . Memory (MB): peak = 5933.402 ; gain = 407.391 ; free physical = 43254 ; free virtual = 111165

Phase 2.3 Post-Processing in Floorplanning
Phase 2.3 Post-Processing in Floorplanning | Checksum: 246d76da9

Time (s): cpu = 00:14:03 ; elapsed = 00:06:08 . Memory (MB): peak = 5933.402 ; gain = 407.391 ; free physical = 43253 ; free virtual = 111164

Phase 2.4 Global Place Phase1
Phase 2.4 Global Place Phase1 | Checksum: 23f801310

Time (s): cpu = 00:25:14 ; elapsed = 00:11:11 . Memory (MB): peak = 6182.402 ; gain = 656.391 ; free physical = 42992 ; free virtual = 110905

Phase 2.5 Global Place Phase2

Phase 2.5.1 UpdateTiming Before Physical Synthesis
Phase 2.5.1 UpdateTiming Before Physical Synthesis | Checksum: 172806c7c

Time (s): cpu = 00:26:48 ; elapsed = 00:11:37 . Memory (MB): peak = 6182.402 ; gain = 656.391 ; free physical = 42989 ; free virtual = 110901

Phase 2.5.2 Physical Synthesis In Placer
INFO: [Physopt 32-1035] Found 152 LUTNM shape to break, 3459 LUT instances to create LUTNM shape
INFO: [Physopt 32-1044] Break lutnm for timing: one critical 91, two critical 61, total 152, new lutff created 0
INFO: [Physopt 32-1138] End 1 Pass. Optimized 1438 nets or LUTs. Breaked 152 LUTs, combined 1286 existing LUTs and moved 0 existing LUT
INFO: [Physopt 32-1030] Pass 1. Identified 163 candidate driver sets for equivalent driver rewiring.
INFO: [Physopt 32-661] Optimized 162 nets.  Re-placed 751 instances.
INFO: [Physopt 32-775] End 1 Pass. Optimized 162 nets or cells. Created 5 new cells, deleted 25 existing cells and moved 751 existing cells
Netlist sorting complete. Time (s): cpu = 00:00:01 ; elapsed = 00:00:01 . Memory (MB): peak = 6182.402 ; gain = 0.000 ; free physical = 42989 ; free virtual = 110901
WARNING: [Physopt 32-894] Found a constraint with the -through option on pin system_top_i/mipi_csi2_rx/inst/rx/mipi_csi2_rx_ctrl_v1_0_14_top_dut/xpm_arst_vid1500_v/src_arst or the net immediately connecting to the pin. This constraint will block optimizations for this and all downstream leaf pins.
INFO: [Physopt 32-1408] Pass 1. Identified 1 candidate net for high-fanout optimization.
INFO: [Physopt 32-81] Processed net system_top_i/proc_sys_reset_300M/U0/peripheral_aresetn[0]. Replicated 11 times.
WARNING: [Physopt 32-894] Found a constraint with the -through option on pin system_top_i/mipi_csi2_rx/inst/rx/mipi_csi2_rx_ctrl_v1_0_14_top_dut/xpm_arst_vid1500/src_arst or the net immediately connecting to the pin. This constraint will block optimizations for this and all downstream leaf pins.
INFO: [Physopt 32-232] Optimized 1 net. Created 11 new instances.
INFO: [Physopt 32-775] End 1 Pass. Optimized 1 net or cell. Created 11 new cells, deleted 0 existing cell and moved 0 existing cell
Netlist sorting complete. Time (s): cpu = 00:00:00.27 ; elapsed = 00:00:00.28 . Memory (MB): peak = 6182.402 ; gain = 0.000 ; free physical = 42988 ; free virtual = 110901
INFO: [Physopt 32-456] No candidate cells for DSP register optimization found in the design.
INFO: [Physopt 32-775] End 2 Pass. Optimized 0 net or cell. Created 0 new cell, deleted 0 existing cell and moved 0 existing cell
INFO: [Physopt 32-1123] No candidate cells found for Shift Register to Pipeline optimization
INFO: [Physopt 32-775] End 2 Pass. Optimized 0 net or cell. Created 0 new cell, deleted 0 existing cell and moved 0 existing cell
INFO: [Physopt 32-1401] No candidate cells found for Shift Register optimization.
INFO: [Physopt 32-677] No candidate cells for Shift Register optimization found in the design
INFO: [Physopt 32-775] End 1 Pass. Optimized 0 net or cell. Created 0 new cell, deleted 0 existing cell and moved 0 existing cell
INFO: [Physopt 32-526] No candidate cells for BRAM register optimization found in the design
INFO: [Physopt 32-775] End 1 Pass. Optimized 0 net or cell. Created 0 new cell, deleted 0 existing cell and moved 0 existing cell
INFO: [Physopt 32-846] No candidate cells for URAM register optimization found in the design
INFO: [Physopt 32-775] End 1 Pass. Optimized 0 net or cell. Created 0 new cell, deleted 0 existing cell and moved 0 existing cell
INFO: [Physopt 32-846] No candidate cells for URAM register optimization found in the design
INFO: [Physopt 32-775] End 1 Pass. Optimized 0 net or cell. Created 0 new cell, deleted 0 existing cell and moved 0 existing cell
INFO: [Physopt 32-949] No candidate nets found for dynamic/static region interface net replication
INFO: [Physopt 32-775] End 1 Pass. Optimized 0 net or cell. Created 0 new cell, deleted 0 existing cell and moved 0 existing cell
Netlist sorting complete. Time (s): cpu = 00:00:00.15 ; elapsed = 00:00:00.16 . Memory (MB): peak = 6182.402 ; gain = 0.000 ; free physical = 42989 ; free virtual = 110902

Summary of Physical Synthesis Optimizations
============================================


-----------------------------------------------------------------------------------------------------------------------------------------------------------
|  Optimization                                     |  Added Cells  |  Removed Cells  |  Optimized Cells/Nets  |  Dont Touch  |  Iterations  |  Elapsed   |
-----------------------------------------------------------------------------------------------------------------------------------------------------------
|  LUT Combining                                    |          152  |           1286  |                  1438  |           0  |           1  |  00:00:11  |
|  Retime                                           |            0  |              0  |                     0  |           0  |           1  |  00:00:00  |
|  Equivalent Driver Rewiring                       |            5  |             25  |                   162  |           3  |           1  |  00:00:50  |
|  Very High Fanout                                 |           11  |              0  |                     1  |           0  |           1  |  00:00:02  |
|  DSP Register                                     |            0  |              0  |                     0  |           0  |           1  |  00:00:00  |
|  Shift Register to Pipeline                       |            0  |              0  |                     0  |           0  |           1  |  00:00:00  |
|  Shift Register                                   |            0  |              0  |                     0  |           0  |           1  |  00:00:00  |
|  BRAM Register                                    |            0  |              0  |                     0  |           0  |           1  |  00:00:00  |
|  URAM Register                                    |            0  |              0  |                     0  |           0  |           1  |  00:00:01  |
|  Dynamic/Static Region Interface Net Replication  |            0  |              0  |                     0  |           0  |           1  |  00:00:00  |
|  Total                                            |          168  |           1311  |                  1601  |           3  |          10  |  00:01:04  |
-----------------------------------------------------------------------------------------------------------------------------------------------------------


Phase 2.5.2 Physical Synthesis In Placer | Checksum: 1b2aed0b3

Time (s): cpu = 00:28:52 ; elapsed = 00:13:09 . Memory (MB): peak = 6182.402 ; gain = 656.391 ; free physical = 42991 ; free virtual = 110904
Phase 2.5 Global Place Phase2 | Checksum: 1daa50765

Time (s): cpu = 00:30:04 ; elapsed = 00:13:34 . Memory (MB): peak = 6182.402 ; gain = 656.391 ; free physical = 42987 ; free virtual = 110900
Phase 2 Global Placement | Checksum: 1daa50765

Time (s): cpu = 00:30:05 ; elapsed = 00:13:34 . Memory (MB): peak = 6182.402 ; gain = 656.391 ; free physical = 42988 ; free virtual = 110900

Phase 3 Detail Placement

Phase 3.1 Commit Multi Column Macros
Phase 3.1 Commit Multi Column Macros | Checksum: 150d1b4e2

Time (s): cpu = 00:31:40 ; elapsed = 00:14:04 . Memory (MB): peak = 6182.402 ; gain = 656.391 ; free physical = 42983 ; free virtual = 110895

Phase 3.2 Commit Most Macros & LUTRAMs
Phase 3.2 Commit Most Macros & LUTRAMs | Checksum: 1f3b84286

Time (s): cpu = 00:32:42 ; elapsed = 00:14:24 . Memory (MB): peak = 6182.402 ; gain = 656.391 ; free physical = 42980 ; free virtual = 110892

Phase 3.3 Small Shape DP

Phase 3.3.1 Small Shape Clustering
Phase 3.3.1 Small Shape Clustering | Checksum: 19a0fdabb

Time (s): cpu = 00:36:16 ; elapsed = 00:15:29 . Memory (MB): peak = 6313.199 ; gain = 787.188 ; free physical = 42877 ; free virtual = 110789

Phase 3.3.2 Slice Area Swap

Phase 3.3.2.1 Slice Area Swap Initial
Phase 3.3.2.1 Slice Area Swap Initial | Checksum: 1c45c3c88

Time (s): cpu = 00:38:35 ; elapsed = 00:17:40 . Memory (MB): peak = 6313.199 ; gain = 787.188 ; free physical = 42864 ; free virtual = 110777
Phase 3.3.2 Slice Area Swap | Checksum: 1c45c3c88

Time (s): cpu = 00:38:37 ; elapsed = 00:17:41 . Memory (MB): peak = 6313.199 ; gain = 787.188 ; free physical = 42864 ; free virtual = 110777
Phase 3.3 Small Shape DP | Checksum: 1872ab449

Time (s): cpu = 00:41:59 ; elapsed = 00:18:38 . Memory (MB): peak = 6313.199 ; gain = 787.188 ; free physical = 42858 ; free virtual = 110770

Phase 3.4 Re-assign LUT pins
Phase 3.4 Re-assign LUT pins | Checksum: 1a5684b5d

Time (s): cpu = 00:42:31 ; elapsed = 00:19:08 . Memory (MB): peak = 6313.199 ; gain = 787.188 ; free physical = 42863 ; free virtual = 110776

Phase 3.5 Pipeline Register Optimization
Phase 3.5 Pipeline Register Optimization | Checksum: 2dc12d108

Time (s): cpu = 00:42:35 ; elapsed = 00:19:10 . Memory (MB): peak = 6313.199 ; gain = 787.188 ; free physical = 42863 ; free virtual = 110775
Phase 3 Detail Placement | Checksum: 2dc12d108

Time (s): cpu = 00:42:38 ; elapsed = 00:19:10 . Memory (MB): peak = 6313.199 ; gain = 787.188 ; free physical = 42863 ; free virtual = 110775

Phase 4 Post Placement Optimization and Clean-Up

Phase 4.1 Post Commit Optimization
INFO: [Timing 38-35] Done setting XDC timing constraints.

Phase 4.1.1 Post Placement Optimization
Post Placement Optimization Initialization | Checksum: 24e82933c

Phase 4.1.1.1 BUFG Insertion

Starting Physical Synthesis Task

Phase 1 Physical Synthesis Initialization
INFO: [Physopt 32-721] Multithreading enabled for phys_opt_design using a maximum of 8 CPUs
INFO: [Physopt 32-619] Estimated Timing Summary | WNS=-0.092 | TNS=-0.249 |
Phase 1 Physical Synthesis Initialization | Checksum: 120380d7f

Time (s): cpu = 00:00:31 ; elapsed = 00:00:06 . Memory (MB): peak = 6313.199 ; gain = 0.000 ; free physical = 42836 ; free virtual = 110748
INFO: [Place 46-35] Processed net system_top_i/t1_top/inst/u_t1/maskUnit2D_0/v0BramInst/activeCacheRow_reg[3], inserted BUFG to drive 1044 loads.
INFO: [Place 46-35] Processed net system_top_i/t1_top/inst/u_t1/replayFSM/maskPipeReq_valid0, inserted BUFG to drive 1542 loads.
INFO: [Place 46-35] Processed net system_top_i/t1_top/inst/u_t1/lsu2D_0/loadUnit/bufferDequeueFire, inserted BUFG to drive 1046 loads.
INFO: [Place 46-35] Processed net system_top_i/t1_top/inst/u_t1/replayFSM/E[0], inserted BUFG to drive 1051 loads.
INFO: [Place 46-35] Processed net system_top_i/t1_top/inst/u_t1/lsu2D_0/storeUnit/accessData_00, inserted BUFG to drive 1027 loads.
INFO: [Place 46-35] Processed net system_top_i/t1_top/inst/u_t1/maskUnit2D_0/writeCountPipe0_pipe_v, inserted BUFG to drive 1025 loads.
INFO: [Place 46-45] Replicated bufg driver system_top_i/t1_top/inst/u_t1/maskUnit2D_0/writeCountPipe0_pipe_v_reg_replica
INFO: [Place 46-35] Processed net system_top_i/t1_top/inst/u_t1/maskUnit2D_0/activeCacheChunks_7[0], inserted BUFG to drive 1024 loads.
INFO: [Place 46-56] BUFG insertion identified 7 candidate nets. Inserted BUFG: 7, Replicated BUFG Driver: 1, Skipped due to Placement/Routing Conflicts: 0, Skipped due to Timing Degradation: 0, Skipped due to netlist editing failed: 0.
Ending Physical Synthesis Task | Checksum: 27ac3cf51

Time (s): cpu = 00:00:56 ; elapsed = 00:00:22 . Memory (MB): peak = 6313.199 ; gain = 0.000 ; free physical = 42846 ; free virtual = 110758
Phase 4.1.1.1 BUFG Insertion | Checksum: 28974855b

Time (s): cpu = 00:49:48 ; elapsed = 00:21:07 . Memory (MB): peak = 6313.199 ; gain = 787.188 ; free physical = 42846 ; free virtual = 110758

Phase 4.1.1.2 Post Placement Timing Optimization
INFO: [Place 30-746] Post Placement Timing Summary WNS=0.281. For the most accurate timing information please run report_timing.
Phase 4.1.1.2 Post Placement Timing Optimization | Checksum: 2103e75b1

Time (s): cpu = 00:52:48 ; elapsed = 00:23:35 . Memory (MB): peak = 6313.199 ; gain = 787.188 ; free physical = 42859 ; free virtual = 110772

Time (s): cpu = 00:52:48 ; elapsed = 00:23:35 . Memory (MB): peak = 6313.199 ; gain = 787.188 ; free physical = 42859 ; free virtual = 110772
Phase 4.1 Post Commit Optimization | Checksum: 2103e75b1

Time (s): cpu = 00:52:51 ; elapsed = 00:23:36 . Memory (MB): peak = 6313.199 ; gain = 787.188 ; free physical = 42860 ; free virtual = 110772
Netlist sorting complete. Time (s): cpu = 00:00:00.64 ; elapsed = 00:00:00.65 . Memory (MB): peak = 6325.410 ; gain = 0.000 ; free physical = 42856 ; free virtual = 110769

Phase 4.2 Post Placement Cleanup
Phase 4.2 Post Placement Cleanup | Checksum: 1eb336553

Time (s): cpu = 00:53:45 ; elapsed = 00:23:59 . Memory (MB): peak = 6325.410 ; gain = 799.398 ; free physical = 42856 ; free virtual = 110769

Phase 4.3 Placer Reporting

Phase 4.3.1 Print Estimated Congestion
INFO: [Place 30-612] Post-Placement Estimated Congestion 
 ________________________________________________________________________
|           | Global Congestion | Long Congestion   | Short Congestion  |
| Direction | Region Size       | Region Size       | Region Size       |
|___________|___________________|___________________|___________________|
|      North|                8x8|                4x4|              16x16|
|___________|___________________|___________________|___________________|
|      South|                1x1|                1x1|                4x4|
|___________|___________________|___________________|___________________|
|       East|                2x2|                1x1|              32x32|
|___________|___________________|___________________|___________________|
|       West|                8x8|                1x1|              32x32|
|___________|___________________|___________________|___________________|

Phase 4.3.1 Print Estimated Congestion | Checksum: 1eb336553

Time (s): cpu = 00:53:48 ; elapsed = 00:24:00 . Memory (MB): peak = 6325.410 ; gain = 799.398 ; free physical = 42856 ; free virtual = 110769
Phase 4.3 Placer Reporting | Checksum: 1eb336553

Time (s): cpu = 00:53:51 ; elapsed = 00:24:01 . Memory (MB): peak = 6325.410 ; gain = 799.398 ; free physical = 42856 ; free virtual = 110769

Phase 4.4 Final Placement Cleanup
Netlist sorting complete. Time (s): cpu = 00:00:00.15 ; elapsed = 00:00:00.15 . Memory (MB): peak = 6325.410 ; gain = 0.000 ; free physical = 42856 ; free virtual = 110769

Time (s): cpu = 00:53:52 ; elapsed = 00:24:01 . Memory (MB): peak = 6325.410 ; gain = 799.398 ; free physical = 42856 ; free virtual = 110769
Phase 4 Post Placement Optimization and Clean-Up | Checksum: 22b8c1bb6

Time (s): cpu = 00:53:54 ; elapsed = 00:24:02 . Memory (MB): peak = 6325.410 ; gain = 799.398 ; free physical = 42856 ; free virtual = 110769
Ending Placer Task | Checksum: 18bfbea8d

Time (s): cpu = 00:53:57 ; elapsed = 00:24:03 . Memory (MB): peak = 6325.410 ; gain = 799.398 ; free physical = 42856 ; free virtual = 110769
129 Infos, 13 Warnings, 0 Critical Warnings and 0 Errors encountered.
place_design completed successfully
place_design: Time (s): cpu = 00:54:20 ; elapsed = 00:24:15 . Memory (MB): peak = 6325.410 ; gain = 1157.309 ; free physical = 42856 ; free virtual = 110769
INFO: [Vivado 12-24838] Running report commands "report_control_sets, report_io, report_utilization" in parallel.
Running report generation with 3 threads.
INFO: [Vivado 12-24828] Executing command : report_io -file system_top_wrapper_io_placed.rpt
report_io: Time (s): cpu = 00:00:02 ; elapsed = 00:00:00.87 . Memory (MB): peak = 6325.410 ; gain = 0.000 ; free physical = 42857 ; free virtual = 110770
INFO: [Vivado 12-24828] Executing command : report_control_sets -verbose -file system_top_wrapper_control_sets_placed.rpt
report_control_sets: Time (s): cpu = 00:00:04 ; elapsed = 00:00:02 . Memory (MB): peak = 6325.410 ; gain = 0.000 ; free physical = 42855 ; free virtual = 110770
INFO: [Vivado 12-24828] Executing command : report_utilization -file system_top_wrapper_utilization_placed.rpt -pb system_top_wrapper_utilization_placed.pb
report_utilization: Time (s): cpu = 00:00:09 ; elapsed = 00:00:06 . Memory (MB): peak = 6325.410 ; gain = 0.000 ; free physical = 42853 ; free virtual = 110768
generate_parallel_reports: Time (s): cpu = 00:00:09 ; elapsed = 00:00:06 . Memory (MB): peak = 6325.410 ; gain = 0.000 ; free physical = 42853 ; free virtual = 110768
INFO: [Timing 38-480] Writing timing data to binary archive.
Write ShapeDB Complete: Time (s): cpu = 00:00:04 ; elapsed = 00:00:00.76 . Memory (MB): peak = 6325.410 ; gain = 0.000 ; free physical = 42831 ; free virtual = 110772
Wrote PlaceDB: Time (s): cpu = 00:00:47 ; elapsed = 00:00:17 . Memory (MB): peak = 6325.410 ; gain = 0.000 ; free physical = 42682 ; free virtual = 110767
Wrote PulsedLatchDB: Time (s): cpu = 00:00:00 ; elapsed = 00:00:00 . Memory (MB): peak = 6325.410 ; gain = 0.000 ; free physical = 42682 ; free virtual = 110767
Writing XDEF routing.
Writing XDEF routing logical nets.
Writing XDEF routing special nets.
Wrote RouteStorage: Time (s): cpu = 00:00:02 ; elapsed = 00:00:00.8 . Memory (MB): peak = 6325.410 ; gain = 0.000 ; free physical = 42681 ; free virtual = 110767
Wrote Netlist Cache: Time (s): cpu = 00:00:00.93 ; elapsed = 00:00:00.53 . Memory (MB): peak = 6325.410 ; gain = 0.000 ; free physical = 42660 ; free virtual = 110766
Wrote Device Cache: Time (s): cpu = 00:00:00.08 ; elapsed = 00:00:00.05 . Memory (MB): peak = 6325.410 ; gain = 0.000 ; free physical = 42656 ; free virtual = 110766
Write Physdb Complete: Time (s): cpu = 00:00:50 ; elapsed = 00:00:19 . Memory (MB): peak = 6325.410 ; gain = 0.000 ; free physical = 42656 ; free virtual = 110767
INFO: [Common 17-1381] The checkpoint '/home/cbt22/code/code_fyp/VisionSoC/fpga/build/t1_mudkip2d128big1bram1chain2lanescale_fpga_maskopt_system/t1_mudkip2d128big1bram1chain2lanescale_fpga_maskopt_system.runs/impl_1/system_top_wrapper_placed.dcp' has been generated.
write_checkpoint: Time (s): cpu = 00:01:00 ; elapsed = 00:00:30 . Memory (MB): peak = 6325.410 ; gain = 0.000 ; free physical = 42798 ; free virtual = 110767
Command: phys_opt_design
Attempting to get a license for feature 'Implementation' and/or device 'xck26'
INFO: [Common 17-349] Got license for feature 'Implementation' and/or device 'xck26'

Starting Initial Update Timing Task

Time (s): cpu = 00:05:07 ; elapsed = 00:01:03 . Memory (MB): peak = 6325.410 ; gain = 0.000 ; free physical = 42789 ; free virtual = 110758
INFO: [Vivado_Tcl 4-2279] Estimated Timing Summary | WNS= 0.286 | TNS= 0.000 | 
INFO: [Vivado_Tcl 4-383] Design worst setup slack (WNS) is greater than or equal to 0.000 ns. All physical synthesis setup optimizations will be skipped.
INFO: [Vivado_Tcl 4-232] No setup violation found. The netlist was not modified.
INFO: [Common 17-83] Releasing license: Implementation
140 Infos, 13 Warnings, 0 Critical Warnings and 0 Errors encountered.
phys_opt_design completed successfully
phys_opt_design: Time (s): cpu = 00:05:11 ; elapsed = 00:01:08 . Memory (MB): peak = 6325.410 ; gain = 0.000 ; free physical = 42789 ; free virtual = 110758
INFO: [Timing 38-480] Writing timing data to binary archive.
Write ShapeDB Complete: Time (s): cpu = 00:00:03 ; elapsed = 00:00:00.64 . Memory (MB): peak = 6325.410 ; gain = 0.000 ; free physical = 42761 ; free virtual = 110758
Wrote PlaceDB: Time (s): cpu = 00:00:44 ; elapsed = 00:00:16 . Memory (MB): peak = 6325.410 ; gain = 0.000 ; free physical = 42617 ; free virtual = 110755
Wrote PulsedLatchDB: Time (s): cpu = 00:00:00 ; elapsed = 00:00:00 . Memory (MB): peak = 6325.410 ; gain = 0.000 ; free physical = 42617 ; free virtual = 110755
Writing XDEF routing.
Writing XDEF routing logical nets.
Writing XDEF routing special nets.
Wrote RouteStorage: Time (s): cpu = 00:00:02 ; elapsed = 00:00:00.9 . Memory (MB): peak = 6325.410 ; gain = 0.000 ; free physical = 42616 ; free virtual = 110755
Wrote Netlist Cache: Time (s): cpu = 00:00:00.92 ; elapsed = 00:00:00.53 . Memory (MB): peak = 6325.410 ; gain = 0.000 ; free physical = 42595 ; free virtual = 110755
Wrote Device Cache: Time (s): cpu = 00:00:00.07 ; elapsed = 00:00:00.05 . Memory (MB): peak = 6325.410 ; gain = 0.000 ; free physical = 42591 ; free virtual = 110754
Write Physdb Complete: Time (s): cpu = 00:00:47 ; elapsed = 00:00:18 . Memory (MB): peak = 6325.410 ; gain = 0.000 ; free physical = 42590 ; free virtual = 110754
INFO: [Common 17-1381] The checkpoint '/home/cbt22/code/code_fyp/VisionSoC/fpga/build/t1_mudkip2d128big1bram1chain2lanescale_fpga_maskopt_system/t1_mudkip2d128big1bram1chain2lanescale_fpga_maskopt_system.runs/impl_1/system_top_wrapper_physopt.dcp' has been generated.
write_checkpoint: Time (s): cpu = 00:00:57 ; elapsed = 00:00:29 . Memory (MB): peak = 6325.410 ; gain = 0.000 ; free physical = 42731 ; free virtual = 110754
Command: route_design
Attempting to get a license for feature 'Implementation' and/or device 'xck26'
INFO: [Common 17-349] Got license for feature 'Implementation' and/or device 'xck26'


Starting Routing Task
INFO: [Route 35-254] Multithreading enabled for route_design using a maximum of 8 CPUs

Phase 1 Build RT Design
Checksum: PlaceDB: 8894732f ConstDB: 0 ShapeSum: 625b0170 RouteDB: a10c75ee
Nodegraph reading from file.  Time (s): cpu = 00:00:01 ; elapsed = 00:00:01 . Memory (MB): peak = 6325.410 ; gain = 0.000 ; free physical = 42737 ; free virtual = 110759
Post Restoration Checksum: NetGraph: cb14f480 | NumContArr: 85c7c2c2 | Constraints: 819e6678 | Timing: c2a8fa9d
Phase 1 Build RT Design | Checksum: 295241857

Time (s): cpu = 00:05:13 ; elapsed = 00:00:52 . Memory (MB): peak = 6325.410 ; gain = 0.000 ; free physical = 42733 ; free virtual = 110756

Phase 2 Router Initialization

Phase 2.1 Fix Topology Constraints
Phase 2.1 Fix Topology Constraints | Checksum: 295241857

Time (s): cpu = 00:05:16 ; elapsed = 00:00:53 . Memory (MB): peak = 6325.410 ; gain = 0.000 ; free physical = 42733 ; free virtual = 110756

Phase 2.2 Pre Route Cleanup
Phase 2.2 Pre Route Cleanup | Checksum: 295241857

Time (s): cpu = 00:05:18 ; elapsed = 00:00:54 . Memory (MB): peak = 6325.410 ; gain = 0.000 ; free physical = 42733 ; free virtual = 110756

Phase 2.3 Global Clock Net Routing
 Number of Nodes with overlaps = 0
Phase 2.3 Global Clock Net Routing | Checksum: 2266f9f99

Time (s): cpu = 00:05:38 ; elapsed = 00:01:05 . Memory (MB): peak = 6325.410 ; gain = 0.000 ; free physical = 42740 ; free virtual = 110763

Phase 2.4 Update Timing
Phase 2.4 Update Timing | Checksum: 20e8f7cad

Time (s): cpu = 00:08:52 ; elapsed = 00:02:03 . Memory (MB): peak = 6325.410 ; gain = 0.000 ; free physical = 42734 ; free virtual = 110757
INFO: [Route 35-416] Intermediate Timing Summary | WNS=0.542  | TNS=0.000  | WHS=-0.097 | THS=-225.971|


Phase 2.5 Update Timing for Bus Skew

Phase 2.5.1 Update Timing
Phase 2.5.1 Update Timing | Checksum: 2993b470b

Time (s): cpu = 00:15:17 ; elapsed = 00:03:31 . Memory (MB): peak = 6325.410 ; gain = 0.000 ; free physical = 42742 ; free virtual = 110765
INFO: [Route 35-416] Intermediate Timing Summary | WNS=0.542  | TNS=0.000  | WHS=-0.103 | THS=-7.657 |

Phase 2.5 Update Timing for Bus Skew | Checksum: 1d10b2e71

Time (s): cpu = 00:15:19 ; elapsed = 00:03:32 . Memory (MB): peak = 6325.410 ; gain = 0.000 ; free physical = 42742 ; free virtual = 110765

Phase 2.6 Soft Constraint Pins - Fast Budgeting
Phase 2.6 Soft Constraint Pins - Fast Budgeting | Checksum: 1d10b2e71

Time (s): cpu = 00:15:24 ; elapsed = 00:03:34 . Memory (MB): peak = 6325.410 ; gain = 0.000 ; free physical = 42742 ; free virtual = 110764

Router Utilization Summary
  Global Vertical Routing Utilization    = 0.0226136 %
  Global Horizontal Routing Utilization  = 0.0144899 %
  Routable Net Status*
  *Does not include unroutable nets such as driverless and loadless.
  Run report_route_status for detailed report.
  Number of Failed Nets               = 199482
    (Failed Nets is the sum of unrouted and partially routed nets)
  Number of Unrouted Nets             = 145000
  Number of Partially Routed Nets     = 54482
  Number of Node Overlaps             = 237

Phase 2 Router Initialization | Checksum: 291b9e264

Time (s): cpu = 00:15:39 ; elapsed = 00:03:39 . Memory (MB): peak = 6325.410 ; gain = 0.000 ; free physical = 42741 ; free virtual = 110764

Phase 3 Global Routing
Phase 3 Global Routing | Checksum: 291b9e264

Time (s): cpu = 00:15:39 ; elapsed = 00:03:39 . Memory (MB): peak = 6325.410 ; gain = 0.000 ; free physical = 42741 ; free virtual = 110764

Phase 4 Initial Routing

Phase 4.1 Initial Net Routing Pass
Phase 4.1 Initial Net Routing Pass | Checksum: 2a2b5aca3

Time (s): cpu = 00:18:13 ; elapsed = 00:04:45 . Memory (MB): peak = 6325.410 ; gain = 0.000 ; free physical = 42733 ; free virtual = 110756
Phase 4 Initial Routing | Checksum: 2c1632a00

Time (s): cpu = 00:18:26 ; elapsed = 00:04:47 . Memory (MB): peak = 6325.410 ; gain = 0.000 ; free physical = 42733 ; free virtual = 110756

INFO: [Route 35-449] Initial Estimated Congestion
 ________________________________________________________________________
|           | Global Congestion | Long Congestion   | Short Congestion  |
|           |___________________|___________________|___________________|
| Direction | Size   | % Tiles  | Size   | % Tiles  | Size   | % Tiles  |
|___________|________|__________|________|__________|________|__________|
|      NORTH|     8x8|      1.99|   16x16|      3.32|     8x8|      3.96|
|___________|________|__________|________|__________|________|__________|
|      SOUTH|     2x2|      0.31|     4x4|      2.30|     4x4|      1.76|
|___________|________|__________|________|__________|________|__________|
|       EAST|     2x2|      0.23|     1x1|      0.10|     8x8|      3.93|
|___________|________|__________|________|__________|________|__________|
|       WEST|     4x4|      0.50|     2x2|      0.57|     8x8|      3.94|
|___________|________|__________|________|__________|________|__________|
Congestion Report
LONG Congestion bounded by tiles (Lower Left Tile -> Upper Right Tile):
NORTH
	INT_X32Y44->INT_X39Y59 (CLEM_X32Y44->CLEL_R_X39Y59)
	INT_X32Y40->INT_X39Y47 (CLEM_X32Y40->CLEL_R_X39Y47)
	INT_X32Y39->INT_X39Y46 (CLEM_X32Y39->CLEL_R_X39Y46)
	INT_X32Y44->INT_X39Y51 (CLEM_X32Y44->CLEL_R_X39Y51)
	INT_X32Y43->INT_X39Y50 (CLEM_X32Y43->CLEL_R_X39Y50)

Phase 5 Rip-up And Reroute

Phase 5.1 Global Iteration 0
 Number of Nodes with overlaps = 99546
 Number of Nodes with overlaps = 17024
 Number of Nodes with overlaps = 3417
 Number of Nodes with overlaps = 1169
 Number of Nodes with overlaps = 336
 Number of Nodes with overlaps = 132
 Number of Nodes with overlaps = 56
 Number of Nodes with overlaps = 33
 Number of Nodes with overlaps = 16
 Number of Nodes with overlaps = 8
 Number of Nodes with overlaps = 5
 Number of Nodes with overlaps = 4
 Number of Nodes with overlaps = 2
 Number of Nodes with overlaps = 2
 Number of Nodes with overlaps = 1
 Number of Nodes with overlaps = 1
 Number of Nodes with overlaps = 1
 Number of Nodes with overlaps = 0
INFO: [Route 35-416] Intermediate Timing Summary | WNS=0.239  | TNS=0.000  | WHS=-0.052 | THS=-1.295 |

Phase 5.1 Global Iteration 0 | Checksum: 1fb3696be

Time (s): cpu = 01:13:12 ; elapsed = 00:32:26 . Memory (MB): peak = 7078.355 ; gain = 752.945 ; free physical = 41940 ; free virtual = 109964

Phase 5.2 Global Iteration 1
 Number of Nodes with overlaps = 3
 Number of Nodes with overlaps = 19
 Number of Nodes with overlaps = 12
 Number of Nodes with overlaps = 3
 Number of Nodes with overlaps = 0
INFO: [Route 35-416] Intermediate Timing Summary | WNS=0.239  | TNS=0.000  | WHS=N/A    | THS=N/A    |

Phase 5.2 Global Iteration 1 | Checksum: 2a85e2f1a

Time (s): cpu = 01:15:29 ; elapsed = 00:33:19 . Memory (MB): peak = 7078.355 ; gain = 752.945 ; free physical = 41931 ; free virtual = 109956
Phase 5 Rip-up And Reroute | Checksum: 2a85e2f1a

Time (s): cpu = 01:15:30 ; elapsed = 00:33:19 . Memory (MB): peak = 7078.355 ; gain = 752.945 ; free physical = 41931 ; free virtual = 109956

Phase 6 Delay and Skew Optimization

Phase 6.1 Delay CleanUp
INFO: [Route 35-416] Intermediate Timing Summary | WNS=0.239  | TNS=0.000  | WHS=0.010  | THS=0.000  |

INFO: [Route 35-416] Intermediate Timing Summary | WNS=0.239  | TNS=0.000  | WHS=0.010  | THS=0.000  |

Phase 6.1 Delay CleanUp | Checksum: 254e780f7

Time (s): cpu = 01:18:15 ; elapsed = 00:33:55 . Memory (MB): peak = 7078.355 ; gain = 752.945 ; free physical = 41930 ; free virtual = 109955

Phase 6.2 Clock Skew Optimization
Phase 6.2 Clock Skew Optimization | Checksum: 254e780f7

Time (s): cpu = 01:18:16 ; elapsed = 00:33:55 . Memory (MB): peak = 7078.355 ; gain = 752.945 ; free physical = 41929 ; free virtual = 109954
Phase 6 Delay and Skew Optimization | Checksum: 254e780f7

Time (s): cpu = 01:18:18 ; elapsed = 00:33:55 . Memory (MB): peak = 7078.355 ; gain = 752.945 ; free physical = 41929 ; free virtual = 109954

Phase 7 Post Hold Fix

Phase 7.1 Hold Fix Iter
INFO: [Route 35-416] Intermediate Timing Summary | WNS=0.239  | TNS=0.000  | WHS=0.010  | THS=0.000  |

Phase 7.1 Hold Fix Iter | Checksum: 1c11c1555

Time (s): cpu = 01:20:07 ; elapsed = 00:34:23 . Memory (MB): peak = 7078.355 ; gain = 752.945 ; free physical = 41933 ; free virtual = 109958
Phase 7 Post Hold Fix | Checksum: 1c11c1555

Time (s): cpu = 01:20:08 ; elapsed = 00:34:23 . Memory (MB): peak = 7078.355 ; gain = 752.945 ; free physical = 41933 ; free virtual = 109958

Phase 8 Route finalize

Router Utilization Summary
  Global Vertical Routing Utilization    = 37.8236 %
  Global Horizontal Routing Utilization  = 41.7471 %
  Routable Net Status*
  *Does not include unroutable nets such as driverless and loadless.
  Run report_route_status for detailed report.
  Number of Failed Nets               = 0
    (Failed Nets is the sum of unrouted and partially routed nets)
  Number of Unrouted Nets             = 0
  Number of Partially Routed Nets     = 0
  Number of Node Overlaps             = 0

Phase 8 Route finalize | Checksum: 1c11c1555

Time (s): cpu = 01:20:14 ; elapsed = 00:34:24 . Memory (MB): peak = 7078.355 ; gain = 752.945 ; free physical = 41933 ; free virtual = 109958

Phase 9 Verifying routed nets

 Verification completed successfully
Phase 9 Verifying routed nets | Checksum: 1c11c1555

Time (s): cpu = 01:20:16 ; elapsed = 00:34:25 . Memory (MB): peak = 7078.355 ; gain = 752.945 ; free physical = 41933 ; free virtual = 109957

Phase 10 Depositing Routes
Phase 10 Depositing Routes | Checksum: 1c11c1555

Time (s): cpu = 01:21:20 ; elapsed = 00:35:06 . Memory (MB): peak = 7078.355 ; gain = 752.945 ; free physical = 41929 ; free virtual = 109954

Phase 11 Resolve XTalk
Phase 11 Resolve XTalk | Checksum: 1c11c1555

Time (s): cpu = 01:21:22 ; elapsed = 00:35:07 . Memory (MB): peak = 7078.355 ; gain = 752.945 ; free physical = 41929 ; free virtual = 109954

Phase 12 Post Process Routing
Phase 12 Post Process Routing | Checksum: 1c11c1555

Time (s): cpu = 01:21:28 ; elapsed = 00:35:10 . Memory (MB): peak = 7078.355 ; gain = 752.945 ; free physical = 41929 ; free virtual = 109954

Phase 13 Post Router Timing
INFO: [Route 35-57] Estimated Timing Summary | WNS=0.239  | TNS=0.000  | WHS=0.010  | THS=0.000  |

INFO: [Route 35-327] The final timing numbers are based on the router estimated timing analysis. For a complete and accurate timing signoff, please run report_timing_summary.
Phase 13 Post Router Timing | Checksum: 1c11c1555

Time (s): cpu = 01:21:30 ; elapsed = 00:35:11 . Memory (MB): peak = 7078.355 ; gain = 752.945 ; free physical = 41930 ; free virtual = 109955
Total Elapsed time in route_design: 2111.07 secs

Phase 14 Post-Route Event Processing
Phase 14 Post-Route Event Processing | Checksum: 1662d3489

Time (s): cpu = 01:21:34 ; elapsed = 00:35:13 . Memory (MB): peak = 7078.355 ; gain = 752.945 ; free physical = 41929 ; free virtual = 109954
INFO: [Route 35-16] Router Completed Successfully
Ending Routing Task | Checksum: 1662d3489

Time (s): cpu = 01:21:40 ; elapsed = 00:35:14 . Memory (MB): peak = 7078.355 ; gain = 752.945 ; free physical = 41929 ; free virtual = 109954

Routing Is Done.
INFO: [Common 17-83] Releasing license: Implementation
156 Infos, 13 Warnings, 0 Critical Warnings and 0 Errors encountered.
route_design completed successfully
route_design: Time (s): cpu = 01:21:45 ; elapsed = 00:35:19 . Memory (MB): peak = 7078.355 ; gain = 752.945 ; free physical = 41927 ; free virtual = 109952
INFO: [Vivado 12-24828] Executing command : report_drc -file system_top_wrapper_drc_routed.rpt -pb system_top_wrapper_drc_routed.pb -rpx system_top_wrapper_drc_routed.rpx
Command: report_drc -file system_top_wrapper_drc_routed.rpt -pb system_top_wrapper_drc_routed.pb -rpx system_top_wrapper_drc_routed.rpx
INFO: [IP_Flow 19-1839] IP Catalog is up to date.
INFO: [DRC 23-27] Running DRC with 8 threads
INFO: [Vivado_Tcl 2-168] The results of DRC are in file /home/cbt22/code/code_fyp/VisionSoC/fpga/build/t1_mudkip2d128big1bram1chain2lanescale_fpga_maskopt_system/t1_mudkip2d128big1bram1chain2lanescale_fpga_maskopt_system.runs/impl_1/system_top_wrapper_drc_routed.rpt.
report_drc completed successfully
report_drc: Time (s): cpu = 00:06:25 ; elapsed = 00:01:05 . Memory (MB): peak = 7078.355 ; gain = 0.000 ; free physical = 41935 ; free virtual = 109960
INFO: [Vivado 12-24828] Executing command : report_methodology -file system_top_wrapper_methodology_drc_routed.rpt -pb system_top_wrapper_methodology_drc_routed.pb -rpx system_top_wrapper_methodology_drc_routed.rpx
Command: report_methodology -file system_top_wrapper_methodology_drc_routed.rpt -pb system_top_wrapper_methodology_drc_routed.pb -rpx system_top_wrapper_methodology_drc_routed.rpx
INFO: [Timing 38-35] Done setting XDC timing constraints.
INFO: [DRC 23-133] Running Methodology with 8 threads
INFO: [Vivado_Tcl 2-1520] The results of Report Methodology are in file /home/cbt22/code/code_fyp/VisionSoC/fpga/build/t1_mudkip2d128big1bram1chain2lanescale_fpga_maskopt_system/t1_mudkip2d128big1bram1chain2lanescale_fpga_maskopt_system.runs/impl_1/system_top_wrapper_methodology_drc_routed.rpt.
report_methodology completed successfully
report_methodology: Time (s): cpu = 00:05:07 ; elapsed = 00:00:55 . Memory (MB): peak = 7078.355 ; gain = 0.000 ; free physical = 41936 ; free virtual = 109961
INFO: [Vivado 12-24828] Executing command : report_timing_summary -max_paths 10 -routable_nets -report_unconstrained -file system_top_wrapper_timing_summary_routed.rpt -pb system_top_wrapper_timing_summary_routed.pb -rpx system_top_wrapper_timing_summary_routed.rpx -warn_on_violation 
INFO: [Timing 38-35] Done setting XDC timing constraints.
INFO: [Timing 38-91] UpdateTimingParams: Speed grade: -2LV, Temperature grade: C, Delay Type: min_max.
INFO: [Timing 38-191] Multithreading enabled for timing update using a maximum of 8 CPUs
WARNING: [Timing 38-436] There are set_bus_skew constraint(s) in this design. Please run report_bus_skew to ensure that bus skew requirements are met.
report_timing_summary: Time (s): cpu = 00:02:58 ; elapsed = 00:01:15 . Memory (MB): peak = 7078.355 ; gain = 0.000 ; free physical = 41935 ; free virtual = 109967
INFO: [Vivado 12-24838] Running report commands "report_bus_skew, report_incremental_reuse, report_route_status" in parallel.
Running report generation with 3 threads.
INFO: [Vivado 12-24828] Executing command : report_incremental_reuse -file system_top_wrapper_incremental_reuse_routed.rpt
INFO: [Vivado_Tcl 4-1062] Incremental flow is disabled. No incremental reuse Info to report.
INFO: [Vivado 12-24828] Executing command : report_bus_skew -warn_on_violation -file system_top_wrapper_bus_skew_routed.rpt -pb system_top_wrapper_bus_skew_routed.pb -rpx system_top_wrapper_bus_skew_routed.rpx
INFO: [Timing 38-91] UpdateTimingParams: Speed grade: -2LV, Temperature grade: C, Delay Type: min_max.
INFO: [Timing 38-191] Multithreading enabled for timing update using a maximum of 8 CPUs
INFO: [Vivado 12-24828] Executing command : report_route_status -file system_top_wrapper_route_status.rpt -pb system_top_wrapper_route_status.pb
INFO: [Vivado 12-24828] Executing command : report_power -file system_top_wrapper_power_routed.rpt -pb system_top_wrapper_power_summary_routed.pb -rpx system_top_wrapper_power_routed.rpx
Command: report_power -file system_top_wrapper_power_routed.rpt -pb system_top_wrapper_power_summary_routed.pb -rpx system_top_wrapper_power_routed.rpx
Running Vector-less Activity Propagation...

Finished Running Vector-less Activity Propagation
WARNING: [Power 33-332] Found switching activity that implies high-fanout reset nets being asserted for excessive periods of time which may result in inaccurate power analysis.
Resolution: To review and fix problems, please run Power Constraints Advisor in the GUI from Tools > Power Constraints Advisor or run report_power with the -advisory option to generate a text report.
176 Infos, 15 Warnings, 0 Critical Warnings and 0 Errors encountered.
report_power completed successfully
report_power: Time (s): cpu = 00:02:43 ; elapsed = 00:01:27 . Memory (MB): peak = 7151.621 ; gain = 73.266 ; free physical = 41911 ; free virtual = 109956
INFO: [Vivado 12-24828] Executing command : report_clock_utilization -file system_top_wrapper_clock_utilization_routed.rpt
report_clock_utilization: Time (s): cpu = 00:00:35 ; elapsed = 00:00:35 . Memory (MB): peak = 7151.621 ; gain = 0.000 ; free physical = 41908 ; free virtual = 109953
generate_parallel_reports: Time (s): cpu = 00:17:53 ; elapsed = 00:05:20 . Memory (MB): peak = 7151.621 ; gain = 73.266 ; free physical = 41908 ; free virtual = 109953
INFO: [Timing 38-480] Writing timing data to binary archive.
Write ShapeDB Complete: Time (s): cpu = 00:00:03 ; elapsed = 00:00:00.67 . Memory (MB): peak = 7151.621 ; gain = 0.000 ; free physical = 41880 ; free virtual = 109956
Wrote PlaceDB: Time (s): cpu = 00:00:44 ; elapsed = 00:00:16 . Memory (MB): peak = 7151.621 ; gain = 0.000 ; free physical = 41737 ; free virtual = 109951
Wrote PulsedLatchDB: Time (s): cpu = 00:00:00 ; elapsed = 00:00:00 . Memory (MB): peak = 7151.621 ; gain = 0.000 ; free physical = 41737 ; free virtual = 109951
Writing XDEF routing.
Writing XDEF routing logical nets.
Writing XDEF routing special nets.
Wrote RouteStorage: Time (s): cpu = 00:00:11 ; elapsed = 00:00:05 . Memory (MB): peak = 7151.621 ; gain = 0.000 ; free physical = 41692 ; free virtual = 109950
Wrote Netlist Cache: Time (s): cpu = 00:00:00.36 ; elapsed = 00:00:00.46 . Memory (MB): peak = 7151.621 ; gain = 0.000 ; free physical = 41671 ; free virtual = 109949
Wrote Device Cache: Time (s): cpu = 00:00:00.03 ; elapsed = 00:00:00.05 . Memory (MB): peak = 7151.621 ; gain = 0.000 ; free physical = 41667 ; free virtual = 109949
Write Physdb Complete: Time (s): cpu = 00:00:56 ; elapsed = 00:00:22 . Memory (MB): peak = 7151.621 ; gain = 0.000 ; free physical = 41667 ; free virtual = 109949
INFO: [Common 17-1381] The checkpoint '/home/cbt22/code/code_fyp/VisionSoC/fpga/build/t1_mudkip2d128big1bram1chain2lanescale_fpga_maskopt_system/t1_mudkip2d128big1bram1chain2lanescale_fpga_maskopt_system.runs/impl_1/system_top_wrapper_routed.dcp' has been generated.
write_checkpoint: Time (s): cpu = 00:01:07 ; elapsed = 00:00:34 . Memory (MB): peak = 7151.621 ; gain = 0.000 ; free physical = 41830 ; free virtual = 109950

WARNING::74 - Unsupported FPGA device name 'xck26-sfvc784-2LV-c'. Verify that the specified device is a valid customer supported device.
-p xck26-sfvc784-2LV-c
   ^

INFO: [Memdata 28-167] Found XPM memory block system_top_i/smartconnect_video/inst/s00_nodes/s00_w_node/inst/inst_mi_handler/gen_normal_area.inst_fifo_node_payld/gen_xpm_memory_fifo.inst_fifo/gen_mem_rep[0].inst_xpm_memory/xpm_memory_base_inst with a P_MEMORY_PRIMITIVE property set to distributed. A value of block is required. You will not be able to use the updatemem program to update the bitstream with new data for the system_top_i/smartconnect_video/inst/s00_nodes/s00_w_node/inst/inst_mi_handler/gen_normal_area.inst_fifo_node_payld/gen_xpm_memory_fifo.inst_fifo/gen_mem_rep[0].inst_xpm_memory/xpm_memory_base_inst block.
INFO: [Memdata 28-167] Found XPM memory block system_top_i/smartconnect_video/inst/s00_nodes/s00_aw_node/inst/inst_mi_handler/gen_normal_area.inst_fifo_node_payld/gen_xpm_memory_fifo.inst_fifo/gen_mem_rep[0].inst_xpm_memory/xpm_memory_base_inst with a P_MEMORY_PRIMITIVE property set to distributed. A value of block is required. You will not be able to use the updatemem program to update the bitstream with new data for the system_top_i/smartconnect_video/inst/s00_nodes/s00_aw_node/inst/inst_mi_handler/gen_normal_area.inst_fifo_node_payld/gen_xpm_memory_fifo.inst_fifo/gen_mem_rep[0].inst_xpm_memory/xpm_memory_base_inst block.
INFO: [Memdata 28-167] Found XPM memory block system_top_i/smartconnect_video/inst/s00_nodes/s00_ar_node/inst/inst_mi_handler/gen_normal_area.inst_fifo_node_payld/gen_xpm_memory_fifo.inst_fifo/gen_mem_rep[0].inst_xpm_memory/xpm_memory_base_inst with a P_MEMORY_PRIMITIVE property set to distributed. A value of block is required. You will not be able to use the updatemem program to update the bitstream with new data for the system_top_i/smartconnect_video/inst/s00_nodes/s00_ar_node/inst/inst_mi_handler/gen_normal_area.inst_fifo_node_payld/gen_xpm_memory_fifo.inst_fifo/gen_mem_rep[0].inst_xpm_memory/xpm_memory_base_inst block.
INFO: [Memdata 28-167] Found XPM memory block system_top_i/smartconnect_idx/inst/s00_nodes/s00_w_node/inst/inst_mi_handler/gen_normal_area.inst_fifo_node_payld/gen_xpm_memory_fifo.inst_fifo/gen_mem_rep[0].inst_xpm_memory/xpm_memory_base_inst with a P_MEMORY_PRIMITIVE property set to distributed. A value of block is required. You will not be able to use the updatemem program to update the bitstream with new data for the system_top_i/smartconnect_idx/inst/s00_nodes/s00_w_node/inst/inst_mi_handler/gen_normal_area.inst_fifo_node_payld/gen_xpm_memory_fifo.inst_fifo/gen_mem_rep[0].inst_xpm_memory/xpm_memory_base_inst block.
INFO: [Memdata 28-167] Found XPM memory block system_top_i/smartconnect_idx/inst/s00_nodes/s00_r_node/inst/inst_mi_handler/gen_normal_area.inst_fifo_node_payld/gen_xpm_memory_fifo.inst_fifo/gen_mem_rep[0].inst_xpm_memory/xpm_memory_base_inst with a P_MEMORY_PRIMITIVE property set to distributed. A value of block is required. You will not be able to use the updatemem program to update the bitstream with new data for the system_top_i/smartconnect_idx/inst/s00_nodes/s00_r_node/inst/inst_mi_handler/gen_normal_area.inst_fifo_node_payld/gen_xpm_memory_fifo.inst_fifo/gen_mem_rep[0].inst_xpm_memory/xpm_memory_base_inst block.
INFO: [Memdata 28-167] Found XPM memory block system_top_i/smartconnect_idx/inst/s00_nodes/s00_aw_node/inst/inst_mi_handler/gen_normal_area.inst_fifo_node_payld/gen_xpm_memory_fifo.inst_fifo/gen_mem_rep[0].inst_xpm_memory/xpm_memory_base_inst with a P_MEMORY_PRIMITIVE property set to distributed. A value of block is required. You will not be able to use the updatemem program to update the bitstream with new data for the system_top_i/smartconnect_idx/inst/s00_nodes/s00_aw_node/inst/inst_mi_handler/gen_normal_area.inst_fifo_node_payld/gen_xpm_memory_fifo.inst_fifo/gen_mem_rep[0].inst_xpm_memory/xpm_memory_base_inst block.
INFO: [Memdata 28-167] Found XPM memory block system_top_i/smartconnect_idx/inst/s00_nodes/s00_ar_node/inst/inst_mi_handler/gen_normal_area.inst_fifo_node_payld/gen_xpm_memory_fifo.inst_fifo/gen_mem_rep[0].inst_xpm_memory/xpm_memory_base_inst with a P_MEMORY_PRIMITIVE property set to distributed. A value of block is required. You will not be able to use the updatemem program to update the bitstream with new data for the system_top_i/smartconnect_idx/inst/s00_nodes/s00_ar_node/inst/inst_mi_handler/gen_normal_area.inst_fifo_node_payld/gen_xpm_memory_fifo.inst_fifo/gen_mem_rep[0].inst_xpm_memory/xpm_memory_base_inst block.
INFO: [Memdata 28-167] Found XPM memory block system_top_i/smartconnect_hb/inst/s02_nodes/s02_w_node/inst/inst_mi_handler/gen_normal_area.inst_fifo_node_payld/gen_xpm_memory_fifo.inst_fifo/gen_mem_rep[0].inst_xpm_memory/xpm_memory_base_inst with a P_MEMORY_PRIMITIVE property set to distributed. A value of block is required. You will not be able to use the updatemem program to update the bitstream with new data for the system_top_i/smartconnect_hb/inst/s02_nodes/s02_w_node/inst/inst_mi_handler/gen_normal_area.inst_fifo_node_payld/gen_xpm_memory_fifo.inst_fifo/gen_mem_rep[0].inst_xpm_memory/xpm_memory_base_inst block.
INFO: [Memdata 28-167] Found XPM memory block system_top_i/smartconnect_hb/inst/s02_nodes/s02_w_node/inst/inst_mi_handler/gen_normal_area.gen_fifo_req.inst_fifo_req/gen_xpm_memory_fifo.inst_fifo/gen_mem_rep[0].inst_xpm_memory/xpm_memory_base_inst with a P_MEMORY_PRIMITIVE property set to distributed. A value of block is required. You will not be able to use the updatemem program to update the bitstream with new data for the system_top_i/smartconnect_hb/inst/s02_nodes/s02_w_node/inst/inst_mi_handler/gen_normal_area.gen_fifo_req.inst_fifo_req/gen_xpm_memory_fifo.inst_fifo/gen_mem_rep[0].inst_xpm_memory/xpm_memory_base_inst block.
INFO: [Memdata 28-167] Found XPM memory block system_top_i/smartconnect_hb/inst/s02_nodes/s02_b_node/inst/inst_mi_handler/gen_normal_area.inst_fifo_node_payld/gen_xpm_memory_fifo.inst_fifo/gen_mem_rep[0].inst_xpm_memory/xpm_memory_base_inst with a P_MEMORY_PRIMITIVE property set to distributed. A value of block is required. You will not be able to use the updatemem program to update the bitstream with new data for the system_top_i/smartconnect_hb/inst/s02_nodes/s02_b_node/inst/inst_mi_handler/gen_normal_area.inst_fifo_node_payld/gen_xpm_memory_fifo.inst_fifo/gen_mem_rep[0].inst_xpm_memory/xpm_memory_base_inst block.
INFO: [Memdata 28-167] Found XPM memory block system_top_i/smartconnect_hb/inst/s02_nodes/s02_aw_node/inst/inst_mi_handler/gen_normal_area.inst_fifo_node_payld/gen_xpm_memory_fifo.inst_fifo/gen_mem_rep[0].inst_xpm_memory/xpm_memory_base_inst with a P_MEMORY_PRIMITIVE property set to distributed. A value of block is required. You will not be able to use the updatemem program to update the bitstream with new data for the system_top_i/smartconnect_hb/inst/s02_nodes/s02_aw_node/inst/inst_mi_handler/gen_normal_area.inst_fifo_node_payld/gen_xpm_memory_fifo.inst_fifo/gen_mem_rep[0].inst_xpm_memory/xpm_memory_base_inst block.
INFO: [Memdata 28-167] Found XPM memory block system_top_i/smartconnect_hb/inst/s02_nodes/s02_aw_node/inst/inst_mi_handler/gen_normal_area.gen_fifo_req.inst_fifo_req/gen_xpm_memory_fifo.inst_fifo/gen_mem_rep[0].inst_xpm_memory/xpm_memory_base_inst with a P_MEMORY_PRIMITIVE property set to distributed. A value of block is required. You will not be able to use the updatemem program to update the bitstream with new data for the system_top_i/smartconnect_hb/inst/s02_nodes/s02_aw_node/inst/inst_mi_handler/gen_normal_area.gen_fifo_req.inst_fifo_req/gen_xpm_memory_fifo.inst_fifo/gen_mem_rep[0].inst_xpm_memory/xpm_memory_base_inst block.
INFO: [Memdata 28-167] Found XPM memory block system_top_i/smartconnect_hb/inst/s01_nodes/s01_r_node/inst/inst_mi_handler/gen_normal_area.inst_fifo_node_payld/gen_xpm_memory_fifo.inst_fifo/gen_mem_rep[0].inst_xpm_memory/xpm_memory_base_inst with a P_MEMORY_PRIMITIVE property set to distributed. A value of block is required. You will not be able to use the updatemem program to update the bitstream with new data for the system_top_i/smartconnect_hb/inst/s01_nodes/s01_r_node/inst/inst_mi_handler/gen_normal_area.inst_fifo_node_payld/gen_xpm_memory_fifo.inst_fifo/gen_mem_rep[0].inst_xpm_memory/xpm_memory_base_inst block.
INFO: [Memdata 28-167] Found XPM memory block system_top_i/smartconnect_hb/inst/s01_nodes/s01_ar_node/inst/inst_mi_handler/gen_normal_area.inst_fifo_node_payld/gen_xpm_memory_fifo.inst_fifo/gen_mem_rep[0].inst_xpm_memory/xpm_memory_base_inst with a P_MEMORY_PRIMITIVE property set to distributed. A value of block is required. You will not be able to use the updatemem program to update the bitstream with new data for the system_top_i/smartconnect_hb/inst/s01_nodes/s01_ar_node/inst/inst_mi_handler/gen_normal_area.inst_fifo_node_payld/gen_xpm_memory_fifo.inst_fifo/gen_mem_rep[0].inst_xpm_memory/xpm_memory_base_inst block.
INFO: [Memdata 28-167] Found XPM memory block system_top_i/smartconnect_hb/inst/s01_nodes/s01_ar_node/inst/inst_mi_handler/gen_normal_area.gen_fifo_req.inst_fifo_req/gen_xpm_memory_fifo.inst_fifo/gen_mem_rep[0].inst_xpm_memory/xpm_memory_base_inst with a P_MEMORY_PRIMITIVE property set to distributed. A value of block is required. You will not be able to use the updatemem program to update the bitstream with new data for the system_top_i/smartconnect_hb/inst/s01_nodes/s01_ar_node/inst/inst_mi_handler/gen_normal_area.gen_fifo_req.inst_fifo_req/gen_xpm_memory_fifo.inst_fifo/gen_mem_rep[0].inst_xpm_memory/xpm_memory_base_inst block.
INFO: [Memdata 28-167] Found XPM memory block system_top_i/smartconnect_hb/inst/s00_nodes/s00_w_node/inst/inst_mi_handler/gen_normal_area.inst_fifo_node_payld/gen_xpm_memory_fifo.inst_fifo/gen_mem_rep[0].inst_xpm_memory/xpm_memory_base_inst with a P_MEMORY_PRIMITIVE property set to distributed. A value of block is required. You will not be able to use the updatemem program to update the bitstream with new data for the system_top_i/smartconnect_hb/inst/s00_nodes/s00_w_node/inst/inst_mi_handler/gen_normal_area.inst_fifo_node_payld/gen_xpm_memory_fifo.inst_fifo/gen_mem_rep[0].inst_xpm_memory/xpm_memory_base_inst block.
INFO: [Memdata 28-167] Found XPM memory block system_top_i/smartconnect_hb/inst/s00_nodes/s00_w_node/inst/inst_mi_handler/gen_normal_area.gen_fifo_req.inst_fifo_req/gen_xpm_memory_fifo.inst_fifo/gen_mem_rep[0].inst_xpm_memory/xpm_memory_base_inst with a P_MEMORY_PRIMITIVE property set to distributed. A value of block is required. You will not be able to use the updatemem program to update the bitstream with new data for the system_top_i/smartconnect_hb/inst/s00_nodes/s00_w_node/inst/inst_mi_handler/gen_normal_area.gen_fifo_req.inst_fifo_req/gen_xpm_memory_fifo.inst_fifo/gen_mem_rep[0].inst_xpm_memory/xpm_memory_base_inst block.
INFO: [Memdata 28-167] Found XPM memory block system_top_i/smartconnect_hb/inst/s00_nodes/s00_r_node/inst/inst_mi_handler/gen_normal_area.inst_fifo_node_payld/gen_xpm_memory_fifo.inst_fifo/gen_mem_rep[0].inst_xpm_memory/xpm_memory_base_inst with a P_MEMORY_PRIMITIVE property set to distributed. A value of block is required. You will not be able to use the updatemem program to update the bitstream with new data for the system_top_i/smartconnect_hb/inst/s00_nodes/s00_r_node/inst/inst_mi_handler/gen_normal_area.inst_fifo_node_payld/gen_xpm_memory_fifo.inst_fifo/gen_mem_rep[0].inst_xpm_memory/xpm_memory_base_inst block.
INFO: [Memdata 28-167] Found XPM memory block system_top_i/smartconnect_hb/inst/s00_nodes/s00_aw_node/inst/inst_mi_handler/gen_normal_area.inst_fifo_node_payld/gen_xpm_memory_fifo.inst_fifo/gen_mem_rep[0].inst_xpm_memory/xpm_memory_base_inst with a P_MEMORY_PRIMITIVE property set to distributed. A value of block is required. You will not be able to use the updatemem program to update the bitstream with new data for the system_top_i/smartconnect_hb/inst/s00_nodes/s00_aw_node/inst/inst_mi_handler/gen_normal_area.inst_fifo_node_payld/gen_xpm_memory_fifo.inst_fifo/gen_mem_rep[0].inst_xpm_memory/xpm_memory_base_inst block.
INFO: [Memdata 28-167] Found XPM memory block system_top_i/smartconnect_hb/inst/s00_nodes/s00_aw_node/inst/inst_mi_handler/gen_normal_area.gen_fifo_req.inst_fifo_req/gen_xpm_memory_fifo.inst_fifo/gen_mem_rep[0].inst_xpm_memory/xpm_memory_base_inst with a P_MEMORY_PRIMITIVE property set to distributed. A value of block is required. You will not be able to use the updatemem program to update the bitstream with new data for the system_top_i/smartconnect_hb/inst/s00_nodes/s00_aw_node/inst/inst_mi_handler/gen_normal_area.gen_fifo_req.inst_fifo_req/gen_xpm_memory_fifo.inst_fifo/gen_mem_rep[0].inst_xpm_memory/xpm_memory_base_inst block.
INFO: [Memdata 28-167] Found XPM memory block system_top_i/smartconnect_hb/inst/s00_nodes/s00_ar_node/inst/inst_mi_handler/gen_normal_area.inst_fifo_node_payld/gen_xpm_memory_fifo.inst_fifo/gen_mem_rep[0].inst_xpm_memory/xpm_memory_base_inst with a P_MEMORY_PRIMITIVE property set to distributed. A value of block is required. You will not be able to use the updatemem program to update the bitstream with new data for the system_top_i/smartconnect_hb/inst/s00_nodes/s00_ar_node/inst/inst_mi_handler/gen_normal_area.inst_fifo_node_payld/gen_xpm_memory_fifo.inst_fifo/gen_mem_rep[0].inst_xpm_memory/xpm_memory_base_inst block.
INFO: [Memdata 28-167] Found XPM memory block system_top_i/smartconnect_hb/inst/s00_nodes/s00_ar_node/inst/inst_mi_handler/gen_normal_area.gen_fifo_req.inst_fifo_req/gen_xpm_memory_fifo.inst_fifo/gen_mem_rep[0].inst_xpm_memory/xpm_memory_base_inst with a P_MEMORY_PRIMITIVE property set to distributed. A value of block is required. You will not be able to use the updatemem program to update the bitstream with new data for the system_top_i/smartconnect_hb/inst/s00_nodes/s00_ar_node/inst/inst_mi_handler/gen_normal_area.gen_fifo_req.inst_fifo_req/gen_xpm_memory_fifo.inst_fifo/gen_mem_rep[0].inst_xpm_memory/xpm_memory_base_inst block.
INFO: [Memdata 28-167] Found XPM memory block system_top_i/smartconnect_hb/inst/m01_nodes/m01_w_node/inst/inst_si_handler/gen_si_handler.gen_request_fifos.gen_req_fifo[2].inst_req_fifo/gen_xpm_memory_fifo.inst_fifo/gen_mem_rep[0].inst_xpm_memory/xpm_memory_base_inst with a P_MEMORY_PRIMITIVE property set to distributed. A value of block is required. You will not be able to use the updatemem program to update the bitstream with new data for the system_top_i/smartconnect_hb/inst/m01_nodes/m01_w_node/inst/inst_si_handler/gen_si_handler.gen_request_fifos.gen_req_fifo[2].inst_req_fifo/gen_xpm_memory_fifo.inst_fifo/gen_mem_rep[0].inst_xpm_memory/xpm_memory_base_inst block.
INFO: [Memdata 28-167] Found XPM memory block system_top_i/smartconnect_hb/inst/m01_nodes/m01_w_node/inst/inst_si_handler/gen_si_handler.gen_request_fifos.gen_req_fifo[0].inst_req_fifo/gen_xpm_memory_fifo.inst_fifo/gen_mem_rep[0].inst_xpm_memory/xpm_memory_base_inst with a P_MEMORY_PRIMITIVE property set to distributed. A value of block is required. You will not be able to use the updatemem program to update the bitstream with new data for the system_top_i/smartconnect_hb/inst/m01_nodes/m01_w_node/inst/inst_si_handler/gen_si_handler.gen_request_fifos.gen_req_fifo[0].inst_req_fifo/gen_xpm_memory_fifo.inst_fifo/gen_mem_rep[0].inst_xpm_memory/xpm_memory_base_inst block.
INFO: [Memdata 28-167] Found XPM memory block system_top_i/smartconnect_hb/inst/m01_nodes/m01_w_node/inst/inst_mi_handler/gen_normal_area.inst_fifo_node_payld/gen_xpm_memory_fifo.inst_fifo/gen_mem_rep[0].inst_xpm_memory/xpm_memory_base_inst with a P_MEMORY_PRIMITIVE property set to distributed. A value of block is required. You will not be able to use the updatemem program to update the bitstream with new data for the system_top_i/smartconnect_hb/inst/m01_nodes/m01_w_node/inst/inst_mi_handler/gen_normal_area.inst_fifo_node_payld/gen_xpm_memory_fifo.inst_fifo/gen_mem_rep[0].inst_xpm_memory/xpm_memory_base_inst block.
INFO: [Memdata 28-167] Found XPM memory block system_top_i/smartconnect_hb/inst/m01_nodes/m01_r_node/inst/inst_mi_handler/gen_normal_area.inst_fifo_node_payld/gen_xpm_memory_fifo.inst_fifo/gen_mem_rep[0].inst_xpm_memory/xpm_memory_base_inst with a P_MEMORY_PRIMITIVE property set to distributed. A value of block is required. You will not be able to use the updatemem program to update the bitstream with new data for the system_top_i/smartconnect_hb/inst/m01_nodes/m01_r_node/inst/inst_mi_handler/gen_normal_area.inst_fifo_node_payld/gen_xpm_memory_fifo.inst_fifo/gen_mem_rep[0].inst_xpm_memory/xpm_memory_base_inst block.
INFO: [Memdata 28-167] Found XPM memory block system_top_i/smartconnect_hb/inst/m01_nodes/m01_r_node/inst/inst_mi_handler/gen_normal_area.gen_fifo_req.inst_fifo_req/gen_xpm_memory_fifo.inst_fifo/gen_mem_rep[0].inst_xpm_memory/xpm_memory_base_inst with a P_MEMORY_PRIMITIVE property set to distributed. A value of block is required. You will not be able to use the updatemem program to update the bitstream with new data for the system_top_i/smartconnect_hb/inst/m01_nodes/m01_r_node/inst/inst_mi_handler/gen_normal_area.gen_fifo_req.inst_fifo_req/gen_xpm_memory_fifo.inst_fifo/gen_mem_rep[0].inst_xpm_memory/xpm_memory_base_inst block.
INFO: [Memdata 28-167] Found XPM memory block system_top_i/smartconnect_hb/inst/m01_nodes/m01_b_node/inst/inst_mi_handler/gen_normal_area.inst_fifo_node_payld/gen_xpm_memory_fifo.inst_fifo/gen_mem_rep[0].inst_xpm_memory/xpm_memory_base_inst with a P_MEMORY_PRIMITIVE property set to distributed. A value of block is required. You will not be able to use the updatemem program to update the bitstream with new data for the system_top_i/smartconnect_hb/inst/m01_nodes/m01_b_node/inst/inst_mi_handler/gen_normal_area.inst_fifo_node_payld/gen_xpm_memory_fifo.inst_fifo/gen_mem_rep[0].inst_xpm_memory/xpm_memory_base_inst block.
INFO: [Memdata 28-167] Found XPM memory block system_top_i/smartconnect_hb/inst/m01_nodes/m01_b_node/inst/inst_mi_handler/gen_normal_area.gen_fifo_req.inst_fifo_req/gen_xpm_memory_fifo.inst_fifo/gen_mem_rep[0].inst_xpm_memory/xpm_memory_base_inst with a P_MEMORY_PRIMITIVE property set to distributed. A value of block is required. You will not be able to use the updatemem program to update the bitstream with new data for the system_top_i/smartconnect_hb/inst/m01_nodes/m01_b_node/inst/inst_mi_handler/gen_normal_area.gen_fifo_req.inst_fifo_req/gen_xpm_memory_fifo.inst_fifo/gen_mem_rep[0].inst_xpm_memory/xpm_memory_base_inst block.
INFO: [Memdata 28-167] Found XPM memory block system_top_i/smartconnect_hb/inst/m01_nodes/m01_aw_node/inst/inst_mi_handler/gen_normal_area.inst_fifo_node_payld/gen_xpm_memory_fifo.inst_fifo/gen_mem_rep[0].inst_xpm_memory/xpm_memory_base_inst with a P_MEMORY_PRIMITIVE property set to distributed. A value of block is required. You will not be able to use the updatemem program to update the bitstream with new data for the system_top_i/smartconnect_hb/inst/m01_nodes/m01_aw_node/inst/inst_mi_handler/gen_normal_area.inst_fifo_node_payld/gen_xpm_memory_fifo.inst_fifo/gen_mem_rep[0].inst_xpm_memory/xpm_memory_base_inst block.
INFO: [Memdata 28-167] Found XPM memory block system_top_i/smartconnect_hb/inst/m01_nodes/m01_ar_node/inst/inst_mi_handler/gen_normal_area.inst_fifo_node_payld/gen_xpm_memory_fifo.inst_fifo/gen_mem_rep[0].inst_xpm_memory/xpm_memory_base_inst with a P_MEMORY_PRIMITIVE property set to distributed. A value of block is required. You will not be able to use the updatemem program to update the bitstream with new data for the system_top_i/smartconnect_hb/inst/m01_nodes/m01_ar_node/inst/inst_mi_handler/gen_normal_area.inst_fifo_node_payld/gen_xpm_memory_fifo.inst_fifo/gen_mem_rep[0].inst_xpm_memory/xpm_memory_base_inst block.
INFO: [Memdata 28-167] Found XPM memory block system_top_i/smartconnect_hb/inst/m00_nodes/m00_w_node/inst/inst_si_handler/gen_si_handler.gen_request_fifos.gen_req_fifo[2].inst_req_fifo/gen_xpm_memory_fifo.inst_fifo/gen_mem_rep[0].inst_xpm_memory/xpm_memory_base_inst with a P_MEMORY_PRIMITIVE property set to distributed. A value of block is required. You will not be able to use the updatemem program to update the bitstream with new data for the system_top_i/smartconnect_hb/inst/m00_nodes/m00_w_node/inst/inst_si_handler/gen_si_handler.gen_request_fifos.gen_req_fifo[2].inst_req_fifo/gen_xpm_memory_fifo.inst_fifo/gen_mem_rep[0].inst_xpm_memory/xpm_memory_base_inst block.
INFO: [Memdata 28-167] Found XPM memory block system_top_i/smartconnect_hb/inst/m00_nodes/m00_w_node/inst/inst_si_handler/gen_si_handler.gen_request_fifos.gen_req_fifo[0].inst_req_fifo/gen_xpm_memory_fifo.inst_fifo/gen_mem_rep[0].inst_xpm_memory/xpm_memory_base_inst with a P_MEMORY_PRIMITIVE property set to distributed. A value of block is required. You will not be able to use the updatemem program to update the bitstream with new data for the system_top_i/smartconnect_hb/inst/m00_nodes/m00_w_node/inst/inst_si_handler/gen_si_handler.gen_request_fifos.gen_req_fifo[0].inst_req_fifo/gen_xpm_memory_fifo.inst_fifo/gen_mem_rep[0].inst_xpm_memory/xpm_memory_base_inst block.
INFO: [Memdata 28-167] Found XPM memory block system_top_i/smartconnect_hb/inst/m00_nodes/m00_w_node/inst/inst_mi_handler/gen_normal_area.inst_fifo_node_payld/gen_xpm_memory_fifo.inst_fifo/gen_mem_rep[0].inst_xpm_memory/xpm_memory_base_inst with a P_MEMORY_PRIMITIVE property set to distributed. A value of block is required. You will not be able to use the updatemem program to update the bitstream with new data for the system_top_i/smartconnect_hb/inst/m00_nodes/m00_w_node/inst/inst_mi_handler/gen_normal_area.inst_fifo_node_payld/gen_xpm_memory_fifo.inst_fifo/gen_mem_rep[0].inst_xpm_memory/xpm_memory_base_inst block.
INFO: [Memdata 28-167] Found XPM memory block system_top_i/smartconnect_hb/inst/m00_nodes/m00_r_node/inst/inst_mi_handler/gen_normal_area.inst_fifo_node_payld/gen_xpm_memory_fifo.inst_fifo/gen_mem_rep[0].inst_xpm_memory/xpm_memory_base_inst with a P_MEMORY_PRIMITIVE property set to distributed. A value of block is required. You will not be able to use the updatemem program to update the bitstream with new data for the system_top_i/smartconnect_hb/inst/m00_nodes/m00_r_node/inst/inst_mi_handler/gen_normal_area.inst_fifo_node_payld/gen_xpm_memory_fifo.inst_fifo/gen_mem_rep[0].inst_xpm_memory/xpm_memory_base_inst block.
INFO: [Memdata 28-167] Found XPM memory block system_top_i/smartconnect_hb/inst/m00_nodes/m00_r_node/inst/inst_mi_handler/gen_normal_area.gen_fifo_req.inst_fifo_req/gen_xpm_memory_fifo.inst_fifo/gen_mem_rep[0].inst_xpm_memory/xpm_memory_base_inst with a P_MEMORY_PRIMITIVE property set to distributed. A value of block is required. You will not be able to use the updatemem program to update the bitstream with new data for the system_top_i/smartconnect_hb/inst/m00_nodes/m00_r_node/inst/inst_mi_handler/gen_normal_area.gen_fifo_req.inst_fifo_req/gen_xpm_memory_fifo.inst_fifo/gen_mem_rep[0].inst_xpm_memory/xpm_memory_base_inst block.
INFO: [Memdata 28-167] Found XPM memory block system_top_i/smartconnect_hb/inst/m00_nodes/m00_b_node/inst/inst_mi_handler/gen_normal_area.inst_fifo_node_payld/gen_xpm_memory_fifo.inst_fifo/gen_mem_rep[0].inst_xpm_memory/xpm_memory_base_inst with a P_MEMORY_PRIMITIVE property set to distributed. A value of block is required. You will not be able to use the updatemem program to update the bitstream with new data for the system_top_i/smartconnect_hb/inst/m00_nodes/m00_b_node/inst/inst_mi_handler/gen_normal_area.inst_fifo_node_payld/gen_xpm_memory_fifo.inst_fifo/gen_mem_rep[0].inst_xpm_memory/xpm_memory_base_inst block.
INFO: [Memdata 28-167] Found XPM memory block system_top_i/smartconnect_hb/inst/m00_nodes/m00_b_node/inst/inst_mi_handler/gen_normal_area.gen_fifo_req.inst_fifo_req/gen_xpm_memory_fifo.inst_fifo/gen_mem_rep[0].inst_xpm_memory/xpm_memory_base_inst with a P_MEMORY_PRIMITIVE property set to distributed. A value of block is required. You will not be able to use the updatemem program to update the bitstream with new data for the system_top_i/smartconnect_hb/inst/m00_nodes/m00_b_node/inst/inst_mi_handler/gen_normal_area.gen_fifo_req.inst_fifo_req/gen_xpm_memory_fifo.inst_fifo/gen_mem_rep[0].inst_xpm_memory/xpm_memory_base_inst block.
INFO: [Memdata 28-167] Found XPM memory block system_top_i/smartconnect_hb/inst/m00_nodes/m00_aw_node/inst/inst_mi_handler/gen_normal_area.inst_fifo_node_payld/gen_xpm_memory_fifo.inst_fifo/gen_mem_rep[0].inst_xpm_memory/xpm_memory_base_inst with a P_MEMORY_PRIMITIVE property set to distributed. A value of block is required. You will not be able to use the updatemem program to update the bitstream with new data for the system_top_i/smartconnect_hb/inst/m00_nodes/m00_aw_node/inst/inst_mi_handler/gen_normal_area.inst_fifo_node_payld/gen_xpm_memory_fifo.inst_fifo/gen_mem_rep[0].inst_xpm_memory/xpm_memory_base_inst block.
INFO: [Memdata 28-167] Found XPM memory block system_top_i/smartconnect_hb/inst/m00_nodes/m00_ar_node/inst/inst_mi_handler/gen_normal_area.inst_fifo_node_payld/gen_xpm_memory_fifo.inst_fifo/gen_mem_rep[0].inst_xpm_memory/xpm_memory_base_inst with a P_MEMORY_PRIMITIVE property set to distributed. A value of block is required. You will not be able to use the updatemem program to update the bitstream with new data for the system_top_i/smartconnect_hb/inst/m00_nodes/m00_ar_node/inst/inst_mi_handler/gen_normal_area.inst_fifo_node_payld/gen_xpm_memory_fifo.inst_fifo/gen_mem_rep[0].inst_xpm_memory/xpm_memory_base_inst block.
INFO: [Memdata 28-208] The XPM instance: <system_top_i/mipi_csi2_rx/inst/vfb_0/inst/VFB_YUV420_FXD_VC.ycomp_odd/fifo_ycomp/xpm_fifo_base_inst/gen_sdpram.xpm_memory_base_inst> is part of IP: <system_top_i/mipi_csi2_rx/inst>. This XPM instance will be excluded from the .mmi because updatemem is prohibited from making changes to an XPM that is part of an IP.
INFO: [Memdata 28-167] Found XPM memory block system_top_i/mipi_csi2_rx/inst/vfb_0/inst/VFB_YUV420.YUV420/fifo_yuv_lines/xpm_fifo_base_inst/gen_sdpram.xpm_memory_base_inst with a P_MEMORY_PRIMITIVE property set to distributed. A value of block is required. You will not be able to use the updatemem program to update the bitstream with new data for the system_top_i/mipi_csi2_rx/inst/vfb_0/inst/VFB_YUV420.YUV420/fifo_yuv_lines/xpm_fifo_base_inst/gen_sdpram.xpm_memory_base_inst block.
INFO: [Memdata 28-167] Found XPM memory block system_top_i/mipi_csi2_rx/inst/rx/mipi_csi2_rx_ctrl_v1_0_14_top_dut/gen_pkt_fifo/pkt_fifo/gnuram_async_fifo.xpm_fifo_base_inst/gen_sdpram.xpm_memory_base_inst with a P_MEMORY_PRIMITIVE property set to auto. A value of block is required. You will not be able to use the updatemem program to update the bitstream with new data for the system_top_i/mipi_csi2_rx/inst/rx/mipi_csi2_rx_ctrl_v1_0_14_top_dut/gen_pkt_fifo/pkt_fifo/gnuram_async_fifo.xpm_fifo_base_inst/gen_sdpram.xpm_memory_base_inst block.
INFO: [Memdata 28-208] The XPM instance: <system_top_i/mipi_csi2_rx/inst/rx/mipi_csi2_rx_ctrl_v1_0_14_top_dut/RX_1500M.line_buffer/line_buf/xpm_fifo_base_inst/gen_sdpram.xpm_memory_base_inst> is part of IP: <system_top_i/mipi_csi2_rx/inst>. This XPM instance will be excluded from the .mmi because updatemem is prohibited from making changes to an XPM that is part of an IP.
INFO: [Memdata 28-167] Found XPM memory block system_top_i/mipi_csi2_rx/inst/rx/mipi_csi2_rx_ctrl_v1_0_14_top_dut/LANE_4.ppi_fifo3/CSI_OPT3_OFF.ppi_fifo/xpm_fifo_base_inst/gen_sdpram.xpm_memory_base_inst with a P_MEMORY_PRIMITIVE property set to auto. A value of block is required. You will not be able to use the updatemem program to update the bitstream with new data for the system_top_i/mipi_csi2_rx/inst/rx/mipi_csi2_rx_ctrl_v1_0_14_top_dut/LANE_4.ppi_fifo3/CSI_OPT3_OFF.ppi_fifo/xpm_fifo_base_inst/gen_sdpram.xpm_memory_base_inst block.
INFO: [Memdata 28-167] Found XPM memory block system_top_i/mipi_csi2_rx/inst/rx/mipi_csi2_rx_ctrl_v1_0_14_top_dut/LANE_3.ppi_fifo2/CSI_OPT3_OFF.ppi_fifo/xpm_fifo_base_inst/gen_sdpram.xpm_memory_base_inst with a P_MEMORY_PRIMITIVE property set to auto. A value of block is required. You will not be able to use the updatemem program to update the bitstream with new data for the system_top_i/mipi_csi2_rx/inst/rx/mipi_csi2_rx_ctrl_v1_0_14_top_dut/LANE_3.ppi_fifo2/CSI_OPT3_OFF.ppi_fifo/xpm_fifo_base_inst/gen_sdpram.xpm_memory_base_inst block.
INFO: [Memdata 28-167] Found XPM memory block system_top_i/mipi_csi2_rx/inst/rx/mipi_csi2_rx_ctrl_v1_0_14_top_dut/LANE_2.ppi_fifo1/CSI_OPT3_OFF.ppi_fifo/xpm_fifo_base_inst/gen_sdpram.xpm_memory_base_inst with a P_MEMORY_PRIMITIVE property set to auto. A value of block is required. You will not be able to use the updatemem program to update the bitstream with new data for the system_top_i/mipi_csi2_rx/inst/rx/mipi_csi2_rx_ctrl_v1_0_14_top_dut/LANE_2.ppi_fifo1/CSI_OPT3_OFF.ppi_fifo/xpm_fifo_base_inst/gen_sdpram.xpm_memory_base_inst block.
INFO: [Memdata 28-167] Found XPM memory block system_top_i/mipi_csi2_rx/inst/rx/mipi_csi2_rx_ctrl_v1_0_14_top_dut/LANE_1.ppi_fifo0/CSI_OPT3_OFF.ppi_fifo/xpm_fifo_base_inst/gen_sdpram.xpm_memory_base_inst with a P_MEMORY_PRIMITIVE property set to auto. A value of block is required. You will not be able to use the updatemem program to update the bitstream with new data for the system_top_i/mipi_csi2_rx/inst/rx/mipi_csi2_rx_ctrl_v1_0_14_top_dut/LANE_1.ppi_fifo0/CSI_OPT3_OFF.ppi_fifo/xpm_fifo_base_inst/gen_sdpram.xpm_memory_base_inst block.
INFO: [Memdata 28-167] Found XPM memory block system_top_i/mipi_csi2_rx/inst/rx/mipi_csi2_rx_ctrl_v1_0_14_top_dut/AXI_LITE.reg_inf/gen_spkt_fifo/generic_pkt/gnuram_async_fifo.xpm_fifo_base_inst/gen_sdpram.xpm_memory_base_inst with a P_MEMORY_PRIMITIVE property set to auto. A value of block is required. You will not be able to use the updatemem program to update the bitstream with new data for the system_top_i/mipi_csi2_rx/inst/rx/mipi_csi2_rx_ctrl_v1_0_14_top_dut/AXI_LITE.reg_inf/gen_spkt_fifo/generic_pkt/gnuram_async_fifo.xpm_fifo_base_inst/gen_sdpram.xpm_memory_base_inst block.
INFO: [Memdata 28-167] Found XPM memory block system_top_i/bram/inst/u_uram/xpm_memory_base_inst with a P_MEMORY_PRIMITIVE property set to ultra. A value of block is required. You will not be able to use the updatemem program to update the bitstream with new data for the system_top_i/bram/inst/u_uram/xpm_memory_base_inst block.
INFO: [Memdata 28-167] Found XPM memory block system_top_i/axi_dma/U0/I_PRMRY_DATAMOVER/GEN_S2MM_FULL.I_S2MM_FULL_WRAPPER/GEN_ENABLE_INDET_BTT_SF.I_INDET_BTT/I_XD_FIFO/NON_BLK_MEM.I_SYNC_FIFOGEN_FIFO/xpm_fifo_base_inst/gen_sdpram.xpm_memory_base_inst with a P_MEMORY_PRIMITIVE property set to auto. A value of block is required. You will not be able to use the updatemem program to update the bitstream with new data for the system_top_i/axi_dma/U0/I_PRMRY_DATAMOVER/GEN_S2MM_FULL.I_S2MM_FULL_WRAPPER/GEN_ENABLE_INDET_BTT_SF.I_INDET_BTT/I_XD_FIFO/NON_BLK_MEM.I_SYNC_FIFOGEN_FIFO/xpm_fifo_base_inst/gen_sdpram.xpm_memory_base_inst block.
INFO: [Memdata 28-208] The XPM instance: <system_top_i/axi_dma/U0/I_PRMRY_DATAMOVER/GEN_S2MM_FULL.I_S2MM_FULL_WRAPPER/GEN_ENABLE_INDET_BTT_SF.I_INDET_BTT/I_DATA_FIFO/BLK_MEM.I_SYNC_FIFOGEN_FIFO/xpm_fifo_base_inst/gen_sdpram.xpm_memory_base_inst> is part of IP: <system_top_i/axi_dma>. This XPM instance will be excluded from the .mmi because updatemem is prohibited from making changes to an XPM that is part of an IP.
INFO: [Memdata 28-208] The XPM instance: <system_top_i/axi_dma/U0/I_PRMRY_DATAMOVER/GEN_MM2S_FULL.I_MM2S_FULL_WRAPPER/GEN_INCLUDE_MM2S_SF.I_RD_SF/I_DATA_FIFO/BLK_MEM.I_SYNC_FIFOGEN_FIFO/xpm_fifo_base_inst/gen_sdpram.xpm_memory_base_inst> is part of IP: <system_top_i/axi_dma>. This XPM instance will be excluded from the .mmi because updatemem is prohibited from making changes to an XPM that is part of an IP.
Command: write_bitstream -force system_top_wrapper.bit
Attempting to get a license for feature 'Implementation' and/or device 'xck26'
INFO: [Common 17-349] Got license for feature 'Implementation' and/or device 'xck26'
Running DRC as a precondition to command write_bitstream
INFO: [IP_Flow 19-1839] IP Catalog is up to date.
INFO: [DRC 23-27] Running DRC with 8 threads
INFO: [Vivado 12-3199] DRC finished with 0 Errors
INFO: [Vivado 12-3200] Please refer to the DRC report (report_drc) for more information.
Integrating Hard IP ELF/MEM with the PDI.
INFO: [Designutils 20-2272] Running write_bitstream with 8 threads.
Loading data files...
Loading site data...
Loading route data...
Processing options...
Creating bitmap...
Creating bitstream...
Writing bitstream ./system_top_wrapper.bit...
INFO: [Vivado 12-1842] Bitgen Completed Successfully.
INFO: [Common 17-83] Releasing license: Implementation
240 Infos, 15 Warnings, 0 Critical Warnings and 0 Errors encountered.
write_bitstream completed successfully
write_bitstream: Time (s): cpu = 00:02:23 ; elapsed = 00:01:07 . Memory (MB): peak = 7151.621 ; gain = 0.000 ; free physical = 41815 ; free virtual = 109942
INFO: [Common 17-206] Exiting Vivado at Mon May 18 07:38:14 2026...
[Mon May 18 07:38:21 2026] impl_1 finished
wait_on_runs: Time (s): cpu = 00:00:15 ; elapsed = 01:16:03 . Memory (MB): peak = 2378.574 ; gain = 0.000 ; free physical = 47528 ; free virtual = 115653
# if {[get_property STATUS [get_runs impl_1]] != "write_bitstream Complete!"} {
#     puts "ERROR: Implementation/bitstream failed"
#     exit 1
# }
# puts "Bitstream generated successfully."
Bitstream generated successfully.
# open_run impl_1
INFO: [Device 21-403] Loading part xck26-sfvc784-2LV-c
Netlist sorting complete. Time (s): cpu = 00:00:02 ; elapsed = 00:00:02 . Memory (MB): peak = 2758.051 ; gain = 0.000 ; free physical = 46503 ; free virtual = 114629
INFO: [Netlist 29-17] Analyzing 5941 Unisim elements for replacement
INFO: [Netlist 29-28] Unisim Transformation completed in 1 CPU seconds
INFO: [Project 1-479] Netlist was created with Vivado 2025.2
INFO: [Project 1-570] Preparing netlist for logic optimization
Read ShapeDB Complete: Time (s): cpu = 00:00:00.59 ; elapsed = 00:00:00.68 . Memory (MB): peak = 2885.848 ; gain = 29.734 ; free physical = 46374 ; free virtual = 114499
INFO: [Timing 38-478] Restoring timing data from binary archive.
INFO: [Timing 38-479] Binary timing data restore complete.
INFO: [Project 1-856] Restoring constraints from binary archive.
INFO: [Project 1-853] Binary constraint restore complete.
INFO: [Designutils 20-5722] Start Reading Physical Databases.
Reading placement.
Read Netlist Cache: Time (s): cpu = 00:00:00.53 ; elapsed = 00:00:00.54 . Memory (MB): peak = 3590.145 ; gain = 0.000 ; free physical = 45821 ; free virtual = 113947
Reading placer database...
Read Device Cache: Time (s): cpu = 00:00:00.07 ; elapsed = 00:00:00.08 . Memory (MB): peak = 3593.145 ; gain = 3.000 ; free physical = 45818 ; free virtual = 113945
Read PlaceDB: Time (s): cpu = 00:00:15 ; elapsed = 00:00:15 . Memory (MB): peak = 3726.543 ; gain = 131.016 ; free physical = 45683 ; free virtual = 113809
Read PulsedLatchDB: Time (s): cpu = 00:00:00 ; elapsed = 00:00:00 . Memory (MB): peak = 3726.543 ; gain = 0.000 ; free physical = 45683 ; free virtual = 113809
Reading routing.
Read RouteStorage: Time (s): cpu = 00:00:25 ; elapsed = 00:00:17 . Memory (MB): peak = 4284.707 ; gain = 558.164 ; free physical = 45139 ; free virtual = 113266
Read Physdb Files: Time (s): cpu = 00:00:41 ; elapsed = 00:00:33 . Memory (MB): peak = 4284.707 ; gain = 694.562 ; free physical = 45139 ; free virtual = 113266
Restored from archive | CPU: 42.860000 secs | Memory: 619.579826 MB |
Finished XDEF File Restore: Time (s): cpu = 00:00:41 ; elapsed = 00:00:34 . Memory (MB): peak = 4284.707 ; gain = 694.562 ; free physical = 45139 ; free virtual = 113266
Netlist sorting complete. Time (s): cpu = 00:00:00.08 ; elapsed = 00:00:00.09 . Memory (MB): peak = 4284.707 ; gain = 0.000 ; free physical = 45137 ; free virtual = 113265
INFO: [Project 1-111] Unisim Transformation Summary:
  A total of 345 instances were transformed.
  DSP48E2 => DSP48E2 (DSP_ALU, DSP_A_B_DATA, DSP_C_DATA, DSP_MULTIPLIER, DSP_M_DATA, DSP_OUTPUT, DSP_PREADD, DSP_PREADD_DATA): 27 instances
  DSP48E2 => DSP48E2 (inverted pins: RSTA) (DSP_ALU, DSP_A_B_DATA, DSP_C_DATA, DSP_MULTIPLIER, DSP_M_DATA, DSP_OUTPUT, DSP_PREADD, DSP_PREADD_DATA): 2 instances
  DSP48E2 => DSP48E2 (inverted pins: RSTA, RSTP) (DSP_ALU, DSP_A_B_DATA, DSP_C_DATA, DSP_MULTIPLIER, DSP_M_DATA, DSP_OUTPUT, DSP_PREADD, DSP_PREADD_DATA): 1 instance 
  DSP48E2 => DSP48E2 (inverted pins: RSTB) (DSP_ALU, DSP_A_B_DATA, DSP_C_DATA, DSP_MULTIPLIER, DSP_M_DATA, DSP_OUTPUT, DSP_PREADD, DSP_PREADD_DATA): 1 instance 
  IBUFDS_DPHY => IBUFDS_DPHY (DPHY_DIFFINBUF, IBUFCTRL): 5 instances
  IOBUF => IOBUF (IBUFCTRL, INBUF, OBUFT): 2 instances
  RAM16X1D => RAM32X1D (RAMD32(x2)): 4 instances
  RAM32M => RAM32M (RAMD32(x6), RAMS32(x2)): 13 instances
  RAM32M16 => RAM32M16 (RAMD32(x14), RAMS32(x2)): 189 instances
  RAM32X1D => RAM32X1D (RAMD32(x2)): 6 instances
  RAM64M => RAM64M (RAMD64E(x4)): 5 instances
  RAM64M8 => RAM64M8 (RAMD64E(x8)): 90 instances

open_run: Time (s): cpu = 00:01:51 ; elapsed = 00:01:46 . Memory (MB): peak = 4284.742 ; gain = 1906.168 ; free physical = 45137 ; free virtual = 113265
# report_utilization -file /home/cbt22/code/code_fyp/VisionSoC/fpga/build/mudkip2d128big1bram1chain2lanescale_fpga_maskopt-20260518-055430/utilization_impl.rpt
# report_timing_summary -file /home/cbt22/code/code_fyp/VisionSoC/fpga/build/mudkip2d128big1bram1chain2lanescale_fpga_maskopt-20260518-055430/timing_impl.rpt
INFO: [Timing 38-91] UpdateTimingParams: Speed grade: -2LV, Temperature grade: C, Delay Type: min_max.
INFO: [Timing 38-191] Multithreading enabled for timing update using a maximum of 8 CPUs
WARNING: [Timing 38-436] There are set_bus_skew constraint(s) in this design. Please run report_bus_skew to ensure that bus skew requirements are met.
report_timing_summary: Time (s): cpu = 00:07:03 ; elapsed = 00:01:49 . Memory (MB): peak = 4781.949 ; gain = 497.207 ; free physical = 44613 ; free virtual = 112740
INFO: [Common 17-206] Exiting Vivado at Mon May 18 07:42:01 2026...

Bitstream copied to: /home/cbt22/code/code_fyp/VisionSoC/fpga/build/mudkip2d128big1bram1chain2lanescale_fpga_maskopt-20260518-055430/system_top_wrapper.bit
Implementation reports saved to /home/cbt22/code/code_fyp/VisionSoC/fpga/build/mudkip2d128big1bram1chain2lanescale_fpga_maskopt-20260518-055430/
  - utilization_impl.rpt
  - timing_impl.rpt

All logs saved to: /home/cbt22/code/code_fyp/VisionSoC/fpga/build/mudkip2d128big1bram1chain2lanescale_fpga_maskopt-20260518-055430/

----------------------------------------
Time elapsed: 107m 34s  (success)
----------------------------------------
