Copyright 1986-2022 Xilinx, Inc. All Rights Reserved. Copyright 2022-2025 Advanced Micro Devices, Inc. All Rights Reserved.
----------------------------------------------------------------------------------------------------------------------------------------------------------------------------------
| Tool Version      : Vivado v.2025.2 (lin64) Build 6299465 Fri Nov 14 12:34:56 MST 2025
| Date              : Mon May 18 07:42:00 2026
| Host              : cloud-vm-44-108 running 64-bit Ubuntu 20.04.6 LTS
| Command           : report_timing_summary -file /home/cbt22/code/code_fyp/VisionSoC/fpga/build/mudkip2d128big1bram1chain2lanescale_fpga_maskopt-20260518-055430/timing_impl.rpt
| Design            : system_top_wrapper
| Device            : xck26-sfvc784
| Speed File        : -2LV  PRODUCTION 1.30 05-15-2022
| Design State      : Routed
| Temperature Grade : C
----------------------------------------------------------------------------------------------------------------------------------------------------------------------------------

Timing Summary Report

------------------------------------------------------------------------------------------------
| Timer Settings
| --------------
------------------------------------------------------------------------------------------------

  Enable Multi Corner Analysis               :  Yes
  Enable Pessimism Removal                   :  Yes
  Pessimism Removal Resolution               :  Nearest Common Node
  Enable Input Delay Default Clock           :  No
  Enable Preset / Clear Arcs                 :  No
  Disable Flight Delays                      :  No
  Ignore I/O Paths                           :  No
  Timing Early Launch at Borrowing Latches   :  No
  Borrow Time for Max Delay Exceptions       :  Yes
  Merge Timing Exceptions                    :  Yes
  Inter-SLR Compensation                     :  Conservative

  Corner  Analyze    Analyze    
  Name    Max Paths  Min Paths  
  ------  ---------  ---------  
  Slow    Yes        Yes        
  Fast    Yes        Yes        


------------------------------------------------------------------------------------------------
| Report Methodology
| ------------------
------------------------------------------------------------------------------------------------

Rule       Severity  Description                                           Violations  
---------  --------  ----------------------------------------------------  ----------  
LUTAR-1    Warning   LUT drives async reset alert                          1           
TIMING-24  Warning   Overridden Max delay datapath only                    5           
TIMING-28  Warning   Auto-derived clock referenced by a timing constraint  1           
ULMTCS-1   Warning   Control Sets use limits recommend reduction           1           
CLKC-56    Advisory  MMCME4 with global clock driver has no LOC            1           
CLKC-58    Advisory  PLLE4 with global clock driver has no LOC             1           

Note: This report is based on the most recent report_methodology run and may not be up-to-date. Run report_methodology on the current design for the latest report.



check_timing report

Table of Contents
-----------------
1. checking no_clock (0)
2. checking constant_clock (0)
3. checking pulse_width_clock (0)
4. checking unconstrained_internal_endpoints (0)
5. checking no_input_delay (6)
6. checking no_output_delay (2)
7. checking multiple_clock (0)
8. checking generated_clocks (0)
9. checking loops (0)
10. checking partial_input_delay (0)
11. checking partial_output_delay (0)
12. checking latch_loops (0)

1. checking no_clock (0)
------------------------
 There are 0 register/latch pins with no clock.


2. checking constant_clock (0)
------------------------------
 There are 0 register/latch pins with constant_clock.


3. checking pulse_width_clock (0)
---------------------------------
 There are 0 register/latch pins which need pulse_width check


4. checking unconstrained_internal_endpoints (0)
------------------------------------------------
 There are 0 pins that are not constrained for maximum delay.

 There are 0 pins that are not constrained for maximum delay due to constant clock.


5. checking no_input_delay (6)
------------------------------
 There are 6 input ports with no input delay specified. (HIGH)

 There are 0 input ports with no input delay but user has a false path constraint.


6. checking no_output_delay (2)
-------------------------------
 There are 2 ports with no output delay specified. (HIGH)

 There are 0 ports with no output delay but user has a false path constraint

 There are 0 ports with no output delay but with a timing clock defined on it or propagating through it


7. checking multiple_clock (0)
------------------------------
 There are 0 register/latch pins with multiple clocks.


8. checking generated_clocks (0)
--------------------------------
 There are 0 generated clocks that are not connected to a clock source.


9. checking loops (0)
---------------------
 There are 0 combinational loops in the design.


10. checking partial_input_delay (0)
------------------------------------
 There are 0 input ports with partial input delay specified.


11. checking partial_output_delay (0)
-------------------------------------
 There are 0 ports with partial output delay specified.


12. checking latch_loops (0)
----------------------------
 There are 0 combinational latch loops in the design through latch input



------------------------------------------------------------------------------------------------
| Design Timing Summary
| ---------------------
------------------------------------------------------------------------------------------------

    WNS(ns)      TNS(ns)  TNS Failing Endpoints  TNS Total Endpoints      WHS(ns)      THS(ns)  THS Failing Endpoints  THS Total Endpoints     WPWS(ns)     TPWS(ns)  TPWS Failing Endpoints  TPWS Total Endpoints  
    -------      -------  ---------------------  -------------------      -------      -------  ---------------------  -------------------     --------     --------  ----------------------  --------------------  
      0.242        0.000                      0               274155        0.011        0.000                      0               274021        0.164        0.000                       0                108503  


All user specified timing constraints are met.


------------------------------------------------------------------------------------------------
| Clock Summary
| -------------
------------------------------------------------------------------------------------------------

Clock                               Waveform(ns)           Period(ns)      Frequency(MHz)
-----                               ------------           ----------      --------------
clk_pl_0                            {0.000 5.000}          10.000          100.000         
  clk_100M_system_top_clk_wiz_0_0   {0.000 5.000}          10.000          100.000         
  clk_200M_system_top_clk_wiz_0_0   {0.000 2.500}          5.000           200.000         
    GEN_PLL_IN_IP_USP.pll0_clkout0  {0.000 2.667}          5.333           187.500         
    clkoutphy_out                   {0.000 0.333}          0.667           1499.999        
      clkoutphy_out_DIV             {0.000 2.667}          5.333           187.500         
  clk_300M_system_top_clk_wiz_0_0   {0.000 1.667}          3.333           300.000         
  clk_60M_system_top_clk_wiz_0_0    {0.000 8.333}          16.667          60.000          
clk_pl_1                            {0.000 5.000}          10.000          100.000         
mipi_phy_if_clk_p                   {0.000 1.116}          2.232           448.029         
  mipi_phy_if_clk_p_FIFO_WRCLK_OUT  {0.000 4.464}          8.928           112.007         


------------------------------------------------------------------------------------------------
| Intra Clock Table
| -----------------
------------------------------------------------------------------------------------------------

Clock                                   WNS(ns)      TNS(ns)  TNS Failing Endpoints  TNS Total Endpoints      WHS(ns)      THS(ns)  THS Failing Endpoints  THS Total Endpoints     WPWS(ns)     TPWS(ns)  TPWS Failing Endpoints  TPWS Total Endpoints  
-----                                   -------      -------  ---------------------  -------------------      -------      -------  ---------------------  -------------------     --------     --------  ----------------------  --------------------  
clk_pl_0                                                                                                                                                                              2.000        0.000                       0                     1  
  clk_100M_system_top_clk_wiz_0_0         4.703        0.000                      0                 4783        0.015        0.000                      0                 4783        3.500        0.000                       0                  2211  
  clk_200M_system_top_clk_wiz_0_0         1.972        0.000                      0                  671        0.071        0.000                      0                  671        0.750        0.000                       0                   516  
    GEN_PLL_IN_IP_USP.pll0_clkout0        3.684        0.000                      0                   16        0.106        0.000                      0                   16        2.392        0.000                       0                    12  
    clkoutphy_out                                                                                                                                                                     0.164        0.000                       0                     3  
  clk_300M_system_top_clk_wiz_0_0         0.242        0.000                      0                18866        0.012        0.000                      0                18866        0.167        0.000                       0                  7162  
  clk_60M_system_top_clk_wiz_0_0          1.077        0.000                      0               247159        0.011        0.000                      0               247159        6.833        0.000                       0                 97795  
mipi_phy_if_clk_p                                                                                                                                                                     0.827        0.000                       0                     1  
  mipi_phy_if_clk_p_FIFO_WRCLK_OUT        5.323        0.000                      0                 1924        0.020        0.000                      0                 1924        3.702        0.000                       0                   802  


------------------------------------------------------------------------------------------------
| Inter Clock Table
| -----------------
------------------------------------------------------------------------------------------------

From Clock                       To Clock                             WNS(ns)      TNS(ns)  TNS Failing Endpoints  TNS Total Endpoints      WHS(ns)      THS(ns)  THS Failing Endpoints  THS Total Endpoints  
----------                       --------                             -------      -------  ---------------------  -------------------      -------      -------  ---------------------  -------------------  
clk_300M_system_top_clk_wiz_0_0  clk_100M_system_top_clk_wiz_0_0        2.396        0.000                      0                  101                                                                        
clk_100M_system_top_clk_wiz_0_0  clk_300M_system_top_clk_wiz_0_0        1.937        0.000                      0                   59                                                                        


------------------------------------------------------------------------------------------------
| Other Path Groups Table
| -----------------------
------------------------------------------------------------------------------------------------

Path Group                        From Clock                        To Clock                              WNS(ns)      TNS(ns)  TNS Failing Endpoints  TNS Total Endpoints      WHS(ns)      THS(ns)  THS Failing Endpoints  THS Total Endpoints  
----------                        ----------                        --------                              -------      -------  ---------------------  -------------------      -------      -------  ---------------------  -------------------  
**async_default**                 clk_200M_system_top_clk_wiz_0_0   clk_200M_system_top_clk_wiz_0_0         3.472        0.000                      0                   74        0.163        0.000                      0                   74  
**async_default**                 clk_300M_system_top_clk_wiz_0_0   clk_300M_system_top_clk_wiz_0_0         1.408        0.000                      0                   32        0.424        0.000                      0                   32  
**async_default**                 clk_60M_system_top_clk_wiz_0_0    clk_60M_system_top_clk_wiz_0_0          9.331        0.000                      0                  461        0.900        0.000                      0                  461  
**async_default**                 mipi_phy_if_clk_p_FIFO_WRCLK_OUT  mipi_phy_if_clk_p_FIFO_WRCLK_OUT        7.023        0.000                      0                   35        0.164        0.000                      0                   35  


------------------------------------------------------------------------------------------------
| Timing Details
| --------------
------------------------------------------------------------------------------------------------


---------------------------------------------------------------------------------------------------
From Clock:  clk_pl_0
  To Clock:  clk_pl_0

Setup :           NA  Failing Endpoints,  Worst Slack           NA  ,  Total Violation           NA
Hold  :           NA  Failing Endpoints,  Worst Slack           NA  ,  Total Violation           NA
PW    :            0  Failing Endpoints,  Worst Slack        2.000ns,  Total Violation        0.000ns
---------------------------------------------------------------------------------------------------


Pulse Width Checks
--------------------------------------------------------------------------------------
Clock Name:         clk_pl_0
Waveform(ns):       { 0.000 5.000 }
Period(ns):         10.000
Sources:            { system_top_i/zynq_ps/inst/PS8_i/PLCLK[0] }

Check Type        Corner  Lib Pin            Reference Pin  Required(ns)  Actual(ns)  Slack(ns)  Location   Pin
Min Period        n/a     MMCME4_ADV/CLKIN1  n/a            1.071         10.000      8.929      MMCM_X0Y2  system_top_i/clk_wiz_0/inst/mmcme4_adv_inst/CLKIN1
Max Period        n/a     MMCME4_ADV/CLKIN1  n/a            100.000       10.000      90.000     MMCM_X0Y2  system_top_i/clk_wiz_0/inst/mmcme4_adv_inst/CLKIN1
Low Pulse Width   Slow    MMCME4_ADV/CLKIN1  n/a            3.000         5.000       2.000      MMCM_X0Y2  system_top_i/clk_wiz_0/inst/mmcme4_adv_inst/CLKIN1
High Pulse Width  Slow    MMCME4_ADV/CLKIN1  n/a            3.000         5.000       2.000      MMCM_X0Y2  system_top_i/clk_wiz_0/inst/mmcme4_adv_inst/CLKIN1



---------------------------------------------------------------------------------------------------
From Clock:  clk_100M_system_top_clk_wiz_0_0
  To Clock:  clk_100M_system_top_clk_wiz_0_0

Setup :            0  Failing Endpoints,  Worst Slack        4.703ns,  Total Violation        0.000ns
Hold  :            0  Failing Endpoints,  Worst Slack        0.015ns,  Total Violation        0.000ns
PW    :            0  Failing Endpoints,  Worst Slack        3.500ns,  Total Violation        0.000ns
---------------------------------------------------------------------------------------------------


Max Delay Paths
--------------------------------------------------------------------------------------
Slack (MET) :             4.703ns  (required time - arrival time)
  Source:                 system_top_i/smartconnect_lpd/inst/switchboards/i_nodes/i_w_node/inst/inst_mi_handler/gen_normal_area.inst_fifo_node_payld/gen_reg_fifo.inst_reg_fifo/gen_single_rank.data_reg[56]/C
                            (rising edge-triggered cell FDRE clocked by clk_100M_system_top_clk_wiz_0_0  {rise@0.000ns fall@5.000ns period=10.000ns})
  Destination:            system_top_wrapper/system_top/system_top_mipi_csi2_rx_0/system_top_mipi_csi2_rx_0_bd_a98f/bd_a98f_rx_0/<hidden>/<hidden>
                            (rising edge-triggered cell FDRE clocked by clk_100M_system_top_clk_wiz_0_0  {rise@0.000ns fall@5.000ns period=10.000ns})
  Path Group:             clk_100M_system_top_clk_wiz_0_0
  Path Type:              Setup (Max at Slow Process Corner)
  Requirement:            10.000ns  (clk_100M_system_top_clk_wiz_0_0 rise@10.000ns - clk_100M_system_top_clk_wiz_0_0 rise@0.000ns)
  Data Path Delay:        4.879ns  (logic 0.849ns (17.400%)  route 4.030ns (82.600%))
  Logic Levels:           6  (LUT2=4 LUT4=1 LUT6=1)
  Clock Path Skew:        -0.268ns (DCD - SCD + CPR)
    Destination Clock Delay (DCD):    4.954ns = ( 14.954 - 10.000 ) 
    Source Clock Delay      (SCD):    4.691ns
    Clock Pessimism Removal (CPR):    -0.532ns
  Clock Uncertainty:      0.068ns  ((TSJ^2 + DJ^2)^1/2) / 2 + PE
    Total System Jitter     (TSJ):    0.071ns
    Discrete Jitter          (DJ):    0.116ns
    Phase Error              (PE):    0.000ns
  Clock Net Delay (Source):      2.008ns (routing 0.246ns, distribution 1.762ns)
  Clock Net Delay (Destination): 1.724ns (routing 0.231ns, distribution 1.493ns)

    Location             Delay type                Incr(ns)  Path(ns)    Netlist Resource(s)
  -------------------------------------------------------------------    -------------------
                         (clock clk_100M_system_top_clk_wiz_0_0 rise edge)
                                                      0.000     0.000 r  
    PS8_X0Y0             PS8                          0.000     0.000 r  system_top_i/zynq_ps/inst/PS8_i/PLCLK[0]
                         net (fo=1, routed)           0.229     0.229    system_top_i/zynq_ps/inst/pl_clk_unbuffered[0]
    BUFG_PS_X0Y72        BUFG_PS (Prop_BUFG_PS_I_O)
                                                      0.038     0.267 r  system_top_i/zynq_ps/inst/buffer_pl_clk_0.PL_CLK_0_BUFG/O
                         net (fo=1, routed)           2.127     2.394    system_top_i/clk_wiz_0/inst/clk_in1
    MMCM_X0Y2            MMCME4_ADV (Prop_MMCM_CLKIN1_CLKOUT0)
                                                     -0.103     2.291 r  system_top_i/clk_wiz_0/inst/mmcme4_adv_inst/CLKOUT0
                         net (fo=1, routed)           0.348     2.639    system_top_i/clk_wiz_0/inst/clk_100M_system_top_clk_wiz_0_0
    BUFGCE_X0Y52         BUFGCE (Prop_BUFCE_BUFGCE_I_O)
                                                      0.044     2.683 r  system_top_i/clk_wiz_0/inst/clkout1_buf/O
    X1Y2 (CLOCK_ROOT)    net (fo=2209, routed)        2.008     4.691    system_top_i/smartconnect_lpd/inst/switchboards/i_nodes/i_w_node/inst/inst_mi_handler/gen_normal_area.inst_fifo_node_payld/gen_reg_fifo.inst_reg_fifo/s_sc_aclk
    SLICE_X5Y181         FDRE                                         r  system_top_i/smartconnect_lpd/inst/switchboards/i_nodes/i_w_node/inst/inst_mi_handler/gen_normal_area.inst_fifo_node_payld/gen_reg_fifo.inst_reg_fifo/gen_single_rank.data_reg[56]/C
  -------------------------------------------------------------------    -------------------
    SLICE_X5Y181         FDRE (Prop_FFF2_SLICEM_C_Q)
                                                      0.116     4.807 f  system_top_i/smartconnect_lpd/inst/switchboards/i_nodes/i_w_node/inst/inst_mi_handler/gen_normal_area.inst_fifo_node_payld/gen_reg_fifo.inst_reg_fifo/gen_single_rank.data_reg[56]/Q
                         net (fo=2, routed)           0.237     5.044    system_top_i/smartconnect_lpd/inst/switchboards/i_nodes/i_w_node/inst/inst_mi_handler/gen_normal_area.inst_fifo_node_payld/gen_reg_fifo.inst_reg_fifo/gen_normal_area.fifo_node_payld_dout[56]
    SLICE_X4Y180         LUT2 (Prop_C6LUT_SLICEM_I0_O)
                                                      0.080     5.124 f  system_top_i/smartconnect_lpd/inst/switchboards/i_nodes/i_w_node/inst/inst_mi_handler/gen_normal_area.inst_fifo_node_payld/gen_reg_fifo.inst_reg_fifo/m_sc_send[0]_INST_0/O
                         net (fo=1, routed)           0.048     5.172    system_top_i/smartconnect_lpd/inst/m00_nodes/m00_w_node/inst/inst_mi_handler/s_sc_send[0]
    SLICE_X4Y180         LUT2 (Prop_A6LUT_SLICEM_I0_O)
                                                      0.138     5.310 f  system_top_i/smartconnect_lpd/inst/m00_nodes/m00_w_node/inst/inst_mi_handler/m_sc_send[0]_INST_0/O
                         net (fo=1, routed)           0.219     5.529    system_top_i/smartconnect_lpd/inst/m00_exit_pipeline/m00_exit/inst/s_axi_wvalid
    SLICE_X4Y180         LUT2 (Prop_D6LUT_SLICEM_I0_O)
                                                      0.151     5.680 f  system_top_i/smartconnect_lpd/inst/m00_exit_pipeline/m00_exit/inst/m_axi_wvalid_INST_0/O
                         net (fo=3, routed)           0.593     6.273    system_top_wrapper/system_top/system_top_mipi_csi2_rx_0/system_top_mipi_csi2_rx_0_bd_a98f/bd_a98f_rx_0/<hidden>/<hidden>
    SLICE_X2Y155         LUT4 (Prop_B6LUT_SLICEM_I0_O)
                                                      0.225     6.498 f  system_top_wrapper/system_top/system_top_mipi_csi2_rx_0/system_top_mipi_csi2_rx_0_bd_a98f/bd_a98f_rx_0/<hidden>/<hidden>
                         net (fo=5, routed)           0.284     6.782    system_top_wrapper/system_top/system_top_mipi_csi2_rx_0/system_top_mipi_csi2_rx_0_bd_a98f/bd_a98f_rx_0/<hidden>/<hidden>
    SLICE_X2Y147         LUT6 (Prop_F6LUT_SLICEM_I0_O)
                                                      0.056     6.838 f  system_top_wrapper/system_top/system_top_mipi_csi2_rx_0/system_top_mipi_csi2_rx_0_bd_a98f/bd_a98f_rx_0/<hidden>/<hidden>
                         net (fo=25, routed)          1.379     8.217    system_top_wrapper/system_top/system_top_mipi_csi2_rx_0/system_top_mipi_csi2_rx_0_bd_a98f/bd_a98f_rx_0/<hidden>/<hidden>
    SLICE_X7Y101         LUT2 (Prop_A6LUT_SLICEM_I1_O)
                                                      0.083     8.300 r  system_top_wrapper/system_top/system_top_mipi_csi2_rx_0/system_top_mipi_csi2_rx_0_bd_a98f/bd_a98f_rx_0/<hidden>/<hidden>
                         net (fo=25, routed)          1.270     9.570    system_top_wrapper/system_top/system_top_mipi_csi2_rx_0/system_top_mipi_csi2_rx_0_bd_a98f/bd_a98f_rx_0/<hidden>/<hidden>
    SLICE_X13Y116        FDRE                                         r  system_top_wrapper/system_top/system_top_mipi_csi2_rx_0/system_top_mipi_csi2_rx_0_bd_a98f/bd_a98f_rx_0/<hidden>/<hidden>
  -------------------------------------------------------------------    -------------------

                         (clock clk_100M_system_top_clk_wiz_0_0 rise edge)
                                                     10.000    10.000 r  
    PS8_X0Y0             PS8                          0.000    10.000 r  system_top_i/zynq_ps/inst/PS8_i/PLCLK[0]
                         net (fo=1, routed)           0.181    10.181    system_top_i/zynq_ps/inst/pl_clk_unbuffered[0]
    BUFG_PS_X0Y72        BUFG_PS (Prop_BUFG_PS_I_O)
                                                      0.035    10.216 r  system_top_i/zynq_ps/inst/buffer_pl_clk_0.PL_CLK_0_BUFG/O
                         net (fo=1, routed)           1.929    12.145    system_top_i/clk_wiz_0/inst/clk_in1
    MMCM_X0Y2            MMCME4_ADV (Prop_MMCM_CLKIN1_CLKOUT0)
                                                      0.739    12.884 r  system_top_i/clk_wiz_0/inst/mmcme4_adv_inst/CLKOUT0
                         net (fo=1, routed)           0.307    13.191    system_top_i/clk_wiz_0/inst/clk_100M_system_top_clk_wiz_0_0
    BUFGCE_X0Y52         BUFGCE (Prop_BUFCE_BUFGCE_I_O)
                                                      0.039    13.230 r  system_top_i/clk_wiz_0/inst/clkout1_buf/O
    X1Y2 (CLOCK_ROOT)    net (fo=2209, routed)        1.724    14.954    system_top_wrapper/system_top/system_top_mipi_csi2_rx_0/system_top_mipi_csi2_rx_0_bd_a98f/bd_a98f_rx_0/<hidden>/<hidden>
    SLICE_X13Y116        FDRE                                         r  system_top_wrapper/system_top/system_top_mipi_csi2_rx_0/system_top_mipi_csi2_rx_0_bd_a98f/bd_a98f_rx_0/<hidden>/<hidden>
                         clock pessimism             -0.532    14.422    
                         clock uncertainty           -0.068    14.354    
    SLICE_X13Y116        FDRE (Setup_HFF_SLICEM_C_CE)
                                                     -0.081    14.273    system_top_wrapper/system_top/system_top_mipi_csi2_rx_0/system_top_mipi_csi2_rx_0_bd_a98f/bd_a98f_rx_0/<hidden>/<hidden>
  -------------------------------------------------------------------
                         required time                         14.273    
                         arrival time                          -9.570    
  -------------------------------------------------------------------
                         slack                                  4.703    





Min Delay Paths
--------------------------------------------------------------------------------------
Slack (MET) :             0.015ns  (arrival time - required time)
  Source:                 system_top_i/smartconnect_lpd/inst/s00_entry_pipeline/s00_mmu/inst/ar_reg_stall/m_vector_i_reg[1032]/C
                            (rising edge-triggered cell FDRE clocked by clk_100M_system_top_clk_wiz_0_0  {rise@0.000ns fall@5.000ns period=10.000ns})
  Destination:            system_top_i/smartconnect_lpd/inst/s00_entry_pipeline/s00_mmu/inst/gen_endpoint.decerr_slave_inst/gen_axi.gen_read.s_axi_rid_i_reg[3]/D
                            (rising edge-triggered cell FDRE clocked by clk_100M_system_top_clk_wiz_0_0  {rise@0.000ns fall@5.000ns period=10.000ns})
  Path Group:             clk_100M_system_top_clk_wiz_0_0
  Path Type:              Hold (Min at Slow Process Corner)
  Requirement:            0.000ns  (clk_100M_system_top_clk_wiz_0_0 rise@0.000ns - clk_100M_system_top_clk_wiz_0_0 rise@0.000ns)
  Data Path Delay:        0.226ns  (logic 0.115ns (50.817%)  route 0.111ns (49.183%))
  Logic Levels:           0  
  Clock Path Skew:        0.109ns (DCD - SCD - CPR)
    Destination Clock Delay (DCD):    4.662ns
    Source Clock Delay      (SCD):    5.005ns
    Clock Pessimism Removal (CPR):    -0.452ns
  Clock Net Delay (Source):      1.775ns (routing 0.231ns, distribution 1.544ns)
  Clock Net Delay (Destination): 1.979ns (routing 0.246ns, distribution 1.733ns)

    Location             Delay type                Incr(ns)  Path(ns)    Netlist Resource(s)
  -------------------------------------------------------------------    -------------------
                         (clock clk_100M_system_top_clk_wiz_0_0 rise edge)
                                                      0.000     0.000 r  
    PS8_X0Y0             PS8                          0.000     0.000 r  system_top_i/zynq_ps/inst/PS8_i/PLCLK[0]
                         net (fo=1, routed)           0.181     0.181    system_top_i/zynq_ps/inst/pl_clk_unbuffered[0]
    BUFG_PS_X0Y72        BUFG_PS (Prop_BUFG_PS_I_O)
                                                      0.035     0.216 r  system_top_i/zynq_ps/inst/buffer_pl_clk_0.PL_CLK_0_BUFG/O
                         net (fo=1, routed)           1.929     2.145    system_top_i/clk_wiz_0/inst/clk_in1
    MMCM_X0Y2            MMCME4_ADV (Prop_MMCM_CLKIN1_CLKOUT0)
                                                      0.739     2.884 r  system_top_i/clk_wiz_0/inst/mmcme4_adv_inst/CLKOUT0
                         net (fo=1, routed)           0.307     3.191    system_top_i/clk_wiz_0/inst/clk_100M_system_top_clk_wiz_0_0
    BUFGCE_X0Y52         BUFGCE (Prop_BUFCE_BUFGCE_I_O)
                                                      0.039     3.230 r  system_top_i/clk_wiz_0/inst/clkout1_buf/O
    X1Y2 (CLOCK_ROOT)    net (fo=2209, routed)        1.775     5.005    system_top_i/smartconnect_lpd/inst/s00_entry_pipeline/s00_mmu/inst/ar_reg_stall/aclk
    SLICE_X0Y184         FDRE                                         r  system_top_i/smartconnect_lpd/inst/s00_entry_pipeline/s00_mmu/inst/ar_reg_stall/m_vector_i_reg[1032]/C
  -------------------------------------------------------------------    -------------------
    SLICE_X0Y184         FDRE (Prop_DFF2_SLICEL_C_Q)
                                                      0.115     5.120 r  system_top_i/smartconnect_lpd/inst/s00_entry_pipeline/s00_mmu/inst/ar_reg_stall/m_vector_i_reg[1032]/Q
                         net (fo=2, routed)           0.111     5.231    system_top_i/smartconnect_lpd/inst/s00_entry_pipeline/s00_mmu/inst/gen_endpoint.decerr_slave_inst/gen_axi.gen_read.read_cnt_reg[7]_0[3]
    SLICE_X1Y184         FDRE                                         r  system_top_i/smartconnect_lpd/inst/s00_entry_pipeline/s00_mmu/inst/gen_endpoint.decerr_slave_inst/gen_axi.gen_read.s_axi_rid_i_reg[3]/D
  -------------------------------------------------------------------    -------------------

                         (clock clk_100M_system_top_clk_wiz_0_0 rise edge)
                                                      0.000     0.000 r  
    PS8_X0Y0             PS8                          0.000     0.000 r  system_top_i/zynq_ps/inst/PS8_i/PLCLK[0]
                         net (fo=1, routed)           0.229     0.229    system_top_i/zynq_ps/inst/pl_clk_unbuffered[0]
    BUFG_PS_X0Y72        BUFG_PS (Prop_BUFG_PS_I_O)
                                                      0.038     0.267 r  system_top_i/zynq_ps/inst/buffer_pl_clk_0.PL_CLK_0_BUFG/O
                         net (fo=1, routed)           2.127     2.394    system_top_i/clk_wiz_0/inst/clk_in1
    MMCM_X0Y2            MMCME4_ADV (Prop_MMCM_CLKIN1_CLKOUT0)
                                                     -0.103     2.291 r  system_top_i/clk_wiz_0/inst/mmcme4_adv_inst/CLKOUT0
                         net (fo=1, routed)           0.348     2.639    system_top_i/clk_wiz_0/inst/clk_100M_system_top_clk_wiz_0_0
    BUFGCE_X0Y52         BUFGCE (Prop_BUFCE_BUFGCE_I_O)
                                                      0.044     2.683 r  system_top_i/clk_wiz_0/inst/clkout1_buf/O
    X1Y2 (CLOCK_ROOT)    net (fo=2209, routed)        1.979     4.662    system_top_i/smartconnect_lpd/inst/s00_entry_pipeline/s00_mmu/inst/gen_endpoint.decerr_slave_inst/aclk
    SLICE_X1Y184         FDRE                                         r  system_top_i/smartconnect_lpd/inst/s00_entry_pipeline/s00_mmu/inst/gen_endpoint.decerr_slave_inst/gen_axi.gen_read.s_axi_rid_i_reg[3]/C
                         clock pessimism              0.452     5.114    
    SLICE_X1Y184         FDRE (Hold_FFF2_SLICEM_C_D)
                                                      0.102     5.216    system_top_i/smartconnect_lpd/inst/s00_entry_pipeline/s00_mmu/inst/gen_endpoint.decerr_slave_inst/gen_axi.gen_read.s_axi_rid_i_reg[3]
  -------------------------------------------------------------------
                         required time                         -5.216    
                         arrival time                           5.231    
  -------------------------------------------------------------------
                         slack                                  0.015    





Pulse Width Checks
--------------------------------------------------------------------------------------
Clock Name:         clk_100M_system_top_clk_wiz_0_0
Waveform(ns):       { 0.000 5.000 }
Period(ns):         10.000
Sources:            { system_top_i/clk_wiz_0/inst/mmcme4_adv_inst/CLKOUT0 }

Check Type        Corner  Lib Pin          Reference Pin  Required(ns)  Actual(ns)  Slack(ns)  Location  Pin
Min Period        n/a     PS8/MAXIGP2ACLK  n/a            3.000         10.000      7.000      PS8_X0Y0  system_top_i/zynq_ps/inst/PS8_i/MAXIGP2ACLK
Low Pulse Width   Slow    PS8/MAXIGP2ACLK  n/a            1.500         5.000       3.500      PS8_X0Y0  system_top_i/zynq_ps/inst/PS8_i/MAXIGP2ACLK
High Pulse Width  Slow    PS8/MAXIGP2ACLK  n/a            1.500         5.000       3.500      PS8_X0Y0  system_top_i/zynq_ps/inst/PS8_i/MAXIGP2ACLK



---------------------------------------------------------------------------------------------------
From Clock:  clk_200M_system_top_clk_wiz_0_0
  To Clock:  clk_200M_system_top_clk_wiz_0_0

Setup :            0  Failing Endpoints,  Worst Slack        1.972ns,  Total Violation        0.000ns
Hold  :            0  Failing Endpoints,  Worst Slack        0.071ns,  Total Violation        0.000ns
PW    :            0  Failing Endpoints,  Worst Slack        0.750ns,  Total Violation        0.000ns
---------------------------------------------------------------------------------------------------


Max Delay Paths
--------------------------------------------------------------------------------------
Slack (MET) :             1.972ns  (required time - arrival time)
  Source:                 system_top_i/mipi_csi2_rx/inst/phy/inst/inst/bd_a98f_phy_0_rx_support_i/slave_rx.bd_a98f_phy_0_rx_hssio_i/inst/top_inst/clk_rst_top_inst/rst_scheme_inst/GEN_RIU_NOT_FROM_PLL.bs_dly_rst_reg/C
                            (rising edge-triggered cell FDSE clocked by clk_200M_system_top_clk_wiz_0_0  {rise@0.000ns fall@2.500ns period=5.000ns})
  Destination:            system_top_i/mipi_csi2_rx/inst/phy/inst/inst/bd_a98f_phy_0_rx_support_i/slave_rx.bd_a98f_phy_0_rx_hssio_i/inst/top_inst/clk_rst_top_inst/rst_scheme_inst/bs_rst_gen[6].bs_dly_rst_r_reg[6]/D
                            (rising edge-triggered cell FDRE clocked by clk_200M_system_top_clk_wiz_0_0  {rise@0.000ns fall@2.500ns period=5.000ns})
  Path Group:             clk_200M_system_top_clk_wiz_0_0
  Path Type:              Setup (Max at Slow Process Corner)
  Requirement:            5.000ns  (clk_200M_system_top_clk_wiz_0_0 rise@5.000ns - clk_200M_system_top_clk_wiz_0_0 rise@0.000ns)
  Data Path Delay:        2.764ns  (logic 0.115ns (4.161%)  route 2.649ns (95.839%))
  Logic Levels:           0  
  Clock Path Skew:        -0.246ns (DCD - SCD + CPR)
    Destination Clock Delay (DCD):    4.526ns = ( 9.526 - 5.000 ) 
    Source Clock Delay      (SCD):    4.299ns
    Clock Pessimism Removal (CPR):    -0.474ns
  Clock Uncertainty:      0.062ns  ((TSJ^2 + DJ^2)^1/2) / 2 + PE
    Total System Jitter     (TSJ):    0.071ns
    Discrete Jitter          (DJ):    0.102ns
    Phase Error              (PE):    0.000ns
  Clock Net Delay (Source):      1.610ns (routing 0.246ns, distribution 1.364ns)
  Clock Net Delay (Destination): 1.292ns (routing 0.231ns, distribution 1.061ns)

    Location             Delay type                Incr(ns)  Path(ns)    Netlist Resource(s)
  -------------------------------------------------------------------    -------------------
                         (clock clk_200M_system_top_clk_wiz_0_0 rise edge)
                                                      0.000     0.000 r  
    PS8_X0Y0             PS8                          0.000     0.000 r  system_top_i/zynq_ps/inst/PS8_i/PLCLK[0]
                         net (fo=1, routed)           0.229     0.229    system_top_i/zynq_ps/inst/pl_clk_unbuffered[0]
    BUFG_PS_X0Y72        BUFG_PS (Prop_BUFG_PS_I_O)
                                                      0.038     0.267 r  system_top_i/zynq_ps/inst/buffer_pl_clk_0.PL_CLK_0_BUFG/O
                         net (fo=1, routed)           2.127     2.394    system_top_i/clk_wiz_0/inst/clk_in1
    MMCM_X0Y2            MMCME4_ADV (Prop_MMCM_CLKIN1_CLKOUT1)
                                                     -0.103     2.291 r  system_top_i/clk_wiz_0/inst/mmcme4_adv_inst/CLKOUT1
                         net (fo=1, routed)           0.354     2.645    system_top_i/clk_wiz_0/inst/clk_200M_system_top_clk_wiz_0_0
    BUFGCE_X0Y62         BUFGCE (Prop_BUFCE_BUFGCE_I_O)
                                                      0.044     2.689 r  system_top_i/clk_wiz_0/inst/clkout2_buf/O
    X1Y2 (CLOCK_ROOT)    net (fo=514, routed)         1.610     4.299    system_top_i/mipi_csi2_rx/inst/phy/inst/inst/bd_a98f_phy_0_rx_support_i/slave_rx.bd_a98f_phy_0_rx_hssio_i/inst/top_inst/clk_rst_top_inst/rst_scheme_inst/clk
    SLICE_X22Y207        FDSE                                         r  system_top_i/mipi_csi2_rx/inst/phy/inst/inst/bd_a98f_phy_0_rx_support_i/slave_rx.bd_a98f_phy_0_rx_hssio_i/inst/top_inst/clk_rst_top_inst/rst_scheme_inst/GEN_RIU_NOT_FROM_PLL.bs_dly_rst_reg/C
  -------------------------------------------------------------------    -------------------
    SLICE_X22Y207        FDSE (Prop_CFF2_SLICEL_C_Q)
                                                      0.115     4.414 r  system_top_i/mipi_csi2_rx/inst/phy/inst/inst/bd_a98f_phy_0_rx_support_i/slave_rx.bd_a98f_phy_0_rx_hssio_i/inst/top_inst/clk_rst_top_inst/rst_scheme_inst/GEN_RIU_NOT_FROM_PLL.bs_dly_rst_reg/Q
                         net (fo=13, routed)          2.649     7.062    system_top_i/mipi_csi2_rx/inst/phy/inst/inst/bd_a98f_phy_0_rx_support_i/slave_rx.bd_a98f_phy_0_rx_hssio_i/inst/top_inst/clk_rst_top_inst/rst_scheme_inst/GEN_RIU_NOT_FROM_PLL.bs_dly_rst_reg_0
    SLICE_X23Y190        FDRE                                         r  system_top_i/mipi_csi2_rx/inst/phy/inst/inst/bd_a98f_phy_0_rx_support_i/slave_rx.bd_a98f_phy_0_rx_hssio_i/inst/top_inst/clk_rst_top_inst/rst_scheme_inst/bs_rst_gen[6].bs_dly_rst_r_reg[6]/D
  -------------------------------------------------------------------    -------------------

                         (clock clk_200M_system_top_clk_wiz_0_0 rise edge)
                                                      5.000     5.000 r  
    PS8_X0Y0             PS8                          0.000     5.000 r  system_top_i/zynq_ps/inst/PS8_i/PLCLK[0]
                         net (fo=1, routed)           0.181     5.181    system_top_i/zynq_ps/inst/pl_clk_unbuffered[0]
    BUFG_PS_X0Y72        BUFG_PS (Prop_BUFG_PS_I_O)
                                                      0.035     5.216 r  system_top_i/zynq_ps/inst/buffer_pl_clk_0.PL_CLK_0_BUFG/O
                         net (fo=1, routed)           1.929     7.145    system_top_i/clk_wiz_0/inst/clk_in1
    MMCM_X0Y2            MMCME4_ADV (Prop_MMCM_CLKIN1_CLKOUT1)
                                                      0.739     7.884 r  system_top_i/clk_wiz_0/inst/mmcme4_adv_inst/CLKOUT1
                         net (fo=1, routed)           0.311     8.195    system_top_i/clk_wiz_0/inst/clk_200M_system_top_clk_wiz_0_0
    BUFGCE_X0Y62         BUFGCE (Prop_BUFCE_BUFGCE_I_O)
                                                      0.039     8.234 r  system_top_i/clk_wiz_0/inst/clkout2_buf/O
    X1Y2 (CLOCK_ROOT)    net (fo=514, routed)         1.292     9.526    system_top_i/mipi_csi2_rx/inst/phy/inst/inst/bd_a98f_phy_0_rx_support_i/slave_rx.bd_a98f_phy_0_rx_hssio_i/inst/top_inst/clk_rst_top_inst/rst_scheme_inst/clk
    SLICE_X23Y190        FDRE                                         r  system_top_i/mipi_csi2_rx/inst/phy/inst/inst/bd_a98f_phy_0_rx_support_i/slave_rx.bd_a98f_phy_0_rx_hssio_i/inst/top_inst/clk_rst_top_inst/rst_scheme_inst/bs_rst_gen[6].bs_dly_rst_r_reg[6]/C
                         clock pessimism             -0.474     9.052    
                         clock uncertainty           -0.062     8.990    
    SLICE_X23Y190        FDRE (Setup_EFF_SLICEL_C_D)
                                                      0.044     9.034    system_top_i/mipi_csi2_rx/inst/phy/inst/inst/bd_a98f_phy_0_rx_support_i/slave_rx.bd_a98f_phy_0_rx_hssio_i/inst/top_inst/clk_rst_top_inst/rst_scheme_inst/bs_rst_gen[6].bs_dly_rst_r_reg[6]
  -------------------------------------------------------------------
                         required time                          9.034    
                         arrival time                          -7.062    
  -------------------------------------------------------------------
                         slack                                  1.972    





Min Delay Paths
--------------------------------------------------------------------------------------
Slack (MET) :             0.071ns  (arrival time - required time)
  Source:                 system_top_wrapper/system_top/system_top_mipi_csi2_rx_0/system_top_mipi_csi2_rx_0_bd_a98f/bd_a98f_phy_0/bd_a98f_phy_0_core/bd_a98f_phy_0_c1/bd_a98f_phy_0_support/<hidden>/<hidden>
                            (rising edge-triggered cell FDRE clocked by clk_200M_system_top_clk_wiz_0_0  {rise@0.000ns fall@2.500ns period=5.000ns})
  Destination:            system_top_wrapper/system_top/system_top_mipi_csi2_rx_0/system_top_mipi_csi2_rx_0_bd_a98f/bd_a98f_phy_0/bd_a98f_phy_0_core/bd_a98f_phy_0_c1/bd_a98f_phy_0_support/<hidden>/<hidden>
                            (rising edge-triggered cell FDRE clocked by clk_200M_system_top_clk_wiz_0_0  {rise@0.000ns fall@2.500ns period=5.000ns})
  Path Group:             clk_200M_system_top_clk_wiz_0_0
  Path Type:              Hold (Min at Slow Process Corner)
  Requirement:            0.000ns  (clk_200M_system_top_clk_wiz_0_0 rise@0.000ns - clk_200M_system_top_clk_wiz_0_0 rise@0.000ns)
  Data Path Delay:        0.185ns  (logic 0.112ns (60.541%)  route 0.073ns (39.459%))
  Logic Levels:           0  
  Clock Path Skew:        0.013ns (DCD - SCD - CPR)
    Destination Clock Delay (DCD):    4.368ns
    Source Clock Delay      (SCD):    4.721ns
    Clock Pessimism Removal (CPR):    -0.366ns
  Clock Net Delay (Source):      1.487ns (routing 0.231ns, distribution 1.256ns)
  Clock Net Delay (Destination): 1.679ns (routing 0.246ns, distribution 1.433ns)

    Location             Delay type                Incr(ns)  Path(ns)    Netlist Resource(s)
  -------------------------------------------------------------------    -------------------
                         (clock clk_200M_system_top_clk_wiz_0_0 rise edge)
                                                      0.000     0.000 r  
    PS8_X0Y0             PS8                          0.000     0.000 r  system_top_i/zynq_ps/inst/PS8_i/PLCLK[0]
                         net (fo=1, routed)           0.181     0.181    system_top_i/zynq_ps/inst/pl_clk_unbuffered[0]
    BUFG_PS_X0Y72        BUFG_PS (Prop_BUFG_PS_I_O)
                                                      0.035     0.216 r  system_top_i/zynq_ps/inst/buffer_pl_clk_0.PL_CLK_0_BUFG/O
                         net (fo=1, routed)           1.929     2.145    system_top_i/clk_wiz_0/inst/clk_in1
    MMCM_X0Y2            MMCME4_ADV (Prop_MMCM_CLKIN1_CLKOUT1)
                                                      0.739     2.884 r  system_top_i/clk_wiz_0/inst/mmcme4_adv_inst/CLKOUT1
                         net (fo=1, routed)           0.311     3.195    system_top_i/clk_wiz_0/inst/clk_200M_system_top_clk_wiz_0_0
    BUFGCE_X0Y62         BUFGCE (Prop_BUFCE_BUFGCE_I_O)
                                                      0.039     3.234 r  system_top_i/clk_wiz_0/inst/clkout2_buf/O
    X1Y2 (CLOCK_ROOT)    net (fo=514, routed)         1.487     4.721    system_top_wrapper/system_top/system_top_mipi_csi2_rx_0/system_top_mipi_csi2_rx_0_bd_a98f/bd_a98f_phy_0/bd_a98f_phy_0_core/bd_a98f_phy_0_c1/bd_a98f_phy_0_support/<hidden>/<hidden>
    SLICE_X6Y234         FDRE                                         r  system_top_wrapper/system_top/system_top_mipi_csi2_rx_0/system_top_mipi_csi2_rx_0_bd_a98f/bd_a98f_phy_0/bd_a98f_phy_0_core/bd_a98f_phy_0_c1/bd_a98f_phy_0_support/<hidden>/<hidden>
  -------------------------------------------------------------------    -------------------
    SLICE_X6Y234         FDRE (Prop_FFF_SLICEL_C_Q)
                                                      0.112     4.833 r  system_top_wrapper/system_top/system_top_mipi_csi2_rx_0/system_top_mipi_csi2_rx_0_bd_a98f/bd_a98f_phy_0/bd_a98f_phy_0_core/bd_a98f_phy_0_c1/bd_a98f_phy_0_support/<hidden>/<hidden>
                         net (fo=1, routed)           0.073     4.906    system_top_wrapper/system_top/system_top_mipi_csi2_rx_0/system_top_mipi_csi2_rx_0_bd_a98f/bd_a98f_phy_0/bd_a98f_phy_0_core/bd_a98f_phy_0_c1/bd_a98f_phy_0_support/<hidden>/<hidden>
    SLICE_X6Y234         FDRE                                         r  system_top_wrapper/system_top/system_top_mipi_csi2_rx_0/system_top_mipi_csi2_rx_0_bd_a98f/bd_a98f_phy_0/bd_a98f_phy_0_core/bd_a98f_phy_0_c1/bd_a98f_phy_0_support/<hidden>/<hidden>
  -------------------------------------------------------------------    -------------------

                         (clock clk_200M_system_top_clk_wiz_0_0 rise edge)
                                                      0.000     0.000 r  
    PS8_X0Y0             PS8                          0.000     0.000 r  system_top_i/zynq_ps/inst/PS8_i/PLCLK[0]
                         net (fo=1, routed)           0.229     0.229    system_top_i/zynq_ps/inst/pl_clk_unbuffered[0]
    BUFG_PS_X0Y72        BUFG_PS (Prop_BUFG_PS_I_O)
                                                      0.038     0.267 r  system_top_i/zynq_ps/inst/buffer_pl_clk_0.PL_CLK_0_BUFG/O
                         net (fo=1, routed)           2.127     2.394    system_top_i/clk_wiz_0/inst/clk_in1
    MMCM_X0Y2            MMCME4_ADV (Prop_MMCM_CLKIN1_CLKOUT1)
                                                     -0.103     2.291 r  system_top_i/clk_wiz_0/inst/mmcme4_adv_inst/CLKOUT1
                         net (fo=1, routed)           0.354     2.645    system_top_i/clk_wiz_0/inst/clk_200M_system_top_clk_wiz_0_0
    BUFGCE_X0Y62         BUFGCE (Prop_BUFCE_BUFGCE_I_O)
                                                      0.044     2.689 r  system_top_i/clk_wiz_0/inst/clkout2_buf/O
    X1Y2 (CLOCK_ROOT)    net (fo=514, routed)         1.679     4.368    system_top_wrapper/system_top/system_top_mipi_csi2_rx_0/system_top_mipi_csi2_rx_0_bd_a98f/bd_a98f_phy_0/bd_a98f_phy_0_core/bd_a98f_phy_0_c1/bd_a98f_phy_0_support/<hidden>/<hidden>
    SLICE_X6Y234         FDRE                                         r  system_top_wrapper/system_top/system_top_mipi_csi2_rx_0/system_top_mipi_csi2_rx_0_bd_a98f/bd_a98f_phy_0/bd_a98f_phy_0_core/bd_a98f_phy_0_c1/bd_a98f_phy_0_support/<hidden>/<hidden>
                         clock pessimism              0.366     4.734    
    SLICE_X6Y234         FDRE (Hold_EFF_SLICEL_C_D)
                                                      0.101     4.835    system_top_wrapper/system_top/system_top_mipi_csi2_rx_0/system_top_mipi_csi2_rx_0_bd_a98f/bd_a98f_phy_0/bd_a98f_phy_0_core/bd_a98f_phy_0_c1/bd_a98f_phy_0_support/<hidden>/<hidden>
  -------------------------------------------------------------------
                         required time                         -4.835    
                         arrival time                           4.906    
  -------------------------------------------------------------------
                         slack                                  0.071    





Pulse Width Checks
--------------------------------------------------------------------------------------
Clock Name:         clk_200M_system_top_clk_wiz_0_0
Waveform(ns):       { 0.000 2.500 }
Period(ns):         5.000
Sources:            { system_top_i/clk_wiz_0/inst/mmcme4_adv_inst/CLKOUT1 }

Check Type        Corner  Lib Pin                   Reference Pin  Required(ns)  Actual(ns)  Slack(ns)  Location                Pin
Min Period        n/a     BITSLICE_CONTROL/RIU_CLK  n/a            3.846         5.000       1.154      BITSLICE_CONTROL_X0Y24  system_top_i/mipi_csi2_rx/inst/phy/inst/inst/bd_a98f_phy_0_rx_support_i/slave_rx.bd_a98f_phy_0_rx_hssio_i/inst/top_inst/bs_ctrl_top_inst/BITSLICE_CTRL[0].bs_ctrl_inst/RIU_CLK
Max Period        n/a     PLLE4_ADV/CLKIN           n/a            14.286        5.000       9.286      PLL_X0Y7                system_top_i/mipi_csi2_rx/inst/phy/inst/inst/bd_a98f_phy_0_rx_support_i/slave_rx.bd_a98f_phy_0_rx_hssio_i/inst/top_inst/clk_rst_top_inst/clk_scheme_inst/GEN_PLL_IN_IP_USP.plle4_adv_pll0_inst/CLKIN
Low Pulse Width   Slow    PLLE4_ADV/CLKIN           n/a            1.750         2.500       0.750      PLL_X0Y7                system_top_i/mipi_csi2_rx/inst/phy/inst/inst/bd_a98f_phy_0_rx_support_i/slave_rx.bd_a98f_phy_0_rx_hssio_i/inst/top_inst/clk_rst_top_inst/clk_scheme_inst/GEN_PLL_IN_IP_USP.plle4_adv_pll0_inst/CLKIN
High Pulse Width  Slow    PLLE4_ADV/CLKIN           n/a            1.750         2.500       0.750      PLL_X0Y7                system_top_i/mipi_csi2_rx/inst/phy/inst/inst/bd_a98f_phy_0_rx_support_i/slave_rx.bd_a98f_phy_0_rx_hssio_i/inst/top_inst/clk_rst_top_inst/clk_scheme_inst/GEN_PLL_IN_IP_USP.plle4_adv_pll0_inst/CLKIN



---------------------------------------------------------------------------------------------------
From Clock:  GEN_PLL_IN_IP_USP.pll0_clkout0
  To Clock:  GEN_PLL_IN_IP_USP.pll0_clkout0

Setup :            0  Failing Endpoints,  Worst Slack        3.684ns,  Total Violation        0.000ns
Hold  :            0  Failing Endpoints,  Worst Slack        0.106ns,  Total Violation        0.000ns
PW    :            0  Failing Endpoints,  Worst Slack        2.392ns,  Total Violation        0.000ns
---------------------------------------------------------------------------------------------------


Max Delay Paths
--------------------------------------------------------------------------------------
Slack (MET) :             3.684ns  (required time - arrival time)
  Source:                 system_top_i/mipi_csi2_rx/inst/phy/inst/inst/bd_a98f_phy_0_rx_support_i/slave_rx.bd_a98f_phy_0_rx_hssio_i/inst/top_inst/clk_rst_top_inst/rst_scheme_inst/pll0_fab_clk_cntr_reg[3]/C
                            (rising edge-triggered cell FDRE clocked by GEN_PLL_IN_IP_USP.pll0_clkout0  {rise@0.000ns fall@2.667ns period=5.333ns})
  Destination:            system_top_i/mipi_csi2_rx/inst/phy/inst/inst/bd_a98f_phy_0_rx_support_i/slave_rx.bd_a98f_phy_0_rx_hssio_i/inst/top_inst/clk_rst_top_inst/rst_scheme_inst/pll0_fab_clk_cntr_reg[0]/R
                            (rising edge-triggered cell FDRE clocked by GEN_PLL_IN_IP_USP.pll0_clkout0  {rise@0.000ns fall@2.667ns period=5.333ns})
  Path Group:             GEN_PLL_IN_IP_USP.pll0_clkout0
  Path Type:              Setup (Max at Slow Process Corner)
  Requirement:            5.333ns  (GEN_PLL_IN_IP_USP.pll0_clkout0 rise@5.333ns - GEN_PLL_IN_IP_USP.pll0_clkout0 rise@0.000ns)
  Data Path Delay:        1.443ns  (logic 0.323ns (22.389%)  route 1.120ns (77.611%))
  Logic Levels:           2  (LUT3=1 LUT6=1)
  Clock Path Skew:        -0.033ns (DCD - SCD + CPR)
    Destination Clock Delay (DCD):    6.838ns = ( 12.172 - 5.333 ) 
    Source Clock Delay      (SCD):    6.168ns
    Clock Pessimism Removal (CPR):    -0.703ns
  Clock Uncertainty:      0.056ns  ((TSJ^2 + DJ^2)^1/2) / 2 + PE
    Total System Jitter     (TSJ):    0.071ns
    Discrete Jitter          (DJ):    0.087ns
    Phase Error              (PE):    0.000ns
  Clock Net Delay (Source):      1.692ns (routing 0.616ns, distribution 1.076ns)
  Clock Net Delay (Destination): 1.519ns (routing 0.571ns, distribution 0.948ns)

    Location             Delay type                Incr(ns)  Path(ns)    Netlist Resource(s)
  -------------------------------------------------------------------    -------------------
                         (clock GEN_PLL_IN_IP_USP.pll0_clkout0 rise edge)
                                                      0.000     0.000 r  
    PS8_X0Y0             PS8                          0.000     0.000 r  system_top_i/zynq_ps/inst/PS8_i/PLCLK[0]
                         net (fo=1, routed)           0.229     0.229    system_top_i/zynq_ps/inst/pl_clk_unbuffered[0]
    BUFG_PS_X0Y72        BUFG_PS (Prop_BUFG_PS_I_O)
                                                      0.038     0.267 r  system_top_i/zynq_ps/inst/buffer_pl_clk_0.PL_CLK_0_BUFG/O
                         net (fo=1, routed)           2.127     2.394    system_top_i/clk_wiz_0/inst/clk_in1
    MMCM_X0Y2            MMCME4_ADV (Prop_MMCM_CLKIN1_CLKOUT1)
                                                     -0.103     2.291 r  system_top_i/clk_wiz_0/inst/mmcme4_adv_inst/CLKOUT1
                         net (fo=1, routed)           0.354     2.645    system_top_i/clk_wiz_0/inst/clk_200M_system_top_clk_wiz_0_0
    BUFGCE_X0Y62         BUFGCE (Prop_BUFCE_BUFGCE_I_O)
                                                      0.044     2.689 r  system_top_i/clk_wiz_0/inst/clkout2_buf/O
                         net (fo=514, routed)         1.217     3.906    system_top_i/mipi_csi2_rx/inst/phy/inst/inst/bd_a98f_phy_0_rx_support_i/slave_rx.bd_a98f_phy_0_rx_hssio_i/inst/top_inst/clk_rst_top_inst/clk_scheme_inst/clk
    PLL_X0Y7             PLLE4_ADV (Prop_PLL_CLKIN_CLKOUT0)
                                                      0.147     4.053 r  system_top_i/mipi_csi2_rx/inst/phy/inst/inst/bd_a98f_phy_0_rx_support_i/slave_rx.bd_a98f_phy_0_rx_hssio_i/inst/top_inst/clk_rst_top_inst/clk_scheme_inst/GEN_PLL_IN_IP_USP.plle4_adv_pll0_inst/CLKOUT0
                         net (fo=1, routed)           0.379     4.432    system_top_i/mipi_csi2_rx/inst/phy/inst/inst/bd_a98f_phy_0_rx_support_i/slave_rx.bd_a98f_phy_0_rx_hssio_i/inst/top_inst/clk_rst_top_inst/clk_scheme_inst/GEN_PLL_IN_IP_USP.pll0_clkout0
    BUFGCE_X0Y95         BUFGCE (Prop_BUFCE_BUFGCE_I_O)
                                                      0.044     4.476 r  system_top_i/mipi_csi2_rx/inst/phy/inst/inst/bd_a98f_phy_0_rx_support_i/slave_rx.bd_a98f_phy_0_rx_hssio_i/inst/top_inst/clk_rst_top_inst/clk_scheme_inst/GEN_PLL_IN_IP_USP.pll0_clkout0_buf/O
    X0Y3 (CLOCK_ROOT)    net (fo=10, routed)          1.692     6.168    system_top_i/mipi_csi2_rx/inst/phy/inst/inst/bd_a98f_phy_0_rx_support_i/slave_rx.bd_a98f_phy_0_rx_hssio_i/inst/top_inst/clk_rst_top_inst/rst_scheme_inst/CLK
    SLICE_X7Y210         FDRE                                         r  system_top_i/mipi_csi2_rx/inst/phy/inst/inst/bd_a98f_phy_0_rx_support_i/slave_rx.bd_a98f_phy_0_rx_hssio_i/inst/top_inst/clk_rst_top_inst/rst_scheme_inst/pll0_fab_clk_cntr_reg[3]/C
  -------------------------------------------------------------------    -------------------
    SLICE_X7Y210         FDRE (Prop_HFF2_SLICEM_C_Q)
                                                      0.114     6.282 r  system_top_i/mipi_csi2_rx/inst/phy/inst/inst/bd_a98f_phy_0_rx_support_i/slave_rx.bd_a98f_phy_0_rx_hssio_i/inst/top_inst/clk_rst_top_inst/rst_scheme_inst/pll0_fab_clk_cntr_reg[3]/Q
                         net (fo=5, routed)           0.416     6.698    system_top_i/mipi_csi2_rx/inst/phy/inst/inst/bd_a98f_phy_0_rx_support_i/slave_rx.bd_a98f_phy_0_rx_hssio_i/inst/top_inst/clk_rst_top_inst/rst_scheme_inst/pll0_fab_clk_cntr_reg__0[3]
    SLICE_X7Y210         LUT6 (Prop_B6LUT_SLICEM_I0_O)
                                                      0.152     6.850 f  system_top_i/mipi_csi2_rx/inst/phy/inst/inst/bd_a98f_phy_0_rx_support_i/slave_rx.bd_a98f_phy_0_rx_hssio_i/inst/top_inst/clk_rst_top_inst/rst_scheme_inst/pll0_fab_clk_cntr[6]_i_3/O
                         net (fo=1, routed)           0.329     7.179    system_top_i/mipi_csi2_rx/inst/phy/inst/inst/bd_a98f_phy_0_rx_support_i/slave_rx.bd_a98f_phy_0_rx_hssio_i/inst/top_inst/clk_rst_top_inst/rst_scheme_inst/sync_cell_start_fab_cntr_pll0_inst/pll0_fab_clk_cntr_reg[0]
    SLICE_X3Y210         LUT3 (Prop_E6LUT_SLICEL_I2_O)
                                                      0.057     7.236 r  system_top_i/mipi_csi2_rx/inst/phy/inst/inst/bd_a98f_phy_0_rx_support_i/slave_rx.bd_a98f_phy_0_rx_hssio_i/inst/top_inst/clk_rst_top_inst/rst_scheme_inst/sync_cell_start_fab_cntr_pll0_inst/pll0_fab_clk_cntr[6]_i_1/O
                         net (fo=7, routed)           0.375     7.611    system_top_i/mipi_csi2_rx/inst/phy/inst/inst/bd_a98f_phy_0_rx_support_i/slave_rx.bd_a98f_phy_0_rx_hssio_i/inst/top_inst/clk_rst_top_inst/rst_scheme_inst/sync_cell_start_fab_cntr_pll0_inst_n_0
    SLICE_X7Y210         FDRE                                         r  system_top_i/mipi_csi2_rx/inst/phy/inst/inst/bd_a98f_phy_0_rx_support_i/slave_rx.bd_a98f_phy_0_rx_hssio_i/inst/top_inst/clk_rst_top_inst/rst_scheme_inst/pll0_fab_clk_cntr_reg[0]/R
  -------------------------------------------------------------------    -------------------

                         (clock GEN_PLL_IN_IP_USP.pll0_clkout0 rise edge)
                                                      5.333     5.333 r  
    PS8_X0Y0             PS8                          0.000     5.333 r  system_top_i/zynq_ps/inst/PS8_i/PLCLK[0]
                         net (fo=1, routed)           0.181     5.514    system_top_i/zynq_ps/inst/pl_clk_unbuffered[0]
    BUFG_PS_X0Y72        BUFG_PS (Prop_BUFG_PS_I_O)
                                                      0.035     5.549 r  system_top_i/zynq_ps/inst/buffer_pl_clk_0.PL_CLK_0_BUFG/O
                         net (fo=1, routed)           1.929     7.478    system_top_i/clk_wiz_0/inst/clk_in1
    MMCM_X0Y2            MMCME4_ADV (Prop_MMCM_CLKIN1_CLKOUT1)
                                                      0.739     8.217 r  system_top_i/clk_wiz_0/inst/mmcme4_adv_inst/CLKOUT1
                         net (fo=1, routed)           0.311     8.528    system_top_i/clk_wiz_0/inst/clk_200M_system_top_clk_wiz_0_0
    BUFGCE_X0Y62         BUFGCE (Prop_BUFCE_BUFGCE_I_O)
                                                      0.039     8.567 r  system_top_i/clk_wiz_0/inst/clkout2_buf/O
                         net (fo=514, routed)         1.098     9.665    system_top_i/mipi_csi2_rx/inst/phy/inst/inst/bd_a98f_phy_0_rx_support_i/slave_rx.bd_a98f_phy_0_rx_hssio_i/inst/top_inst/clk_rst_top_inst/clk_scheme_inst/clk
    PLL_X0Y7             PLLE4_ADV (Prop_PLL_CLKIN_CLKOUT0)
                                                      0.615    10.280 r  system_top_i/mipi_csi2_rx/inst/phy/inst/inst/bd_a98f_phy_0_rx_support_i/slave_rx.bd_a98f_phy_0_rx_hssio_i/inst/top_inst/clk_rst_top_inst/clk_scheme_inst/GEN_PLL_IN_IP_USP.plle4_adv_pll0_inst/CLKOUT0
                         net (fo=1, routed)           0.333    10.613    system_top_i/mipi_csi2_rx/inst/phy/inst/inst/bd_a98f_phy_0_rx_support_i/slave_rx.bd_a98f_phy_0_rx_hssio_i/inst/top_inst/clk_rst_top_inst/clk_scheme_inst/GEN_PLL_IN_IP_USP.pll0_clkout0
    BUFGCE_X0Y95         BUFGCE (Prop_BUFCE_BUFGCE_I_O)
                                                      0.039    10.652 r  system_top_i/mipi_csi2_rx/inst/phy/inst/inst/bd_a98f_phy_0_rx_support_i/slave_rx.bd_a98f_phy_0_rx_hssio_i/inst/top_inst/clk_rst_top_inst/clk_scheme_inst/GEN_PLL_IN_IP_USP.pll0_clkout0_buf/O
    X0Y3 (CLOCK_ROOT)    net (fo=10, routed)          1.519    12.172    system_top_i/mipi_csi2_rx/inst/phy/inst/inst/bd_a98f_phy_0_rx_support_i/slave_rx.bd_a98f_phy_0_rx_hssio_i/inst/top_inst/clk_rst_top_inst/rst_scheme_inst/CLK
    SLICE_X7Y210         FDRE                                         r  system_top_i/mipi_csi2_rx/inst/phy/inst/inst/bd_a98f_phy_0_rx_support_i/slave_rx.bd_a98f_phy_0_rx_hssio_i/inst/top_inst/clk_rst_top_inst/rst_scheme_inst/pll0_fab_clk_cntr_reg[0]/C
                         clock pessimism             -0.703    11.469    
                         clock uncertainty           -0.056    11.413    
    SLICE_X7Y210         FDRE (Setup_CFF_SLICEM_C_R)
                                                     -0.118    11.295    system_top_i/mipi_csi2_rx/inst/phy/inst/inst/bd_a98f_phy_0_rx_support_i/slave_rx.bd_a98f_phy_0_rx_hssio_i/inst/top_inst/clk_rst_top_inst/rst_scheme_inst/pll0_fab_clk_cntr_reg[0]
  -------------------------------------------------------------------
                         required time                         11.295    
                         arrival time                          -7.611    
  -------------------------------------------------------------------
                         slack                                  3.684    





Min Delay Paths
--------------------------------------------------------------------------------------
Slack (MET) :             0.106ns  (arrival time - required time)
  Source:                 system_top_i/mipi_csi2_rx/inst/phy/inst/inst/bd_a98f_phy_0_rx_support_i/slave_rx.bd_a98f_phy_0_rx_hssio_i/inst/top_inst/clk_rst_top_inst/rst_scheme_inst/pll0_fab_clk_cntr_reg[2]/C
                            (rising edge-triggered cell FDRE clocked by GEN_PLL_IN_IP_USP.pll0_clkout0  {rise@0.000ns fall@2.667ns period=5.333ns})
  Destination:            system_top_i/mipi_csi2_rx/inst/phy/inst/inst/bd_a98f_phy_0_rx_support_i/slave_rx.bd_a98f_phy_0_rx_hssio_i/inst/top_inst/clk_rst_top_inst/rst_scheme_inst/pll0_fab_clk_cntr_reg[5]/D
                            (rising edge-triggered cell FDRE clocked by GEN_PLL_IN_IP_USP.pll0_clkout0  {rise@0.000ns fall@2.667ns period=5.333ns})
  Path Group:             GEN_PLL_IN_IP_USP.pll0_clkout0
  Path Type:              Hold (Min at Fast Process Corner)
  Requirement:            0.000ns  (GEN_PLL_IN_IP_USP.pll0_clkout0 rise@0.000ns - GEN_PLL_IN_IP_USP.pll0_clkout0 rise@0.000ns)
  Data Path Delay:        0.157ns  (logic 0.104ns (66.111%)  route 0.053ns (33.889%))
  Logic Levels:           1  (LUT6=1)
  Clock Path Skew:        0.007ns (DCD - SCD - CPR)
    Destination Clock Delay (DCD):    3.655ns
    Source Clock Delay      (SCD):    4.173ns
    Clock Pessimism Removal (CPR):    -0.524ns
  Clock Net Delay (Source):      0.924ns (routing 0.343ns, distribution 0.581ns)
  Clock Net Delay (Destination): 1.010ns (routing 0.370ns, distribution 0.640ns)

    Location             Delay type                Incr(ns)  Path(ns)    Netlist Resource(s)
  -------------------------------------------------------------------    -------------------
                         (clock GEN_PLL_IN_IP_USP.pll0_clkout0 rise edge)
                                                      0.000     0.000 r  
    PS8_X0Y0             PS8                          0.000     0.000 r  system_top_i/zynq_ps/inst/PS8_i/PLCLK[0]
                         net (fo=1, routed)           0.129     0.129    system_top_i/zynq_ps/inst/pl_clk_unbuffered[0]
    BUFG_PS_X0Y72        BUFG_PS (Prop_BUFG_PS_I_O)
                                                      0.022     0.151 r  system_top_i/zynq_ps/inst/buffer_pl_clk_0.PL_CLK_0_BUFG/O
                         net (fo=1, routed)           1.161     1.312    system_top_i/clk_wiz_0/inst/clk_in1
    MMCM_X0Y2            MMCME4_ADV (Prop_MMCM_CLKIN1_CLKOUT1)
                                                      0.566     1.878 r  system_top_i/clk_wiz_0/inst/mmcme4_adv_inst/CLKOUT1
                         net (fo=1, routed)           0.182     2.060    system_top_i/clk_wiz_0/inst/clk_200M_system_top_clk_wiz_0_0
    BUFGCE_X0Y62         BUFGCE (Prop_BUFCE_BUFGCE_I_O)
                                                      0.023     2.083 r  system_top_i/clk_wiz_0/inst/clkout2_buf/O
                         net (fo=514, routed)         0.622     2.705    system_top_i/mipi_csi2_rx/inst/phy/inst/inst/bd_a98f_phy_0_rx_support_i/slave_rx.bd_a98f_phy_0_rx_hssio_i/inst/top_inst/clk_rst_top_inst/clk_scheme_inst/clk
    PLL_X0Y7             PLLE4_ADV (Prop_PLL_CLKIN_CLKOUT0)
                                                      0.328     3.033 r  system_top_i/mipi_csi2_rx/inst/phy/inst/inst/bd_a98f_phy_0_rx_support_i/slave_rx.bd_a98f_phy_0_rx_hssio_i/inst/top_inst/clk_rst_top_inst/clk_scheme_inst/GEN_PLL_IN_IP_USP.plle4_adv_pll0_inst/CLKOUT0
                         net (fo=1, routed)           0.193     3.226    system_top_i/mipi_csi2_rx/inst/phy/inst/inst/bd_a98f_phy_0_rx_support_i/slave_rx.bd_a98f_phy_0_rx_hssio_i/inst/top_inst/clk_rst_top_inst/clk_scheme_inst/GEN_PLL_IN_IP_USP.pll0_clkout0
    BUFGCE_X0Y95         BUFGCE (Prop_BUFCE_BUFGCE_I_O)
                                                      0.023     3.249 r  system_top_i/mipi_csi2_rx/inst/phy/inst/inst/bd_a98f_phy_0_rx_support_i/slave_rx.bd_a98f_phy_0_rx_hssio_i/inst/top_inst/clk_rst_top_inst/clk_scheme_inst/GEN_PLL_IN_IP_USP.pll0_clkout0_buf/O
    X0Y3 (CLOCK_ROOT)    net (fo=10, routed)          0.924     4.173    system_top_i/mipi_csi2_rx/inst/phy/inst/inst/bd_a98f_phy_0_rx_support_i/slave_rx.bd_a98f_phy_0_rx_hssio_i/inst/top_inst/clk_rst_top_inst/rst_scheme_inst/CLK
    SLICE_X7Y210         FDRE                                         r  system_top_i/mipi_csi2_rx/inst/phy/inst/inst/bd_a98f_phy_0_rx_support_i/slave_rx.bd_a98f_phy_0_rx_hssio_i/inst/top_inst/clk_rst_top_inst/rst_scheme_inst/pll0_fab_clk_cntr_reg[2]/C
  -------------------------------------------------------------------    -------------------
    SLICE_X7Y210         FDRE (Prop_HFF_SLICEM_C_Q)
                                                      0.083     4.256 r  system_top_i/mipi_csi2_rx/inst/phy/inst/inst/bd_a98f_phy_0_rx_support_i/slave_rx.bd_a98f_phy_0_rx_hssio_i/inst/top_inst/clk_rst_top_inst/rst_scheme_inst/pll0_fab_clk_cntr_reg[2]/Q
                         net (fo=6, routed)           0.030     4.286    system_top_i/mipi_csi2_rx/inst/phy/inst/inst/bd_a98f_phy_0_rx_support_i/slave_rx.bd_a98f_phy_0_rx_hssio_i/inst/top_inst/clk_rst_top_inst/rst_scheme_inst/pll0_fab_clk_cntr_reg__0[2]
    SLICE_X7Y210         LUT6 (Prop_G6LUT_SLICEM_I3_O)
                                                      0.021     4.307 r  system_top_i/mipi_csi2_rx/inst/phy/inst/inst/bd_a98f_phy_0_rx_support_i/slave_rx.bd_a98f_phy_0_rx_hssio_i/inst/top_inst/clk_rst_top_inst/rst_scheme_inst/pll0_fab_clk_cntr[5]_i_1/O
                         net (fo=1, routed)           0.023     4.330    system_top_i/mipi_csi2_rx/inst/phy/inst/inst/bd_a98f_phy_0_rx_support_i/slave_rx.bd_a98f_phy_0_rx_hssio_i/inst/top_inst/clk_rst_top_inst/rst_scheme_inst/p_0_in[5]
    SLICE_X7Y210         FDRE                                         r  system_top_i/mipi_csi2_rx/inst/phy/inst/inst/bd_a98f_phy_0_rx_support_i/slave_rx.bd_a98f_phy_0_rx_hssio_i/inst/top_inst/clk_rst_top_inst/rst_scheme_inst/pll0_fab_clk_cntr_reg[5]/D
  -------------------------------------------------------------------    -------------------

                         (clock GEN_PLL_IN_IP_USP.pll0_clkout0 rise edge)
                                                      0.000     0.000 r  
    PS8_X0Y0             PS8                          0.000     0.000 r  system_top_i/zynq_ps/inst/PS8_i/PLCLK[0]
                         net (fo=1, routed)           0.164     0.164    system_top_i/zynq_ps/inst/pl_clk_unbuffered[0]
    BUFG_PS_X0Y72        BUFG_PS (Prop_BUFG_PS_I_O)
                                                      0.023     0.187 r  system_top_i/zynq_ps/inst/buffer_pl_clk_0.PL_CLK_0_BUFG/O
                         net (fo=1, routed)           1.271     1.458    system_top_i/clk_wiz_0/inst/clk_in1
    MMCM_X0Y2            MMCME4_ADV (Prop_MMCM_CLKIN1_CLKOUT1)
                                                     -0.079     1.379 r  system_top_i/clk_wiz_0/inst/mmcme4_adv_inst/CLKOUT1
                         net (fo=1, routed)           0.206     1.585    system_top_i/clk_wiz_0/inst/clk_200M_system_top_clk_wiz_0_0
    BUFGCE_X0Y62         BUFGCE (Prop_BUFCE_BUFGCE_I_O)
                                                      0.026     1.611 r  system_top_i/clk_wiz_0/inst/clkout2_buf/O
                         net (fo=514, routed)         0.680     2.291    system_top_i/mipi_csi2_rx/inst/phy/inst/inst/bd_a98f_phy_0_rx_support_i/slave_rx.bd_a98f_phy_0_rx_hssio_i/inst/top_inst/clk_rst_top_inst/clk_scheme_inst/clk
    PLL_X0Y7             PLLE4_ADV (Prop_PLL_CLKIN_CLKOUT0)
                                                      0.109     2.400 r  system_top_i/mipi_csi2_rx/inst/phy/inst/inst/bd_a98f_phy_0_rx_support_i/slave_rx.bd_a98f_phy_0_rx_hssio_i/inst/top_inst/clk_rst_top_inst/clk_scheme_inst/GEN_PLL_IN_IP_USP.plle4_adv_pll0_inst/CLKOUT0
                         net (fo=1, routed)           0.219     2.619    system_top_i/mipi_csi2_rx/inst/phy/inst/inst/bd_a98f_phy_0_rx_support_i/slave_rx.bd_a98f_phy_0_rx_hssio_i/inst/top_inst/clk_rst_top_inst/clk_scheme_inst/GEN_PLL_IN_IP_USP.pll0_clkout0
    BUFGCE_X0Y95         BUFGCE (Prop_BUFCE_BUFGCE_I_O)
                                                      0.026     2.645 r  system_top_i/mipi_csi2_rx/inst/phy/inst/inst/bd_a98f_phy_0_rx_support_i/slave_rx.bd_a98f_phy_0_rx_hssio_i/inst/top_inst/clk_rst_top_inst/clk_scheme_inst/GEN_PLL_IN_IP_USP.pll0_clkout0_buf/O
    X0Y3 (CLOCK_ROOT)    net (fo=10, routed)          1.010     3.655    system_top_i/mipi_csi2_rx/inst/phy/inst/inst/bd_a98f_phy_0_rx_support_i/slave_rx.bd_a98f_phy_0_rx_hssio_i/inst/top_inst/clk_rst_top_inst/rst_scheme_inst/CLK
    SLICE_X7Y210         FDRE                                         r  system_top_i/mipi_csi2_rx/inst/phy/inst/inst/bd_a98f_phy_0_rx_support_i/slave_rx.bd_a98f_phy_0_rx_hssio_i/inst/top_inst/clk_rst_top_inst/rst_scheme_inst/pll0_fab_clk_cntr_reg[5]/C
                         clock pessimism              0.524     4.180    
    SLICE_X7Y210         FDRE (Hold_GFF_SLICEM_C_D)
                                                      0.044     4.224    system_top_i/mipi_csi2_rx/inst/phy/inst/inst/bd_a98f_phy_0_rx_support_i/slave_rx.bd_a98f_phy_0_rx_hssio_i/inst/top_inst/clk_rst_top_inst/rst_scheme_inst/pll0_fab_clk_cntr_reg[5]
  -------------------------------------------------------------------
                         required time                         -4.224    
                         arrival time                           4.330    
  -------------------------------------------------------------------
                         slack                                  0.106    





Pulse Width Checks
--------------------------------------------------------------------------------------
Clock Name:         GEN_PLL_IN_IP_USP.pll0_clkout0
Waveform(ns):       { 0.000 2.667 }
Period(ns):         5.333
Sources:            { system_top_i/mipi_csi2_rx/inst/phy/inst/inst/bd_a98f_phy_0_rx_support_i/slave_rx.bd_a98f_phy_0_rx_hssio_i/inst/top_inst/clk_rst_top_inst/clk_scheme_inst/GEN_PLL_IN_IP_USP.plle4_adv_pll0_inst/CLKOUT0 }

Check Type        Corner  Lib Pin   Reference Pin  Required(ns)  Actual(ns)  Slack(ns)  Location      Pin
Min Period        n/a     BUFGCE/I  n/a            1.379         5.333       3.954      BUFGCE_X0Y95  system_top_i/mipi_csi2_rx/inst/phy/inst/inst/bd_a98f_phy_0_rx_support_i/slave_rx.bd_a98f_phy_0_rx_hssio_i/inst/top_inst/clk_rst_top_inst/clk_scheme_inst/GEN_PLL_IN_IP_USP.pll0_clkout0_buf/I
Low Pulse Width   Slow    FDRE/C    n/a            0.275         2.667       2.392      SLICE_X7Y210  system_top_i/mipi_csi2_rx/inst/phy/inst/inst/bd_a98f_phy_0_rx_support_i/slave_rx.bd_a98f_phy_0_rx_hssio_i/inst/top_inst/clk_rst_top_inst/rst_scheme_inst/pll0_fab_clk_cntr_reg[0]/C
High Pulse Width  Slow    FDRE/C    n/a            0.275         2.667       2.392      SLICE_X7Y210  system_top_i/mipi_csi2_rx/inst/phy/inst/inst/bd_a98f_phy_0_rx_support_i/slave_rx.bd_a98f_phy_0_rx_hssio_i/inst/top_inst/clk_rst_top_inst/rst_scheme_inst/pll0_fab_clk_cntr_reg[0]/C



---------------------------------------------------------------------------------------------------
From Clock:  clkoutphy_out
  To Clock:  clkoutphy_out

Setup :           NA  Failing Endpoints,  Worst Slack           NA  ,  Total Violation           NA
Hold  :           NA  Failing Endpoints,  Worst Slack           NA  ,  Total Violation           NA
PW    :            0  Failing Endpoints,  Worst Slack        0.164ns,  Total Violation        0.000ns
---------------------------------------------------------------------------------------------------


Pulse Width Checks
--------------------------------------------------------------------------------------
Clock Name:         clkoutphy_out
Waveform(ns):       { 0.000 0.333 }
Period(ns):         0.667
Sources:            { system_top_i/mipi_csi2_rx/inst/phy/inst/inst/bd_a98f_phy_0_rx_support_i/slave_rx.bd_a98f_phy_0_rx_hssio_i/inst/top_inst/clk_rst_top_inst/clk_scheme_inst/GEN_PLL_IN_IP_USP.plle4_adv_pll0_inst/CLKOUTPHY }

Check Type        Corner  Lib Pin                   Reference Pin  Required(ns)  Actual(ns)  Slack(ns)  Location                Pin
Min Period        n/a     BITSLICE_CONTROL/PLL_CLK  n/a            0.375         0.667       0.292      BITSLICE_CONTROL_X0Y24  system_top_i/mipi_csi2_rx/inst/phy/inst/inst/bd_a98f_phy_0_rx_support_i/slave_rx.bd_a98f_phy_0_rx_hssio_i/inst/top_inst/bs_ctrl_top_inst/BITSLICE_CTRL[0].bs_ctrl_inst/PLL_CLK
Low Pulse Width   Slow    BITSLICE_CONTROL/PLL_CLK  n/a            0.169         0.333       0.164      BITSLICE_CONTROL_X0Y24  system_top_i/mipi_csi2_rx/inst/phy/inst/inst/bd_a98f_phy_0_rx_support_i/slave_rx.bd_a98f_phy_0_rx_hssio_i/inst/top_inst/bs_ctrl_top_inst/BITSLICE_CTRL[0].bs_ctrl_inst/PLL_CLK
High Pulse Width  Slow    BITSLICE_CONTROL/PLL_CLK  n/a            0.169         0.333       0.164      BITSLICE_CONTROL_X0Y24  system_top_i/mipi_csi2_rx/inst/phy/inst/inst/bd_a98f_phy_0_rx_support_i/slave_rx.bd_a98f_phy_0_rx_hssio_i/inst/top_inst/bs_ctrl_top_inst/BITSLICE_CTRL[0].bs_ctrl_inst/PLL_CLK



---------------------------------------------------------------------------------------------------
From Clock:  clk_300M_system_top_clk_wiz_0_0
  To Clock:  clk_300M_system_top_clk_wiz_0_0

Setup :            0  Failing Endpoints,  Worst Slack        0.242ns,  Total Violation        0.000ns
Hold  :            0  Failing Endpoints,  Worst Slack        0.012ns,  Total Violation        0.000ns
PW    :            0  Failing Endpoints,  Worst Slack        0.167ns,  Total Violation        0.000ns
---------------------------------------------------------------------------------------------------


Max Delay Paths
--------------------------------------------------------------------------------------
Slack (MET) :             0.242ns  (required time - arrival time)
  Source:                 system_top_wrapper/system_top/system_top_mipi_csi2_rx_0/system_top_mipi_csi2_rx_0_bd_a98f/bd_a98f_rx_0/<hidden>/<hidden>
                            (rising edge-triggered cell FDRE clocked by clk_300M_system_top_clk_wiz_0_0  {rise@0.000ns fall@1.667ns period=3.333ns})
  Destination:            system_top_i/mipi_csi2_rx/inst/vfb_0/inst/VFB_YUV420_FXD_VC.ycomp_odd/fifo_ycomp/xpm_fifo_base_inst/gen_sdpram.xpm_memory_base_inst/gen_wr_a.gen_word_narrow.mem_reg_bram_2/ENBWREN
                            (rising edge-triggered cell RAMB36E2 clocked by clk_300M_system_top_clk_wiz_0_0  {rise@0.000ns fall@1.667ns period=3.333ns})
  Path Group:             clk_300M_system_top_clk_wiz_0_0
  Path Type:              Setup (Max at Slow Process Corner)
  Requirement:            3.333ns  (clk_300M_system_top_clk_wiz_0_0 rise@3.333ns - clk_300M_system_top_clk_wiz_0_0 rise@0.000ns)
  Data Path Delay:        2.498ns  (logic 0.864ns (34.592%)  route 1.634ns (65.408%))
  Logic Levels:           8  (LUT2=1 LUT3=1 LUT4=2 LUT5=1 LUT6=3)
  Clock Path Skew:        -0.073ns (DCD - SCD + CPR)
    Destination Clock Delay (DCD):    4.974ns = ( 8.308 - 3.333 ) 
    Source Clock Delay      (SCD):    4.588ns
    Clock Pessimism Removal (CPR):    -0.459ns
  Clock Uncertainty:      0.059ns  ((TSJ^2 + DJ^2)^1/2) / 2 + PE
    Total System Jitter     (TSJ):    0.071ns
    Discrete Jitter          (DJ):    0.095ns
    Phase Error              (PE):    0.000ns
  Clock Net Delay (Source):      1.901ns (routing 0.246ns, distribution 1.655ns)
  Clock Net Delay (Destination): 1.741ns (routing 0.231ns, distribution 1.510ns)

    Location             Delay type                Incr(ns)  Path(ns)    Netlist Resource(s)
  -------------------------------------------------------------------    -------------------
                         (clock clk_300M_system_top_clk_wiz_0_0 rise edge)
                                                      0.000     0.000 r  
    PS8_X0Y0             PS8                          0.000     0.000 r  system_top_i/zynq_ps/inst/PS8_i/PLCLK[0]
                         net (fo=1, routed)           0.229     0.229    system_top_i/zynq_ps/inst/pl_clk_unbuffered[0]
    BUFG_PS_X0Y72        BUFG_PS (Prop_BUFG_PS_I_O)
                                                      0.038     0.267 r  system_top_i/zynq_ps/inst/buffer_pl_clk_0.PL_CLK_0_BUFG/O
                         net (fo=1, routed)           2.127     2.394    system_top_i/clk_wiz_0/inst/clk_in1
    MMCM_X0Y2            MMCME4_ADV (Prop_MMCM_CLKIN1_CLKOUT2)
                                                     -0.103     2.291 r  system_top_i/clk_wiz_0/inst/mmcme4_adv_inst/CLKOUT2
                         net (fo=1, routed)           0.352     2.643    system_top_i/clk_wiz_0/inst/clk_300M_system_top_clk_wiz_0_0
    BUFGCE_X0Y49         BUFGCE (Prop_BUFCE_BUFGCE_I_O)
                                                      0.044     2.687 r  system_top_i/clk_wiz_0/inst/clkout3_buf/O
    X1Y2 (CLOCK_ROOT)    net (fo=7162, routed)        1.901     4.588    system_top_wrapper/system_top/system_top_mipi_csi2_rx_0/system_top_mipi_csi2_rx_0_bd_a98f/bd_a98f_rx_0/<hidden>/<hidden>
    SLICE_X49Y10         FDRE                                         r  system_top_wrapper/system_top/system_top_mipi_csi2_rx_0/system_top_mipi_csi2_rx_0_bd_a98f/bd_a98f_rx_0/<hidden>/<hidden>
  -------------------------------------------------------------------    -------------------
    SLICE_X49Y10         FDRE (Prop_CFF_SLICEL_C_Q)
                                                      0.114     4.702 f  system_top_wrapper/system_top/system_top_mipi_csi2_rx_0/system_top_mipi_csi2_rx_0_bd_a98f/bd_a98f_rx_0/<hidden>/<hidden>
                         net (fo=4, routed)           0.431     5.133    system_top_i/mipi_csi2_rx/inst/vfb_0/inst/VFB_MIN.reorder/buf_data_reg[0][73]_0[6]
    SLICE_X48Y10         LUT6 (Prop_F6LUT_SLICEL_I2_O)
                                                      0.224     5.357 f  system_top_i/mipi_csi2_rx/inst/vfb_0/inst/VFB_MIN.reorder/s_axis_tready_INST_0_i_2/O
                         net (fo=5, routed)           0.105     5.462    system_top_i/mipi_csi2_rx/inst/vfb_0/inst/VFB_YUV420_FXD_VC.line_selector/buf_data_reg[1][172]
    SLICE_X48Y8          LUT3 (Prop_F6LUT_SLICEL_I1_O)
                                                      0.056     5.518 f  system_top_i/mipi_csi2_rx/inst/vfb_0/inst/VFB_YUV420_FXD_VC.line_selector/fifo_yuv_lines_i_178/O
                         net (fo=107, routed)         0.064     5.581    system_top_i/mipi_csi2_rx/inst/vfb_0/inst/VFB_YUV420_FXD_VC.axis_ycomp_dconverter/line_detector/count_value_i_reg[9]
    SLICE_X48Y8          LUT6 (Prop_G6LUT_SLICEL_I1_O)
                                                      0.082     5.663 r  system_top_i/mipi_csi2_rx/inst/vfb_0/inst/VFB_YUV420_FXD_VC.axis_ycomp_dconverter/line_detector/fifo_ycomp_i_1/O
                         net (fo=5, routed)           0.125     5.789    system_top_i/mipi_csi2_rx/inst/vfb_0/inst/VFB_YUV420_FXD_VC.axis_ycomp_dconverter/line_detector/s_axis_tvalid
    SLICE_X48Y6          LUT6 (Prop_E6LUT_SLICEL_I0_O)
                                                      0.057     5.846 r  system_top_i/mipi_csi2_rx/inst/vfb_0/inst/VFB_YUV420_FXD_VC.axis_ycomp_dconverter/line_detector/fifo_ycomp_i_139/O
                         net (fo=1, routed)           0.096     5.942    system_top_i/mipi_csi2_rx/inst/vfb_0/inst/VFB_YUV420_FXD_VC.ycomp_odd/fifo_ycomp/m_axis_tready
    SLICE_X48Y7          LUT2 (Prop_B6LUT_SLICEL_I1_O)
                                                      0.058     6.000 r  system_top_i/mipi_csi2_rx/inst/vfb_0/inst/VFB_YUV420_FXD_VC.ycomp_odd/fifo_ycomp/xpm_fifo_base_inst_i_1/O
                         net (fo=13, routed)          0.107     6.107    system_top_i/mipi_csi2_rx/inst/vfb_0/inst/VFB_YUV420_FXD_VC.ycomp_odd/fifo_ycomp/xpm_fifo_base_inst/rdpp1_inst/rd_en
    SLICE_X48Y6          LUT4 (Prop_F6LUT_SLICEL_I2_O)
                                                      0.056     6.163 r  system_top_i/mipi_csi2_rx/inst/vfb_0/inst/VFB_YUV420_FXD_VC.ycomp_odd/fifo_ycomp/xpm_fifo_base_inst/rdpp1_inst/gen_sdpram.xpm_memory_base_inst_i_2/O
                         net (fo=30, routed)          0.126     6.289    system_top_i/mipi_csi2_rx/inst/vfb_0/inst/VFB_YUV420_FXD_VC.ycomp_odd/fifo_ycomp/xpm_fifo_base_inst/wrp_inst/gen_pntr_flags_cc.ram_empty_i_reg
    SLICE_X47Y6          LUT5 (Prop_F6LUT_SLICEL_I0_O)
                                                      0.136     6.425 r  system_top_i/mipi_csi2_rx/inst/vfb_0/inst/VFB_YUV420_FXD_VC.ycomp_odd/fifo_ycomp/xpm_fifo_base_inst/wrp_inst/gen_pntr_flags_cc.ram_empty_i_i_1/O
                         net (fo=2, routed)           0.201     6.626    system_top_i/mipi_csi2_rx/inst/vfb_0/inst/VFB_YUV420_FXD_VC.ycomp_odd/fifo_ycomp/xpm_fifo_base_inst/gen_sdpram.xpm_memory_base_inst/pwropt_1
    SLICE_X47Y3          LUT4 (Prop_F6LUT_SLICEL_I1_O)
                                                      0.081     6.707 r  system_top_i/mipi_csi2_rx/inst/vfb_0/inst/VFB_YUV420_FXD_VC.ycomp_odd/fifo_ycomp/xpm_fifo_base_inst/gen_sdpram.xpm_memory_base_inst/gen_wr_a.gen_word_narrow.mem_reg_bram_2_ENBWREN_cooolgate_en_gate_13/O
                         net (fo=1, routed)           0.378     7.086    system_top_i/mipi_csi2_rx/inst/vfb_0/inst/VFB_YUV420_FXD_VC.ycomp_odd/fifo_ycomp/xpm_fifo_base_inst/gen_sdpram.xpm_memory_base_inst/gen_wr_a.gen_word_narrow.mem_reg_bram_2_ENBWREN_cooolgate_en_sig_6
    RAMB36_X1Y0          RAMB36E2                                     r  system_top_i/mipi_csi2_rx/inst/vfb_0/inst/VFB_YUV420_FXD_VC.ycomp_odd/fifo_ycomp/xpm_fifo_base_inst/gen_sdpram.xpm_memory_base_inst/gen_wr_a.gen_word_narrow.mem_reg_bram_2/ENBWREN
  -------------------------------------------------------------------    -------------------

                         (clock clk_300M_system_top_clk_wiz_0_0 rise edge)
                                                      3.333     3.333 r  
    PS8_X0Y0             PS8                          0.000     3.333 r  system_top_i/zynq_ps/inst/PS8_i/PLCLK[0]
                         net (fo=1, routed)           0.181     3.514    system_top_i/zynq_ps/inst/pl_clk_unbuffered[0]
    BUFG_PS_X0Y72        BUFG_PS (Prop_BUFG_PS_I_O)
                                                      0.035     3.549 r  system_top_i/zynq_ps/inst/buffer_pl_clk_0.PL_CLK_0_BUFG/O
                         net (fo=1, routed)           1.929     5.478    system_top_i/clk_wiz_0/inst/clk_in1
    MMCM_X0Y2            MMCME4_ADV (Prop_MMCM_CLKIN1_CLKOUT2)
                                                      0.739     6.217 r  system_top_i/clk_wiz_0/inst/mmcme4_adv_inst/CLKOUT2
                         net (fo=1, routed)           0.310     6.527    system_top_i/clk_wiz_0/inst/clk_300M_system_top_clk_wiz_0_0
    BUFGCE_X0Y49         BUFGCE (Prop_BUFCE_BUFGCE_I_O)
                                                      0.039     6.566 r  system_top_i/clk_wiz_0/inst/clkout3_buf/O
    X1Y2 (CLOCK_ROOT)    net (fo=7162, routed)        1.741     8.308    system_top_i/mipi_csi2_rx/inst/vfb_0/inst/VFB_YUV420_FXD_VC.ycomp_odd/fifo_ycomp/xpm_fifo_base_inst/gen_sdpram.xpm_memory_base_inst/clka
    RAMB36_X1Y0          RAMB36E2                                     r  system_top_i/mipi_csi2_rx/inst/vfb_0/inst/VFB_YUV420_FXD_VC.ycomp_odd/fifo_ycomp/xpm_fifo_base_inst/gen_sdpram.xpm_memory_base_inst/gen_wr_a.gen_word_narrow.mem_reg_bram_2/CLKBWRCLK
                         clock pessimism             -0.459     7.848    
                         clock uncertainty           -0.059     7.789    
    RAMB36_X1Y0          RAMB36E2 (Setup_RAMB36E2_RAMB36_CLKBWRCLK_ENBWREN)
                                                     -0.462     7.327    system_top_i/mipi_csi2_rx/inst/vfb_0/inst/VFB_YUV420_FXD_VC.ycomp_odd/fifo_ycomp/xpm_fifo_base_inst/gen_sdpram.xpm_memory_base_inst/gen_wr_a.gen_word_narrow.mem_reg_bram_2
  -------------------------------------------------------------------
                         required time                          7.327    
                         arrival time                          -7.086    
  -------------------------------------------------------------------
                         slack                                  0.242    





Min Delay Paths
--------------------------------------------------------------------------------------
Slack (MET) :             0.012ns  (arrival time - required time)
  Source:                 system_top_i/v_frmbuf_wr/inst/grp_FrmbufWrHlsDataFlow_fu_170/Bytes2AXIMMvideo_U0/ap_CS_fsm_reg[16]/C
                            (rising edge-triggered cell FDRE clocked by clk_300M_system_top_clk_wiz_0_0  {rise@0.000ns fall@1.667ns period=3.333ns})
  Destination:            system_top_i/v_frmbuf_wr/inst/grp_FrmbufWrHlsDataFlow_fu_170/Bytes2AXIMMvideo_U0/ap_CS_fsm_reg[17]/D
                            (rising edge-triggered cell FDRE clocked by clk_300M_system_top_clk_wiz_0_0  {rise@0.000ns fall@1.667ns period=3.333ns})
  Path Group:             clk_300M_system_top_clk_wiz_0_0
  Path Type:              Hold (Min at Slow Process Corner)
  Requirement:            0.000ns  (clk_300M_system_top_clk_wiz_0_0 rise@0.000ns - clk_300M_system_top_clk_wiz_0_0 rise@0.000ns)
  Data Path Delay:        0.242ns  (logic 0.111ns (45.810%)  route 0.131ns (54.190%))
  Logic Levels:           0  
  Clock Path Skew:        0.131ns (DCD - SCD - CPR)
    Destination Clock Delay (DCD):    4.457ns
    Source Clock Delay      (SCD):    4.788ns
    Clock Pessimism Removal (CPR):    -0.462ns
  Clock Net Delay (Source):      1.555ns (routing 0.231ns, distribution 1.324ns)
  Clock Net Delay (Destination): 1.770ns (routing 0.246ns, distribution 1.524ns)

    Location             Delay type                Incr(ns)  Path(ns)    Netlist Resource(s)
  -------------------------------------------------------------------    -------------------
                         (clock clk_300M_system_top_clk_wiz_0_0 rise edge)
                                                      0.000     0.000 r  
    PS8_X0Y0             PS8                          0.000     0.000 r  system_top_i/zynq_ps/inst/PS8_i/PLCLK[0]
                         net (fo=1, routed)           0.181     0.181    system_top_i/zynq_ps/inst/pl_clk_unbuffered[0]
    BUFG_PS_X0Y72        BUFG_PS (Prop_BUFG_PS_I_O)
                                                      0.035     0.216 r  system_top_i/zynq_ps/inst/buffer_pl_clk_0.PL_CLK_0_BUFG/O
                         net (fo=1, routed)           1.929     2.145    system_top_i/clk_wiz_0/inst/clk_in1
    MMCM_X0Y2            MMCME4_ADV (Prop_MMCM_CLKIN1_CLKOUT2)
                                                      0.739     2.884 r  system_top_i/clk_wiz_0/inst/mmcme4_adv_inst/CLKOUT2
                         net (fo=1, routed)           0.310     3.194    system_top_i/clk_wiz_0/inst/clk_300M_system_top_clk_wiz_0_0
    BUFGCE_X0Y49         BUFGCE (Prop_BUFCE_BUFGCE_I_O)
                                                      0.039     3.233 r  system_top_i/clk_wiz_0/inst/clkout3_buf/O
    X1Y2 (CLOCK_ROOT)    net (fo=7162, routed)        1.555     4.788    system_top_i/v_frmbuf_wr/inst/grp_FrmbufWrHlsDataFlow_fu_170/Bytes2AXIMMvideo_U0/ap_clk
    SLICE_X31Y86         FDRE                                         r  system_top_i/v_frmbuf_wr/inst/grp_FrmbufWrHlsDataFlow_fu_170/Bytes2AXIMMvideo_U0/ap_CS_fsm_reg[16]/C
  -------------------------------------------------------------------    -------------------
    SLICE_X31Y86         FDRE (Prop_FFF_SLICEM_C_Q)
                                                      0.111     4.899 r  system_top_i/v_frmbuf_wr/inst/grp_FrmbufWrHlsDataFlow_fu_170/Bytes2AXIMMvideo_U0/ap_CS_fsm_reg[16]/Q
                         net (fo=2, routed)           0.131     5.030    system_top_i/v_frmbuf_wr/inst/grp_FrmbufWrHlsDataFlow_fu_170/Bytes2AXIMMvideo_U0/ap_CS_fsm_reg_n_3_[16]
    SLICE_X29Y86         FDRE                                         r  system_top_i/v_frmbuf_wr/inst/grp_FrmbufWrHlsDataFlow_fu_170/Bytes2AXIMMvideo_U0/ap_CS_fsm_reg[17]/D
  -------------------------------------------------------------------    -------------------

                         (clock clk_300M_system_top_clk_wiz_0_0 rise edge)
                                                      0.000     0.000 r  
    PS8_X0Y0             PS8                          0.000     0.000 r  system_top_i/zynq_ps/inst/PS8_i/PLCLK[0]
                         net (fo=1, routed)           0.229     0.229    system_top_i/zynq_ps/inst/pl_clk_unbuffered[0]
    BUFG_PS_X0Y72        BUFG_PS (Prop_BUFG_PS_I_O)
                                                      0.038     0.267 r  system_top_i/zynq_ps/inst/buffer_pl_clk_0.PL_CLK_0_BUFG/O
                         net (fo=1, routed)           2.127     2.394    system_top_i/clk_wiz_0/inst/clk_in1
    MMCM_X0Y2            MMCME4_ADV (Prop_MMCM_CLKIN1_CLKOUT2)
                                                     -0.103     2.291 r  system_top_i/clk_wiz_0/inst/mmcme4_adv_inst/CLKOUT2
                         net (fo=1, routed)           0.352     2.643    system_top_i/clk_wiz_0/inst/clk_300M_system_top_clk_wiz_0_0
    BUFGCE_X0Y49         BUFGCE (Prop_BUFCE_BUFGCE_I_O)
                                                      0.044     2.687 r  system_top_i/clk_wiz_0/inst/clkout3_buf/O
    X1Y2 (CLOCK_ROOT)    net (fo=7162, routed)        1.770     4.457    system_top_i/v_frmbuf_wr/inst/grp_FrmbufWrHlsDataFlow_fu_170/Bytes2AXIMMvideo_U0/ap_clk
    SLICE_X29Y86         FDRE                                         r  system_top_i/v_frmbuf_wr/inst/grp_FrmbufWrHlsDataFlow_fu_170/Bytes2AXIMMvideo_U0/ap_CS_fsm_reg[17]/C
                         clock pessimism              0.462     4.919    
    SLICE_X29Y86         FDRE (Hold_GFF_SLICEM_C_D)
                                                      0.100     5.019    system_top_i/v_frmbuf_wr/inst/grp_FrmbufWrHlsDataFlow_fu_170/Bytes2AXIMMvideo_U0/ap_CS_fsm_reg[17]
  -------------------------------------------------------------------
                         required time                         -5.019    
                         arrival time                           5.030    
  -------------------------------------------------------------------
                         slack                                  0.012    





Pulse Width Checks
--------------------------------------------------------------------------------------
Clock Name:         clk_300M_system_top_clk_wiz_0_0
Waveform(ns):       { 0.000 1.667 }
Period(ns):         3.333
Sources:            { system_top_i/clk_wiz_0/inst/mmcme4_adv_inst/CLKOUT2 }

Check Type        Corner  Lib Pin          Reference Pin  Required(ns)  Actual(ns)  Slack(ns)  Location  Pin
Min Period        n/a     PS8/SAXIGP3RCLK  n/a            3.000         3.333       0.333      PS8_X0Y0  system_top_i/zynq_ps/inst/PS8_i/SAXIGP3RCLK
Low Pulse Width   Slow    PS8/SAXIGP3RCLK  n/a            1.500         1.667       0.167      PS8_X0Y0  system_top_i/zynq_ps/inst/PS8_i/SAXIGP3RCLK
High Pulse Width  Slow    PS8/SAXIGP3RCLK  n/a            1.500         1.667       0.167      PS8_X0Y0  system_top_i/zynq_ps/inst/PS8_i/SAXIGP3RCLK



---------------------------------------------------------------------------------------------------
From Clock:  clk_60M_system_top_clk_wiz_0_0
  To Clock:  clk_60M_system_top_clk_wiz_0_0

Setup :            0  Failing Endpoints,  Worst Slack        1.077ns,  Total Violation        0.000ns
Hold  :            0  Failing Endpoints,  Worst Slack        0.011ns,  Total Violation        0.000ns
PW    :            0  Failing Endpoints,  Worst Slack        6.833ns,  Total Violation        0.000ns
---------------------------------------------------------------------------------------------------


Max Delay Paths
--------------------------------------------------------------------------------------
Slack (MET) :             1.077ns  (required time - arrival time)
  Source:                 system_top_i/t1_top/inst/u_t1/laneVec2D_0_0/multiplier/requestReg_src_1_reg[47]/C
                            (rising edge-triggered cell FDRE clocked by clk_60M_system_top_clk_wiz_0_0  {rise@0.000ns fall@8.333ns period=16.667ns})
  Destination:            system_top_i/t1_top/inst/u_t1/laneVec2D_0_0/multiplier/request_pipeResponse_pipe_b_data_reg[48]/S
                            (rising edge-triggered cell FDSE clocked by clk_60M_system_top_clk_wiz_0_0  {rise@0.000ns fall@8.333ns period=16.667ns})
  Path Group:             clk_60M_system_top_clk_wiz_0_0
  Path Type:              Setup (Max at Slow Process Corner)
  Requirement:            16.667ns  (clk_60M_system_top_clk_wiz_0_0 rise@16.667ns - clk_60M_system_top_clk_wiz_0_0 rise@0.000ns)
  Data Path Delay:        15.183ns  (logic 8.066ns (53.126%)  route 7.117ns (46.874%))
  Logic Levels:           43  (CARRY8=4 DSP_A_B_DATA=1 DSP_ALU=2 DSP_M_DATA=1 DSP_MULTIPLIER=1 DSP_OUTPUT=2 DSP_PREADD_DATA=1 LUT2=3 LUT4=3 LUT5=11 LUT6=14)
  Clock Path Skew:        -0.215ns (DCD - SCD + CPR)
    Destination Clock Delay (DCD):    4.890ns = ( 21.556 - 16.667 ) 
    Source Clock Delay      (SCD):    4.656ns
    Clock Pessimism Removal (CPR):    -0.449ns
  Clock Uncertainty:      0.074ns  ((TSJ^2 + DJ^2)^1/2) / 2 + PE
    Total System Jitter     (TSJ):    0.071ns
    Discrete Jitter          (DJ):    0.129ns
    Phase Error              (PE):    0.000ns
  Clock Net Delay (Source):      1.958ns (routing 0.246ns, distribution 1.712ns)
  Clock Net Delay (Destination): 1.649ns (routing 0.231ns, distribution 1.418ns)

    Location             Delay type                Incr(ns)  Path(ns)    Netlist Resource(s)
  -------------------------------------------------------------------    -------------------
                         (clock clk_60M_system_top_clk_wiz_0_0 rise edge)
                                                      0.000     0.000 r  
    PS8_X0Y0             PS8                          0.000     0.000 r  system_top_i/zynq_ps/inst/PS8_i/PLCLK[0]
                         net (fo=1, routed)           0.229     0.229    system_top_i/zynq_ps/inst/pl_clk_unbuffered[0]
    BUFG_PS_X0Y72        BUFG_PS (Prop_BUFG_PS_I_O)
                                                      0.038     0.267 r  system_top_i/zynq_ps/inst/buffer_pl_clk_0.PL_CLK_0_BUFG/O
                         net (fo=1, routed)           2.127     2.394    system_top_i/clk_wiz_0/inst/clk_in1
    MMCM_X0Y2            MMCME4_ADV (Prop_MMCM_CLKIN1_CLKOUT3)
                                                     -0.103     2.291 r  system_top_i/clk_wiz_0/inst/mmcme4_adv_inst/CLKOUT3
                         net (fo=1, routed)           0.363     2.654    system_top_i/clk_wiz_0/inst/clk_60M_system_top_clk_wiz_0_0
    BUFGCE_X0Y63         BUFGCE (Prop_BUFCE_BUFGCE_I_O)
                                                      0.044     2.698 r  system_top_i/clk_wiz_0/inst/clkout4_buf/O
    X1Y2 (CLOCK_ROOT)    net (fo=97834, routed)       1.958     4.656    system_top_i/t1_top/inst/u_t1/laneVec2D_0_0/multiplier/aclk
    SLICE_X21Y180        FDRE                                         r  system_top_i/t1_top/inst/u_t1/laneVec2D_0_0/multiplier/requestReg_src_1_reg[47]/C
  -------------------------------------------------------------------    -------------------
    SLICE_X21Y180        FDRE (Prop_BFF_SLICEM_C_Q)
                                                      0.112     4.768 f  system_top_i/t1_top/inst/u_t1/laneVec2D_0_0/multiplier/requestReg_src_1_reg[47]/Q
                         net (fo=11, routed)          0.950     5.717    system_top_i/t1_top/inst/u_t1/laneVec2D_0_0/multiplier/responseVec_fusionMultiplier_1/out32__0_0[15]
    SLICE_X30Y179        LUT6 (Prop_G6LUT_SLICEL_I3_O)
                                                      0.151     5.868 f  system_top_i/t1_top/inst/u_t1/laneVec2D_0_0/multiplier/responseVec_fusionMultiplier_1/p16_0_i_86__0/O
                         net (fo=1, routed)           0.057     5.925    system_top_i/t1_top/inst/u_t1/laneVec2D_0_0/multiplier/responseVec_fusionMultiplier_1/p16_0_i_86__0_n_0
    SLICE_X30Y179        LUT5 (Prop_E6LUT_SLICEL_I4_O)
                                                      0.152     6.077 f  system_top_i/t1_top/inst/u_t1/laneVec2D_0_0/multiplier/responseVec_fusionMultiplier_1/p16_0_i_49/O
                         net (fo=14, routed)          0.184     6.261    system_top_i/t1_top/inst/u_t1/laneVec2D_0_0/multiplier/responseVec_fusionMultiplier_1/p16_0_i_49_n_0
    SLICE_X30Y176        LUT6 (Prop_B6LUT_SLICEL_I2_O)
                                                      0.083     6.344 f  system_top_i/t1_top/inst/u_t1/laneVec2D_0_0/multiplier/responseVec_fusionMultiplier_1/p16_0_i_60__0/O
                         net (fo=2, routed)           0.099     6.443    system_top_i/t1_top/inst/u_t1/laneVec2D_0_0/multiplier/responseVec_fusionMultiplier_1/p16_0_i_60__0_n_0
    SLICE_X29Y176        LUT5 (Prop_A6LUT_SLICEM_I4_O)
                                                      0.083     6.526 r  system_top_i/t1_top/inst/u_t1/laneVec2D_0_0/multiplier/responseVec_fusionMultiplier_1/p16_0_i_58__0/O
                         net (fo=2, routed)           0.057     6.583    system_top_i/t1_top/inst/u_t1/laneVec2D_0_0/multiplier/responseVec_fusionMultiplier_1/p16_0_i_58__0_n_0
    SLICE_X29Y176        LUT5 (Prop_B6LUT_SLICEM_I4_O)
                                                      0.137     6.720 f  system_top_i/t1_top/inst/u_t1/laneVec2D_0_0/multiplier/responseVec_fusionMultiplier_1/p16_0_i_56__0/O
                         net (fo=2, routed)           0.108     6.827    system_top_i/t1_top/inst/u_t1/laneVec2D_0_0/multiplier/responseVec_fusionMultiplier_1/p16_0_i_56__0_n_0
    SLICE_X30Y176        LUT5 (Prop_E6LUT_SLICEL_I4_O)
                                                      0.187     7.014 r  system_top_i/t1_top/inst/u_t1/laneVec2D_0_0/multiplier/responseVec_fusionMultiplier_1/p16_0_i_54__0/O
                         net (fo=2, routed)           0.071     7.085    system_top_i/t1_top/inst/u_t1/laneVec2D_0_0/multiplier/responseVec_fusionMultiplier_1/p16_0_i_54__0_n_0
    SLICE_X30Y176        LUT5 (Prop_F6LUT_SLICEL_I4_O)
                                                      0.224     7.309 f  system_top_i/t1_top/inst/u_t1/laneVec2D_0_0/multiplier/responseVec_fusionMultiplier_1/p16_0_i_52__0/O
                         net (fo=2, routed)           0.056     7.365    system_top_i/t1_top/inst/u_t1/laneVec2D_0_0/multiplier/responseVec_fusionMultiplier_1/p16_0_i_52__0_n_0
    SLICE_X30Y176        LUT5 (Prop_G6LUT_SLICEL_I4_O)
                                                      0.082     7.447 r  system_top_i/t1_top/inst/u_t1/laneVec2D_0_0/multiplier/responseVec_fusionMultiplier_1/p16_0_i_50/O
                         net (fo=2, routed)           0.173     7.620    system_top_i/t1_top/inst/u_t1/laneVec2D_0_0/multiplier/responseVec_fusionMultiplier_1/p16_0_i_50_n_0
    SLICE_X30Y179        LUT5 (Prop_C5LUT_SLICEL_I4_O)
                                                      0.135     7.755 f  system_top_i/t1_top/inst/u_t1/laneVec2D_0_0/multiplier/responseVec_fusionMultiplier_1/p16_0_i_77__0/O
                         net (fo=7, routed)           0.150     7.905    system_top_i/t1_top/inst/u_t1/laneVec2D_0_0/multiplier/responseVec_fusionMultiplier_1/responseVec_mulAbs1_Abs_1/aRevAddOne_0_1
    SLICE_X30Y180        LUT6 (Prop_E6LUT_SLICEL_I5_O)
                                                      0.138     8.043 f  system_top_i/t1_top/inst/u_t1/laneVec2D_0_0/multiplier/responseVec_fusionMultiplier_1/p16_1_i_87__0/O
                         net (fo=4, routed)           0.100     8.143    system_top_i/t1_top/inst/u_t1/laneVec2D_0_0/multiplier/responseVec_fusionMultiplier_1/responseVec_mulAbs1_Abs_1/p_0_in
    SLICE_X30Y181        LUT4 (Prop_D5LUT_SLICEL_I1_O)
                                                      0.133     8.276 f  system_top_i/t1_top/inst/u_t1/laneVec2D_0_0/multiplier/responseVec_fusionMultiplier_1/p16_1_i_54__0/O
                         net (fo=8, routed)           0.355     8.631    system_top_i/t1_top/inst/u_t1/laneVec2D_0_0/multiplier/responseVec_fusionMultiplier_1/p16_1_i_54__0_n_0
    SLICE_X32Y184        LUT6 (Prop_D6LUT_SLICEM_I5_O)
                                                      0.151     8.782 f  system_top_i/t1_top/inst/u_t1/laneVec2D_0_0/multiplier/responseVec_fusionMultiplier_1/p16_1_i_16__0/O
                         net (fo=19, routed)          0.505     9.287    system_top_i/t1_top/inst/u_t1/laneVec2D_0_0/multiplier/responseVec_fusionMultiplier_1/out32__1/B[16]
    DSP48E2_X8Y70        DSP_A_B_DATA (Prop_DSP_A_B_DATA_DSP48E2_B[16]_B2_DATA[16])
                                                      0.216     9.503 r  system_top_i/t1_top/inst/u_t1/laneVec2D_0_0/multiplier/responseVec_fusionMultiplier_1/out32__1/DSP_A_B_DATA_INST/B2_DATA[16]
                         net (fo=1, routed)           0.000     9.503    system_top_i/t1_top/inst/u_t1/laneVec2D_0_0/multiplier/responseVec_fusionMultiplier_1/out32__1/DSP_A_B_DATA.B2_DATA<16>
    DSP48E2_X8Y70        DSP_PREADD_DATA (Prop_DSP_PREADD_DATA_DSP48E2_B2_DATA[16]_B2B1[16])
                                                      0.097     9.600 r  system_top_i/t1_top/inst/u_t1/laneVec2D_0_0/multiplier/responseVec_fusionMultiplier_1/out32__1/DSP_PREADD_DATA_INST/B2B1[16]
                         net (fo=1, routed)           0.000     9.600    system_top_i/t1_top/inst/u_t1/laneVec2D_0_0/multiplier/responseVec_fusionMultiplier_1/out32__1/DSP_PREADD_DATA.B2B1<16>
    DSP48E2_X8Y70        DSP_MULTIPLIER (Prop_DSP_MULTIPLIER_DSP48E2_B2B1[16]_U[43])
                                                      0.773    10.373 f  system_top_i/t1_top/inst/u_t1/laneVec2D_0_0/multiplier/responseVec_fusionMultiplier_1/out32__1/DSP_MULTIPLIER_INST/U[43]
                         net (fo=1, routed)           0.000    10.373    system_top_i/t1_top/inst/u_t1/laneVec2D_0_0/multiplier/responseVec_fusionMultiplier_1/out32__1/DSP_MULTIPLIER.U<43>
    DSP48E2_X8Y70        DSP_M_DATA (Prop_DSP_M_DATA_DSP48E2_U[43]_U_DATA[43])
                                                      0.067    10.440 r  system_top_i/t1_top/inst/u_t1/laneVec2D_0_0/multiplier/responseVec_fusionMultiplier_1/out32__1/DSP_M_DATA_INST/U_DATA[43]
                         net (fo=1, routed)           0.000    10.440    system_top_i/t1_top/inst/u_t1/laneVec2D_0_0/multiplier/responseVec_fusionMultiplier_1/out32__1/DSP_M_DATA.U_DATA<43>
    DSP48E2_X8Y70        DSP_ALU (Prop_DSP_ALU_DSP48E2_U_DATA[43]_ALU_OUT[47])
                                                      0.727    11.167 f  system_top_i/t1_top/inst/u_t1/laneVec2D_0_0/multiplier/responseVec_fusionMultiplier_1/out32__1/DSP_ALU_INST/ALU_OUT[47]
                         net (fo=1, routed)           0.000    11.167    system_top_i/t1_top/inst/u_t1/laneVec2D_0_0/multiplier/responseVec_fusionMultiplier_1/out32__1/DSP_ALU.ALU_OUT<47>
    DSP48E2_X8Y70        DSP_OUTPUT (Prop_DSP_OUTPUT_DSP48E2_ALU_OUT[47]_PCOUT[47])
                                                      0.167    11.334 r  system_top_i/t1_top/inst/u_t1/laneVec2D_0_0/multiplier/responseVec_fusionMultiplier_1/out32__1/DSP_OUTPUT_INST/PCOUT[47]
                         net (fo=1, routed)           0.014    11.348    system_top_i/t1_top/inst/u_t1/laneVec2D_0_0/multiplier/responseVec_fusionMultiplier_1/out32__2/PCIN[47]
    DSP48E2_X8Y71        DSP_ALU (Prop_DSP_ALU_DSP48E2_PCIN[47]_ALU_OUT[0])
                                                      0.739    12.087 f  system_top_i/t1_top/inst/u_t1/laneVec2D_0_0/multiplier/responseVec_fusionMultiplier_1/out32__2/DSP_ALU_INST/ALU_OUT[0]
                         net (fo=1, routed)           0.000    12.087    system_top_i/t1_top/inst/u_t1/laneVec2D_0_0/multiplier/responseVec_fusionMultiplier_1/out32__2/DSP_ALU.ALU_OUT<0>
    DSP48E2_X8Y71        DSP_OUTPUT (Prop_DSP_OUTPUT_DSP48E2_ALU_OUT[0]_P[0])
                                                      0.146    12.233 r  system_top_i/t1_top/inst/u_t1/laneVec2D_0_0/multiplier/responseVec_fusionMultiplier_1/out32__2/DSP_OUTPUT_INST/P[0]
                         net (fo=2, routed)           0.377    12.610    system_top_i/t1_top/inst/u_t1/laneVec2D_0_0/multiplier/responseVec_fusionMultiplier_1/out32__2_n_105
    SLICE_X32Y178        LUT2 (Prop_B6LUT_SLICEM_I0_O)
                                                      0.057    12.667 r  system_top_i/t1_top/inst/u_t1/laneVec2D_0_0/multiplier/responseVec_fusionMultiplier_1/request_pipeResponse_pipe_b_data[42]_i_55/O
                         net (fo=1, routed)           0.022    12.689    system_top_i/t1_top/inst/u_t1/laneVec2D_0_0/multiplier/responseVec_fusionMultiplier_1/request_pipeResponse_pipe_b_data[42]_i_55_n_0
    SLICE_X32Y178        CARRY8 (Prop_CARRY8_SLICEM_S[1]_CO[7])
                                                      0.267    12.956 r  system_top_i/t1_top/inst/u_t1/laneVec2D_0_0/multiplier/responseVec_fusionMultiplier_1/request_pipeResponse_pipe_b_data_reg[42]_i_26/CO[7]
                         net (fo=1, routed)           0.030    12.986    system_top_i/t1_top/inst/u_t1/laneVec2D_0_0/multiplier/responseVec_fusionMultiplier_1/request_pipeResponse_pipe_b_data_reg[42]_i_26_n_0
    SLICE_X32Y179        CARRY8 (Prop_CARRY8_SLICEM_CI_O[2])
                                                      0.093    13.079 r  system_top_i/t1_top/inst/u_t1/laneVec2D_0_0/multiplier/responseVec_fusionMultiplier_1/request_pipeResponse_pipe_b_data_reg[47]_i_50/O[2]
                         net (fo=1, routed)           0.279    13.358    system_top_i/t1_top/inst/u_t1/laneVec2D_0_0/multiplier/responseVec_fusionMultiplier_1/out32__3[26]
    SLICE_X34Y177        LUT6 (Prop_A6LUT_SLICEM_I5_O)
                                                      0.189    13.547 r  system_top_i/t1_top/inst/u_t1/laneVec2D_0_0/multiplier/responseVec_fusionMultiplier_1/request_pipeResponse_pipe_b_data[45]_i_21/O
                         net (fo=4, routed)           0.250    13.797    system_top_i/t1_top/inst/u_t1/laneVec2D_0_0/multiplier/responseVec_fusionMultiplier_1/_responseVec_fusionMultiplier_1_multiplierSum[26]
    SLICE_X35Y178        LUT2 (Prop_D5LUT_SLICEM_I0_O)
                                                      0.220    14.017 r  system_top_i/t1_top/inst/u_t1/laneVec2D_0_0/multiplier/responseVec_fusionMultiplier_1/request_pipeResponse_pipe_b_data[45]_i_29/O
                         net (fo=1, routed)           0.229    14.246    system_top_i/t1_top/inst/u_t1/laneVec2D_0_0/multiplier/responseVec_fusionMultiplier_1/p_0_out[26]
    SLICE_X35Y178        LUT6 (Prop_A6LUT_SLICEM_I2_O)
                                                      0.083    14.329 r  system_top_i/t1_top/inst/u_t1/laneVec2D_0_0/multiplier/responseVec_fusionMultiplier_1/request_pipeResponse_pipe_b_data[45]_i_20/O
                         net (fo=2, routed)           0.076    14.405    system_top_i/t1_top/inst/u_t1/laneVec2D_0_0/multiplier/responseVec_fusionMultiplier_1/request_pipeResponse_pipe_b_data[45]_i_20_n_0
    SLICE_X35Y178        LUT6 (Prop_F6LUT_SLICEM_I0_O)
                                                      0.224    14.629 r  system_top_i/t1_top/inst/u_t1/laneVec2D_0_0/multiplier/responseVec_fusionMultiplier_1/request_pipeResponse_pipe_b_data[47]_i_37/O
                         net (fo=3, routed)           0.161    14.790    system_top_i/t1_top/inst/u_t1/laneVec2D_0_0/multiplier/responseVec_fusionMultiplier_1/responseVec_adder64_1/tree8Leaf_3_3_2
    SLICE_X36Y180        LUT6 (Prop_A6LUT_SLICEL_I0_O)
                                                      0.058    14.848 r  system_top_i/t1_top/inst/u_t1/laneVec2D_0_0/multiplier/responseVec_fusionMultiplier_1/request_pipeResponse_pipe_b_data[62]_i_51__0/O
                         net (fo=10, routed)          0.136    14.985    system_top_i/t1_top/inst/u_t1/laneVec2D_0_0/multiplier/responseVec_fusionMultiplier_1/responseVec_adder64_1/tree16Leaf1_15_2
    SLICE_X36Y182        LUT5 (Prop_D6LUT_SLICEL_I1_O)
                                                      0.152    15.137 r  system_top_i/t1_top/inst/u_t1/laneVec2D_0_0/multiplier/responseVec_fusionMultiplier_1/request_pipeResponse_pipe_b_data[55]_i_30/O
                         net (fo=8, routed)           0.114    15.250    system_top_i/t1_top/inst/u_t1/laneVec2D_0_0/multiplier/responseVec_fusionMultiplier_1/request_pipeResponse_pipe_b_data[55]_i_30_n_0
    SLICE_X36Y182        LUT2 (Prop_E5LUT_SLICEL_I0_O)
                                                      0.093    15.343 r  system_top_i/t1_top/inst/u_t1/laneVec2D_0_0/multiplier/responseVec_fusionMultiplier_1/request_pipeResponse_pipe_b_data[55]_i_17/O
                         net (fo=14, routed)          0.218    15.561    system_top_i/t1_top/inst/u_t1/laneVec2D_0_0/multiplier/responseVec_fusionMultiplier_1/request_pipeResponse_pipe_b_data[55]_i_17_n_0
    SLICE_X36Y183        LUT5 (Prop_B6LUT_SLICEL_I2_O)
                                                      0.188    15.749 r  system_top_i/t1_top/inst/u_t1/laneVec2D_0_0/multiplier/responseVec_fusionMultiplier_1/request_pipeResponse_pipe_b_data[44]_i_6__0/O
                         net (fo=9, routed)           0.238    15.987    system_top_i/t1_top/inst/u_t1/laneVec2D_0_0/multiplier/responseVec_fusionMultiplier_1/_responseVec_adder64_1_z[44]
    SLICE_X36Y182        LUT4 (Prop_H5LUT_SLICEL_I2_O)
                                                      0.220    16.207 r  system_top_i/t1_top/inst/u_t1/laneVec2D_0_0/multiplier/responseVec_fusionMultiplier_1/request_pipeResponse_pipe_b_data[54]_i_28/O
                         net (fo=1, routed)           0.205    16.412    system_top_i/t1_top/inst/u_t1/laneVec2D_0_0/multiplier/responseVec_fusionMultiplier_1/request_pipeResponse_pipe_b_data[54]_i_28_n_0
    SLICE_X36Y182        LUT6 (Prop_B6LUT_SLICEL_I2_O)
                                                      0.083    16.495 r  system_top_i/t1_top/inst/u_t1/laneVec2D_0_0/multiplier/responseVec_fusionMultiplier_1/request_pipeResponse_pipe_b_data[54]_i_27/O
                         net (fo=1, routed)           0.167    16.662    system_top_i/t1_top/inst/u_t1/laneVec2D_0_0/multiplier/responseVec_fusionMultiplier_1/request_pipeResponse_pipe_b_data[54]_i_27_n_0
    SLICE_X36Y186        LUT5 (Prop_A6LUT_SLICEL_I2_O)
                                                      0.152    16.814 r  system_top_i/t1_top/inst/u_t1/laneVec2D_0_0/multiplier/responseVec_fusionMultiplier_1/request_pipeResponse_pipe_b_data[54]_i_18/O
                         net (fo=1, routed)           0.014    16.828    system_top_i/t1_top/inst/u_t1/laneVec2D_0_0/multiplier/responseVec_fusionMultiplier_1/request_pipeResponse_pipe_b_data[54]_i_18_n_0
    SLICE_X36Y186        CARRY8 (Prop_CARRY8_SLICEL_S[0]_CO[7])
                                                      0.278    17.106 r  system_top_i/t1_top/inst/u_t1/laneVec2D_0_0/multiplier/responseVec_fusionMultiplier_1/request_pipeResponse_pipe_b_data_reg[54]_i_8/CO[7]
                         net (fo=1, routed)           0.030    17.136    system_top_i/t1_top/inst/u_t1/laneVec2D_0_0/multiplier/responseVec_fusionMultiplier_1/request_pipeResponse_pipe_b_data_reg[54]_i_8_n_0
    SLICE_X36Y187        CARRY8 (Prop_CARRY8_SLICEL_CI_O[6])
                                                      0.157    17.293 r  system_top_i/t1_top/inst/u_t1/laneVec2D_0_0/multiplier/responseVec_fusionMultiplier_1/request_pipeResponse_pipe_b_data_reg[62]_i_10/O[6]
                         net (fo=1, routed)           0.319    17.612    system_top_i/t1_top/inst/u_t1/laneVec2D_0_0/multiplier/responseVec_fusionMultiplier_1/responseVec_roundResultForSew16_10[14]
    SLICE_X39Y187        LUT4 (Prop_F6LUT_SLICEL_I0_O)
                                                      0.187    17.799 r  system_top_i/t1_top/inst/u_t1/laneVec2D_0_0/multiplier/responseVec_fusionMultiplier_1/request_pipeResponse_pipe_b_data[62]_i_3__0/O
                         net (fo=2, routed)           0.102    17.901    system_top_i/t1_top/inst/u_t1/laneVec2D_0_0/multiplier/responseVec_fusionMultiplier_1/request_pipeResponse_pipe_b_data[62]_i_3__0_n_0
    SLICE_X39Y187        LUT5 (Prop_B6LUT_SLICEL_I4_O)
                                                      0.083    17.984 r  system_top_i/t1_top/inst/u_t1/laneVec2D_0_0/multiplier/responseVec_fusionMultiplier_1/request_pipeResponse_pipe_b_data[63]_i_35/O
                         net (fo=1, routed)           0.123    18.107    system_top_i/t1_top/inst/u_t1/laneVec2D_0_0/multiplier/responseVec_fusionMultiplier_1/request_pipeResponse_pipe_b_data[63]_i_35_n_0
    SLICE_X39Y187        LUT6 (Prop_H6LUT_SLICEL_I5_O)
                                                      0.227    18.334 f  system_top_i/t1_top/inst/u_t1/laneVec2D_0_0/multiplier/responseVec_fusionMultiplier_1/request_pipeResponse_pipe_b_data[63]_i_19/O
                         net (fo=3, routed)           0.294    18.628    system_top_i/t1_top/inst/u_t1/laneVec2D_0_0/multiplier/responseVec_fusionMultiplier_1/request_pipeResponse_pipe_b_data[63]_i_19_n_0
    SLICE_X40Y183        LUT6 (Prop_B6LUT_SLICEM_I5_O)
                                                      0.082    18.710 f  system_top_i/t1_top/inst/u_t1/laneVec2D_0_0/multiplier/responseVec_fusionMultiplier_1/request_pipeResponse_pipe_b_data[63]_i_10__0/O
                         net (fo=4, routed)           0.124    18.834    system_top_i/t1_top/inst/u_t1/laneVec2D_0_0/multiplier/responseVec_fusionMultiplier_1/request_pipeResponse_pipe_b_data[63]_i_10__0_n_0
    SLICE_X40Y183        LUT6 (Prop_G6LUT_SLICEM_I4_O)
                                                      0.137    18.971 f  system_top_i/t1_top/inst/u_t1/laneVec2D_0_0/multiplier/responseVec_fusionMultiplier_1/request_pipeResponse_pipe_b_data[63]_i_2__1/O
                         net (fo=9, routed)           0.113    19.084    system_top_i/t1_top/inst/u_t1/laneVec2D_0_0/multiplier/responseVec_fusionMultiplier_1/request_pipeResponse_pipe_b_data[63]_i_2__1_n_0
    SLICE_X40Y183        LUT6 (Prop_C6LUT_SLICEM_I5_O)
                                                      0.080    19.164 r  system_top_i/t1_top/inst/u_t1/laneVec2D_0_0/multiplier/responseVec_fusionMultiplier_1/request_pipeResponse_pipe_b_data[55]_i_5/O
                         net (fo=9, routed)           0.230    19.394    system_top_i/t1_top/inst/u_t1/laneVec2D_0_0/multiplier/responseVec_fusionMultiplier_1/request_pipeResponse_pipe_b_data[55]_i_5_n_0
    SLICE_X40Y184        LUT6 (Prop_F6LUT_SLICEM_I3_O)
                                                      0.056    19.450 r  system_top_i/t1_top/inst/u_t1/laneVec2D_0_0/multiplier/responseVec_fusionMultiplier_1/request_pipeResponse_pipe_b_data[54]_i_1__1/O
                         net (fo=7, routed)           0.388    19.838    system_top_i/t1_top/inst/u_t1/laneVec2D_0_0/multiplier/responseVec_fusionMultiplier_1_n_91
    SLICE_X38Y183        FDSE                                         r  system_top_i/t1_top/inst/u_t1/laneVec2D_0_0/multiplier/request_pipeResponse_pipe_b_data_reg[48]/S
  -------------------------------------------------------------------    -------------------

                         (clock clk_60M_system_top_clk_wiz_0_0 rise edge)
                                                     16.667    16.667 r  
    PS8_X0Y0             PS8                          0.000    16.667 r  system_top_i/zynq_ps/inst/PS8_i/PLCLK[0]
                         net (fo=1, routed)           0.181    16.848    system_top_i/zynq_ps/inst/pl_clk_unbuffered[0]
    BUFG_PS_X0Y72        BUFG_PS (Prop_BUFG_PS_I_O)
                                                      0.035    16.883 r  system_top_i/zynq_ps/inst/buffer_pl_clk_0.PL_CLK_0_BUFG/O
                         net (fo=1, routed)           1.929    18.812    system_top_i/clk_wiz_0/inst/clk_in1
    MMCM_X0Y2            MMCME4_ADV (Prop_MMCM_CLKIN1_CLKOUT3)
                                                      0.739    19.551 r  system_top_i/clk_wiz_0/inst/mmcme4_adv_inst/CLKOUT3
                         net (fo=1, routed)           0.318    19.869    system_top_i/clk_wiz_0/inst/clk_60M_system_top_clk_wiz_0_0
    BUFGCE_X0Y63         BUFGCE (Prop_BUFCE_BUFGCE_I_O)
                                                      0.039    19.908 r  system_top_i/clk_wiz_0/inst/clkout4_buf/O
    X1Y2 (CLOCK_ROOT)    net (fo=97834, routed)       1.649    21.556    system_top_i/t1_top/inst/u_t1/laneVec2D_0_0/multiplier/aclk
    SLICE_X38Y183        FDSE                                         r  system_top_i/t1_top/inst/u_t1/laneVec2D_0_0/multiplier/request_pipeResponse_pipe_b_data_reg[48]/C
                         clock pessimism             -0.449    21.107    
                         clock uncertainty           -0.074    21.034    
    SLICE_X38Y183        FDSE (Setup_DFF2_SLICEM_C_S)
                                                     -0.118    20.916    system_top_i/t1_top/inst/u_t1/laneVec2D_0_0/multiplier/request_pipeResponse_pipe_b_data_reg[48]
  -------------------------------------------------------------------
                         required time                         20.916    
                         arrival time                         -19.838    
  -------------------------------------------------------------------
                         slack                                  1.077    





Min Delay Paths
--------------------------------------------------------------------------------------
Slack (MET) :             0.011ns  (arrival time - required time)
  Source:                 system_top_i/t1_top/inst/u_t1/maskUnit2D_0/prefetchCacheChunks_3_reg[68]/C
                            (rising edge-triggered cell FDRE clocked by clk_60M_system_top_clk_wiz_0_0  {rise@0.000ns fall@8.333ns period=16.667ns})
  Destination:            system_top_i/t1_top/inst/u_t1/maskUnit2D_0/activeCacheChunks_3_reg[68]/D
                            (rising edge-triggered cell FDRE clocked by clk_60M_system_top_clk_wiz_0_0  {rise@0.000ns fall@8.333ns period=16.667ns})
  Path Group:             clk_60M_system_top_clk_wiz_0_0
  Path Type:              Hold (Min at Slow Process Corner)
  Requirement:            0.000ns  (clk_60M_system_top_clk_wiz_0_0 rise@0.000ns - clk_60M_system_top_clk_wiz_0_0 rise@0.000ns)
  Data Path Delay:        0.244ns  (logic 0.146ns (59.836%)  route 0.098ns (40.164%))
  Logic Levels:           1  (LUT6=1)
  Clock Path Skew:        0.132ns (DCD - SCD - CPR)
    Destination Clock Delay (DCD):    4.667ns
    Source Clock Delay      (SCD):    4.987ns
    Clock Pessimism Removal (CPR):    -0.453ns
  Clock Net Delay (Source):      1.746ns (routing 0.231ns, distribution 1.515ns)
  Clock Net Delay (Destination): 1.969ns (routing 0.246ns, distribution 1.723ns)

    Location             Delay type                Incr(ns)  Path(ns)    Netlist Resource(s)
  -------------------------------------------------------------------    -------------------
                         (clock clk_60M_system_top_clk_wiz_0_0 rise edge)
                                                      0.000     0.000 r  
    PS8_X0Y0             PS8                          0.000     0.000 r  system_top_i/zynq_ps/inst/PS8_i/PLCLK[0]
                         net (fo=1, routed)           0.181     0.181    system_top_i/zynq_ps/inst/pl_clk_unbuffered[0]
    BUFG_PS_X0Y72        BUFG_PS (Prop_BUFG_PS_I_O)
                                                      0.035     0.216 r  system_top_i/zynq_ps/inst/buffer_pl_clk_0.PL_CLK_0_BUFG/O
                         net (fo=1, routed)           1.929     2.145    system_top_i/clk_wiz_0/inst/clk_in1
    MMCM_X0Y2            MMCME4_ADV (Prop_MMCM_CLKIN1_CLKOUT3)
                                                      0.739     2.884 r  system_top_i/clk_wiz_0/inst/mmcme4_adv_inst/CLKOUT3
                         net (fo=1, routed)           0.318     3.202    system_top_i/clk_wiz_0/inst/clk_60M_system_top_clk_wiz_0_0
    BUFGCE_X0Y63         BUFGCE (Prop_BUFCE_BUFGCE_I_O)
                                                      0.039     3.241 r  system_top_i/clk_wiz_0/inst/clkout4_buf/O
    X1Y2 (CLOCK_ROOT)    net (fo=97834, routed)       1.746     4.987    system_top_i/t1_top/inst/u_t1/maskUnit2D_0/aclk
    SLICE_X60Y79         FDRE                                         r  system_top_i/t1_top/inst/u_t1/maskUnit2D_0/prefetchCacheChunks_3_reg[68]/C
  -------------------------------------------------------------------    -------------------
    SLICE_X60Y79         FDRE (Prop_HFF_SLICEL_C_Q)
                                                      0.112     5.099 r  system_top_i/t1_top/inst/u_t1/maskUnit2D_0/prefetchCacheChunks_3_reg[68]/Q
                         net (fo=1, routed)           0.066     5.165    system_top_i/t1_top/inst/u_t1/maskUnit2D_0/prefetchCacheChunks_3[68]
    SLICE_X59Y79         LUT6 (Prop_H6LUT_SLICEL_I0_O)
                                                      0.034     5.199 r  system_top_i/t1_top/inst/u_t1/maskUnit2D_0/activeCacheChunks_3[68]_i_1/O
                         net (fo=1, routed)           0.032     5.231    system_top_i/t1_top/inst/u_t1/maskUnit2D_0/activeCacheChunks_3[68]_i_1_n_0
    SLICE_X59Y79         FDRE                                         r  system_top_i/t1_top/inst/u_t1/maskUnit2D_0/activeCacheChunks_3_reg[68]/D
  -------------------------------------------------------------------    -------------------

                         (clock clk_60M_system_top_clk_wiz_0_0 rise edge)
                                                      0.000     0.000 r  
    PS8_X0Y0             PS8                          0.000     0.000 r  system_top_i/zynq_ps/inst/PS8_i/PLCLK[0]
                         net (fo=1, routed)           0.229     0.229    system_top_i/zynq_ps/inst/pl_clk_unbuffered[0]
    BUFG_PS_X0Y72        BUFG_PS (Prop_BUFG_PS_I_O)
                                                      0.038     0.267 r  system_top_i/zynq_ps/inst/buffer_pl_clk_0.PL_CLK_0_BUFG/O
                         net (fo=1, routed)           2.127     2.394    system_top_i/clk_wiz_0/inst/clk_in1
    MMCM_X0Y2            MMCME4_ADV (Prop_MMCM_CLKIN1_CLKOUT3)
                                                     -0.103     2.291 r  system_top_i/clk_wiz_0/inst/mmcme4_adv_inst/CLKOUT3
                         net (fo=1, routed)           0.363     2.654    system_top_i/clk_wiz_0/inst/clk_60M_system_top_clk_wiz_0_0
    BUFGCE_X0Y63         BUFGCE (Prop_BUFCE_BUFGCE_I_O)
                                                      0.044     2.698 r  system_top_i/clk_wiz_0/inst/clkout4_buf/O
    X1Y2 (CLOCK_ROOT)    net (fo=97834, routed)       1.969     4.667    system_top_i/t1_top/inst/u_t1/maskUnit2D_0/aclk
    SLICE_X59Y79         FDRE                                         r  system_top_i/t1_top/inst/u_t1/maskUnit2D_0/activeCacheChunks_3_reg[68]/C
                         clock pessimism              0.453     5.119    
    SLICE_X59Y79         FDRE (Hold_HFF_SLICEL_C_D)
                                                      0.101     5.220    system_top_i/t1_top/inst/u_t1/maskUnit2D_0/activeCacheChunks_3_reg[68]
  -------------------------------------------------------------------
                         required time                         -5.220    
                         arrival time                           5.231    
  -------------------------------------------------------------------
                         slack                                  0.011    





Pulse Width Checks
--------------------------------------------------------------------------------------
Clock Name:         clk_60M_system_top_clk_wiz_0_0
Waveform(ns):       { 0.000 8.333 }
Period(ns):         16.667
Sources:            { system_top_i/clk_wiz_0/inst/mmcme4_adv_inst/CLKOUT3 }

Check Type        Corner  Lib Pin          Reference Pin  Required(ns)  Actual(ns)  Slack(ns)  Location  Pin
Min Period        n/a     PS8/MAXIGP0ACLK  n/a            3.000         16.667      13.667     PS8_X0Y0  system_top_i/zynq_ps/inst/PS8_i/MAXIGP0ACLK
Low Pulse Width   Slow    PS8/MAXIGP0ACLK  n/a            1.500         8.333       6.833      PS8_X0Y0  system_top_i/zynq_ps/inst/PS8_i/MAXIGP0ACLK
High Pulse Width  Slow    PS8/MAXIGP0ACLK  n/a            1.500         8.333       6.833      PS8_X0Y0  system_top_i/zynq_ps/inst/PS8_i/MAXIGP0ACLK



---------------------------------------------------------------------------------------------------
From Clock:  mipi_phy_if_clk_p
  To Clock:  mipi_phy_if_clk_p

Setup :           NA  Failing Endpoints,  Worst Slack           NA  ,  Total Violation           NA
Hold  :           NA  Failing Endpoints,  Worst Slack           NA  ,  Total Violation           NA
PW    :            0  Failing Endpoints,  Worst Slack        0.827ns,  Total Violation        0.000ns
---------------------------------------------------------------------------------------------------


Pulse Width Checks
--------------------------------------------------------------------------------------
Clock Name:         mipi_phy_if_clk_p
Waveform(ns):       { 0.000 1.116 }
Period(ns):         2.232
Sources:            { mipi_phy_if_clk_p }

Check Type        Corner  Lib Pin                         Reference Pin  Required(ns)  Actual(ns)  Slack(ns)  Location               Pin
Min Period        n/a     RX_BITSLICE/RX_BIT_CTRL_IN[20]  n/a            0.643         2.232       1.589      BITSLICE_RX_TX_X0Y156  system_top_i/mipi_csi2_rx/inst/phy/inst/inst/bd_a98f_phy_0_rx_support_i/slave_rx.bd_a98f_phy_0_rx_hssio_i/inst/top_inst/bs_top_inst/u_rx_bs/RX_BS[0].rx_bitslice_if_bs/RX_BIT_CTRL_IN[20]
Low Pulse Width   Slow    RX_BITSLICE/RX_BIT_CTRL_IN[20]  n/a            0.289         1.116       0.827      BITSLICE_RX_TX_X0Y156  system_top_i/mipi_csi2_rx/inst/phy/inst/inst/bd_a98f_phy_0_rx_support_i/slave_rx.bd_a98f_phy_0_rx_hssio_i/inst/top_inst/bs_top_inst/u_rx_bs/RX_BS[0].rx_bitslice_if_bs/RX_BIT_CTRL_IN[20]
High Pulse Width  Slow    RX_BITSLICE/RX_BIT_CTRL_IN[20]  n/a            0.289         1.116       0.827      BITSLICE_RX_TX_X0Y156  system_top_i/mipi_csi2_rx/inst/phy/inst/inst/bd_a98f_phy_0_rx_support_i/slave_rx.bd_a98f_phy_0_rx_hssio_i/inst/top_inst/bs_top_inst/u_rx_bs/RX_BS[0].rx_bitslice_if_bs/RX_BIT_CTRL_IN[20]



---------------------------------------------------------------------------------------------------
From Clock:  mipi_phy_if_clk_p_FIFO_WRCLK_OUT
  To Clock:  mipi_phy_if_clk_p_FIFO_WRCLK_OUT

Setup :            0  Failing Endpoints,  Worst Slack        5.323ns,  Total Violation        0.000ns
Hold  :            0  Failing Endpoints,  Worst Slack        0.020ns,  Total Violation        0.000ns
PW    :            0  Failing Endpoints,  Worst Slack        3.702ns,  Total Violation        0.000ns
---------------------------------------------------------------------------------------------------


Max Delay Paths
--------------------------------------------------------------------------------------
Slack (MET) :             5.323ns  (required time - arrival time)
  Source:                 system_top_wrapper/system_top/system_top_mipi_csi2_rx_0/system_top_mipi_csi2_rx_0_bd_a98f/bd_a98f_rx_0/<hidden>/<hidden>
                            (rising edge-triggered cell FDRE clocked by mipi_phy_if_clk_p_FIFO_WRCLK_OUT  {rise@0.000ns fall@4.464ns period=8.928ns})
  Destination:            system_top_wrapper/system_top/system_top_mipi_csi2_rx_0/system_top_mipi_csi2_rx_0_bd_a98f/bd_a98f_rx_0/<hidden>/<hidden>/<hidden>/<hidden>/<hidden>/<hidden>
                            (rising edge-triggered cell RAMD32 clocked by mipi_phy_if_clk_p_FIFO_WRCLK_OUT  {rise@0.000ns fall@4.464ns period=8.928ns})
  Path Group:             mipi_phy_if_clk_p_FIFO_WRCLK_OUT
  Path Type:              Setup (Max at Slow Process Corner)
  Requirement:            8.928ns  (mipi_phy_if_clk_p_FIFO_WRCLK_OUT rise@8.928ns - mipi_phy_if_clk_p_FIFO_WRCLK_OUT rise@0.000ns)
  Data Path Delay:        3.160ns  (logic 0.336ns (10.634%)  route 2.824ns (89.366%))
  Logic Levels:           1  (LUT4=1)
  Clock Path Skew:        -0.144ns (DCD - SCD + CPR)
    Destination Clock Delay (DCD):    4.309ns = ( 13.237 - 8.928 ) 
    Source Clock Delay      (SCD):    5.712ns
    Clock Pessimism Removal (CPR):    1.259ns
  Clock Uncertainty:      0.035ns  ((TSJ^2 + TIJ^2)^1/2 + DJ) / 2 + PE
    Total System Jitter     (TSJ):    0.071ns
    Total Input Jitter      (TIJ):    0.000ns
    Discrete Jitter          (DJ):    0.000ns
    Phase Error              (PE):    0.000ns
  Clock Net Delay (Source):      2.781ns (routing 1.400ns, distribution 1.381ns)
  Clock Net Delay (Destination): 2.523ns (routing 1.286ns, distribution 1.237ns)

    Location             Delay type                Incr(ns)  Path(ns)    Netlist Resource(s)
  -------------------------------------------------------------------    -------------------
                         (clock mipi_phy_if_clk_p_FIFO_WRCLK_OUT rise edge)
                                                      0.000     0.000 r  
    G1                                                0.000     0.000 f  mipi_phy_if_clk_p (IN)
                         net (fo=0)                   0.100     0.100    system_top_i/mipi_csi2_rx/inst/phy/inst/inst/bd_a98f_phy_0_rx_support_i/slave_rx.bd_a98f_phy_0_rx_hssio_i/inst/top_inst/iobuf_top_inst/io_gen[0].ibufds_dphy/I
    HPIOBDIFFINBUF_X0Y72 DPHY_DIFFINBUF (Prop_DPHY_DIFFINBUF_HPIOBDIFFINBUF_I_HSRX_O)
                                                      0.386     0.486 f  system_top_i/mipi_csi2_rx/inst/phy/inst/inst/bd_a98f_phy_0_rx_support_i/slave_rx.bd_a98f_phy_0_rx_hssio_i/inst/top_inst/iobuf_top_inst/io_gen[0].ibufds_dphy/DIFFINBUF_INST/HSRX_O
                         net (fo=1, routed)           0.050     0.536    system_top_i/mipi_csi2_rx/inst/phy/inst/inst/bd_a98f_phy_0_rx_support_i/slave_rx.bd_a98f_phy_0_rx_hssio_i/inst/top_inst/iobuf_top_inst/io_gen[0].ibufds_dphy/OUT
    G1                   IBUFCTRL (Prop_IBUFCTRL_HPIOB_M_I_O)
                                                      0.000     0.536 f  system_top_i/mipi_csi2_rx/inst/phy/inst/inst/bd_a98f_phy_0_rx_support_i/slave_rx.bd_a98f_phy_0_rx_hssio_i/inst/top_inst/iobuf_top_inst/io_gen[0].ibufds_dphy/IBUFCTRL_INST/O
                         net (fo=1, routed)           0.003     0.539    system_top_i/mipi_csi2_rx/inst/phy/inst/inst/bd_a98f_phy_0_rx_support_i/slave_rx.bd_a98f_phy_0_rx_hssio_i/inst/top_inst/bs_top_inst/u_rx_bs/data_to_bs_out[0]
    BITSLICE_RX_TX_X0Y156
                         RX_BITSLICE (Prop_RX_BITSLICE_BITSLICE_RXTX_RX_DATAIN_RX_BIT_CTRL_OUT[9])
                                                      0.050     0.589 r  system_top_i/mipi_csi2_rx/inst/phy/inst/inst/bd_a98f_phy_0_rx_support_i/slave_rx.bd_a98f_phy_0_rx_hssio_i/inst/top_inst/bs_top_inst/u_rx_bs/RX_BS[0].rx_bitslice_if_bs/RX_BIT_CTRL_OUT[9]
                         net (fo=1, routed)           0.006     0.595    system_top_i/mipi_csi2_rx/inst/phy/inst/inst/bd_a98f_phy_0_rx_support_i/slave_rx.bd_a98f_phy_0_rx_hssio_i/inst/top_inst/bs_ctrl_top_inst/rx_bs0_rx_bit_ctrl_out[9]
    BITSLICE_CONTROL_X0Y24
                         BITSLICE_CONTROL (Prop_CONTROL_BITSLICE_CONTROL_RX_BIT_CTRL_IN0[9]_RX_BIT_CTRL_OUT0[20])
                                                      0.705     1.300 r  system_top_i/mipi_csi2_rx/inst/phy/inst/inst/bd_a98f_phy_0_rx_support_i/slave_rx.bd_a98f_phy_0_rx_hssio_i/inst/top_inst/bs_ctrl_top_inst/BITSLICE_CTRL[0].bs_ctrl_inst/RX_BIT_CTRL_OUT0[20]
                         net (fo=1, routed)           0.013     1.313    system_top_i/mipi_csi2_rx/inst/phy/inst/inst/bd_a98f_phy_0_rx_support_i/slave_rx.bd_a98f_phy_0_rx_hssio_i/inst/top_inst/bs_top_inst/u_rx_bs/rx_bs0_rx_bit_ctrl_in[20]
    BITSLICE_RX_TX_X0Y156
                         RX_BITSLICE (Prop_RX_BITSLICE_BITSLICE_RXTX_RX_RX_BIT_CTRL_IN[20]_FIFO_WRCLK_OUT)
                                                      0.745     2.058 r  system_top_i/mipi_csi2_rx/inst/phy/inst/inst/bd_a98f_phy_0_rx_support_i/slave_rx.bd_a98f_phy_0_rx_hssio_i/inst/top_inst/bs_top_inst/u_rx_bs/RX_BS[0].rx_bitslice_if_bs/FIFO_WRCLK_OUT
                         net (fo=1, routed)           0.829     2.887    system_top_i/mipi_csi2_rx/inst/phy/inst/inst/bd_a98f_phy_0_rx_support_i/div4_clk_t
    BUFGCE_X0Y94         BUFGCE (Prop_BUFCE_BUFGCE_I_O)
                                                      0.044     2.931 r  system_top_i/mipi_csi2_rx/inst/phy/inst/inst/bd_a98f_phy_0_rx_support_i/slave_rx.rxbyteclkhs_buf/O
    X0Y1 (CLOCK_ROOT)    net (fo=801, routed)         2.781     5.712    system_top_wrapper/system_top/system_top_mipi_csi2_rx_0/system_top_mipi_csi2_rx_0_bd_a98f/bd_a98f_rx_0/<hidden>/<hidden>
    SLICE_X13Y155        FDRE                                         r  system_top_wrapper/system_top/system_top_mipi_csi2_rx_0/system_top_mipi_csi2_rx_0_bd_a98f/bd_a98f_rx_0/<hidden>/<hidden>
  -------------------------------------------------------------------    -------------------
    SLICE_X13Y155        FDRE (Prop_EFF_SLICEM_C_Q)
                                                      0.113     5.825 r  system_top_wrapper/system_top/system_top_mipi_csi2_rx_0/system_top_mipi_csi2_rx_0_bd_a98f/bd_a98f_rx_0/<hidden>/<hidden>
                         net (fo=6, routed)           1.568     7.392    system_top_wrapper/system_top/system_top_mipi_csi2_rx_0/system_top_mipi_csi2_rx_0_bd_a98f/bd_a98f_rx_0/<hidden>/<hidden>/<hidden>/<hidden>/<hidden>
    SLICE_X21Y116        LUT4 (Prop_E6LUT_SLICEM_I0_O)
                                                      0.223     7.615 r  system_top_wrapper/system_top/system_top_mipi_csi2_rx_0/system_top_mipi_csi2_rx_0_bd_a98f/bd_a98f_rx_0/<hidden>/<hidden>/<hidden>/<hidden>/<hidden>
                         net (fo=66, routed)          1.256     8.871    system_top_wrapper/system_top/system_top_mipi_csi2_rx_0/system_top_mipi_csi2_rx_0_bd_a98f/bd_a98f_rx_0/<hidden>/<hidden>/<hidden>/<hidden>/<hidden>/<hidden>
    SLICE_X13Y49         RAMD32                                       r  system_top_wrapper/system_top/system_top_mipi_csi2_rx_0/system_top_mipi_csi2_rx_0_bd_a98f/bd_a98f_rx_0/<hidden>/<hidden>/<hidden>/<hidden>/<hidden>/<hidden>
  -------------------------------------------------------------------    -------------------

                         (clock mipi_phy_if_clk_p_FIFO_WRCLK_OUT rise edge)
                                                      8.928     8.928 f  
    G1                                                0.000     8.928 f  mipi_phy_if_clk_p (IN)
                         net (fo=0)                   0.079     9.007    system_top_i/mipi_csi2_rx/inst/phy/inst/inst/bd_a98f_phy_0_rx_support_i/slave_rx.bd_a98f_phy_0_rx_hssio_i/inst/top_inst/iobuf_top_inst/io_gen[0].ibufds_dphy/I
    HPIOBDIFFINBUF_X0Y72 DPHY_DIFFINBUF (Prop_DPHY_DIFFINBUF_HPIOBDIFFINBUF_I_HSRX_O)
                                                      0.305     9.312 f  system_top_i/mipi_csi2_rx/inst/phy/inst/inst/bd_a98f_phy_0_rx_support_i/slave_rx.bd_a98f_phy_0_rx_hssio_i/inst/top_inst/iobuf_top_inst/io_gen[0].ibufds_dphy/DIFFINBUF_INST/HSRX_O
                         net (fo=1, routed)           0.040     9.352    system_top_i/mipi_csi2_rx/inst/phy/inst/inst/bd_a98f_phy_0_rx_support_i/slave_rx.bd_a98f_phy_0_rx_hssio_i/inst/top_inst/iobuf_top_inst/io_gen[0].ibufds_dphy/OUT
    G1                   IBUFCTRL (Prop_IBUFCTRL_HPIOB_M_I_O)
                                                      0.000     9.352 f  system_top_i/mipi_csi2_rx/inst/phy/inst/inst/bd_a98f_phy_0_rx_support_i/slave_rx.bd_a98f_phy_0_rx_hssio_i/inst/top_inst/iobuf_top_inst/io_gen[0].ibufds_dphy/IBUFCTRL_INST/O
                         net (fo=1, routed)           0.000     9.352    system_top_i/mipi_csi2_rx/inst/phy/inst/inst/bd_a98f_phy_0_rx_support_i/slave_rx.bd_a98f_phy_0_rx_hssio_i/inst/top_inst/bs_top_inst/u_rx_bs/data_to_bs_out[0]
    BITSLICE_RX_TX_X0Y156
                         RX_BITSLICE (Prop_RX_BITSLICE_BITSLICE_RXTX_RX_DATAIN_RX_BIT_CTRL_OUT[9])
                                                      0.025     9.377 r  system_top_i/mipi_csi2_rx/inst/phy/inst/inst/bd_a98f_phy_0_rx_support_i/slave_rx.bd_a98f_phy_0_rx_hssio_i/inst/top_inst/bs_top_inst/u_rx_bs/RX_BS[0].rx_bitslice_if_bs/RX_BIT_CTRL_OUT[9]
                         net (fo=1, routed)           0.003     9.380    system_top_i/mipi_csi2_rx/inst/phy/inst/inst/bd_a98f_phy_0_rx_support_i/slave_rx.bd_a98f_phy_0_rx_hssio_i/inst/top_inst/bs_ctrl_top_inst/rx_bs0_rx_bit_ctrl_out[9]
    BITSLICE_CONTROL_X0Y24
                         BITSLICE_CONTROL (Prop_CONTROL_BITSLICE_CONTROL_RX_BIT_CTRL_IN0[9]_RX_BIT_CTRL_OUT0[20])
                                                      0.254     9.634 r  system_top_i/mipi_csi2_rx/inst/phy/inst/inst/bd_a98f_phy_0_rx_support_i/slave_rx.bd_a98f_phy_0_rx_hssio_i/inst/top_inst/bs_ctrl_top_inst/BITSLICE_CTRL[0].bs_ctrl_inst/RX_BIT_CTRL_OUT0[20]
                         net (fo=1, routed)           0.006     9.640    system_top_i/mipi_csi2_rx/inst/phy/inst/inst/bd_a98f_phy_0_rx_support_i/slave_rx.bd_a98f_phy_0_rx_hssio_i/inst/top_inst/bs_top_inst/u_rx_bs/rx_bs0_rx_bit_ctrl_in[20]
    BITSLICE_RX_TX_X0Y156
                         RX_BITSLICE (Prop_RX_BITSLICE_BITSLICE_RXTX_RX_RX_BIT_CTRL_IN[20]_FIFO_WRCLK_OUT)
                                                      0.382    10.022 r  system_top_i/mipi_csi2_rx/inst/phy/inst/inst/bd_a98f_phy_0_rx_support_i/slave_rx.bd_a98f_phy_0_rx_hssio_i/inst/top_inst/bs_top_inst/u_rx_bs/RX_BS[0].rx_bitslice_if_bs/FIFO_WRCLK_OUT
                         net (fo=1, routed)           0.653    10.675    system_top_i/mipi_csi2_rx/inst/phy/inst/inst/bd_a98f_phy_0_rx_support_i/div4_clk_t
    BUFGCE_X0Y94         BUFGCE (Prop_BUFCE_BUFGCE_I_O)
                                                      0.039    10.714 r  system_top_i/mipi_csi2_rx/inst/phy/inst/inst/bd_a98f_phy_0_rx_support_i/slave_rx.rxbyteclkhs_buf/O
    X0Y1 (CLOCK_ROOT)    net (fo=801, routed)         2.523    13.237    system_top_wrapper/system_top/system_top_mipi_csi2_rx_0/system_top_mipi_csi2_rx_0_bd_a98f/bd_a98f_rx_0/<hidden>/<hidden>/<hidden>/<hidden>/<hidden>/<hidden>
    SLICE_X13Y49         RAMD32                                       r  system_top_wrapper/system_top/system_top_mipi_csi2_rx_0/system_top_mipi_csi2_rx_0_bd_a98f/bd_a98f_rx_0/<hidden>/<hidden>/<hidden>/<hidden>/<hidden>/<hidden>
                         clock pessimism              1.259    14.496    
                         clock uncertainty           -0.035    14.461    
    SLICE_X13Y49         RAMD32 (Setup_A5LUT_SLICEM_CLK_WE)
                                                     -0.266    14.195    system_top_wrapper/system_top/system_top_mipi_csi2_rx_0/system_top_mipi_csi2_rx_0_bd_a98f/bd_a98f_rx_0/<hidden>/<hidden>/<hidden>/<hidden>/<hidden>/<hidden>
  -------------------------------------------------------------------
                         required time                         14.195    
                         arrival time                          -8.871    
  -------------------------------------------------------------------
                         slack                                  5.323    





Min Delay Paths
--------------------------------------------------------------------------------------
Slack (MET) :             0.020ns  (arrival time - required time)
  Source:                 system_top_wrapper/system_top/system_top_mipi_csi2_rx_0/system_top_mipi_csi2_rx_0_bd_a98f/bd_a98f_rx_0/<hidden>/<hidden>/<hidden>/<hidden>/<hidden>
                            (rising edge-triggered cell FDRE clocked by mipi_phy_if_clk_p_FIFO_WRCLK_OUT  {rise@0.000ns fall@4.464ns period=8.928ns})
  Destination:            system_top_wrapper/system_top/system_top_mipi_csi2_rx_0/system_top_mipi_csi2_rx_0_bd_a98f/bd_a98f_rx_0/<hidden>/<hidden>/<hidden>/<hidden>/<hidden>
                            (rising edge-triggered cell FDRE clocked by mipi_phy_if_clk_p_FIFO_WRCLK_OUT  {rise@0.000ns fall@4.464ns period=8.928ns})
  Path Group:             mipi_phy_if_clk_p_FIFO_WRCLK_OUT
  Path Type:              Hold (Min at Slow Process Corner)
  Requirement:            0.000ns  (mipi_phy_if_clk_p_FIFO_WRCLK_OUT rise@0.000ns - mipi_phy_if_clk_p_FIFO_WRCLK_OUT rise@0.000ns)
  Data Path Delay:        0.212ns  (logic 0.115ns (54.245%)  route 0.097ns (45.755%))
  Logic Levels:           0  
  Clock Path Skew:        0.089ns (DCD - SCD - CPR)
    Destination Clock Delay (DCD):    5.733ns
    Source Clock Delay      (SCD):    4.337ns
    Clock Pessimism Removal (CPR):    1.307ns
  Clock Net Delay (Source):      2.551ns (routing 1.286ns, distribution 1.265ns)
  Clock Net Delay (Destination): 2.802ns (routing 1.400ns, distribution 1.402ns)

    Location             Delay type                Incr(ns)  Path(ns)    Netlist Resource(s)
  -------------------------------------------------------------------    -------------------
                         (clock mipi_phy_if_clk_p_FIFO_WRCLK_OUT rise edge)
                                                      0.000     0.000 r  
    G1                                                0.000     0.000 f  mipi_phy_if_clk_p (IN)
                         net (fo=0)                   0.079     0.079    system_top_i/mipi_csi2_rx/inst/phy/inst/inst/bd_a98f_phy_0_rx_support_i/slave_rx.bd_a98f_phy_0_rx_hssio_i/inst/top_inst/iobuf_top_inst/io_gen[0].ibufds_dphy/I
    HPIOBDIFFINBUF_X0Y72 DPHY_DIFFINBUF (Prop_DPHY_DIFFINBUF_HPIOBDIFFINBUF_I_HSRX_O)
                                                      0.305     0.384 f  system_top_i/mipi_csi2_rx/inst/phy/inst/inst/bd_a98f_phy_0_rx_support_i/slave_rx.bd_a98f_phy_0_rx_hssio_i/inst/top_inst/iobuf_top_inst/io_gen[0].ibufds_dphy/DIFFINBUF_INST/HSRX_O
                         net (fo=1, routed)           0.040     0.424    system_top_i/mipi_csi2_rx/inst/phy/inst/inst/bd_a98f_phy_0_rx_support_i/slave_rx.bd_a98f_phy_0_rx_hssio_i/inst/top_inst/iobuf_top_inst/io_gen[0].ibufds_dphy/OUT
    G1                   IBUFCTRL (Prop_IBUFCTRL_HPIOB_M_I_O)
                                                      0.000     0.424 f  system_top_i/mipi_csi2_rx/inst/phy/inst/inst/bd_a98f_phy_0_rx_support_i/slave_rx.bd_a98f_phy_0_rx_hssio_i/inst/top_inst/iobuf_top_inst/io_gen[0].ibufds_dphy/IBUFCTRL_INST/O
                         net (fo=1, routed)           0.000     0.424    system_top_i/mipi_csi2_rx/inst/phy/inst/inst/bd_a98f_phy_0_rx_support_i/slave_rx.bd_a98f_phy_0_rx_hssio_i/inst/top_inst/bs_top_inst/u_rx_bs/data_to_bs_out[0]
    BITSLICE_RX_TX_X0Y156
                         RX_BITSLICE (Prop_RX_BITSLICE_BITSLICE_RXTX_RX_DATAIN_RX_BIT_CTRL_OUT[9])
                                                      0.025     0.449 r  system_top_i/mipi_csi2_rx/inst/phy/inst/inst/bd_a98f_phy_0_rx_support_i/slave_rx.bd_a98f_phy_0_rx_hssio_i/inst/top_inst/bs_top_inst/u_rx_bs/RX_BS[0].rx_bitslice_if_bs/RX_BIT_CTRL_OUT[9]
                         net (fo=1, routed)           0.003     0.452    system_top_i/mipi_csi2_rx/inst/phy/inst/inst/bd_a98f_phy_0_rx_support_i/slave_rx.bd_a98f_phy_0_rx_hssio_i/inst/top_inst/bs_ctrl_top_inst/rx_bs0_rx_bit_ctrl_out[9]
    BITSLICE_CONTROL_X0Y24
                         BITSLICE_CONTROL (Prop_CONTROL_BITSLICE_CONTROL_RX_BIT_CTRL_IN0[9]_RX_BIT_CTRL_OUT0[20])
                                                      0.254     0.706 r  system_top_i/mipi_csi2_rx/inst/phy/inst/inst/bd_a98f_phy_0_rx_support_i/slave_rx.bd_a98f_phy_0_rx_hssio_i/inst/top_inst/bs_ctrl_top_inst/BITSLICE_CTRL[0].bs_ctrl_inst/RX_BIT_CTRL_OUT0[20]
                         net (fo=1, routed)           0.006     0.712    system_top_i/mipi_csi2_rx/inst/phy/inst/inst/bd_a98f_phy_0_rx_support_i/slave_rx.bd_a98f_phy_0_rx_hssio_i/inst/top_inst/bs_top_inst/u_rx_bs/rx_bs0_rx_bit_ctrl_in[20]
    BITSLICE_RX_TX_X0Y156
                         RX_BITSLICE (Prop_RX_BITSLICE_BITSLICE_RXTX_RX_RX_BIT_CTRL_IN[20]_FIFO_WRCLK_OUT)
                                                      0.382     1.094 r  system_top_i/mipi_csi2_rx/inst/phy/inst/inst/bd_a98f_phy_0_rx_support_i/slave_rx.bd_a98f_phy_0_rx_hssio_i/inst/top_inst/bs_top_inst/u_rx_bs/RX_BS[0].rx_bitslice_if_bs/FIFO_WRCLK_OUT
                         net (fo=1, routed)           0.653     1.747    system_top_i/mipi_csi2_rx/inst/phy/inst/inst/bd_a98f_phy_0_rx_support_i/div4_clk_t
    BUFGCE_X0Y94         BUFGCE (Prop_BUFCE_BUFGCE_I_O)
                                                      0.039     1.786 r  system_top_i/mipi_csi2_rx/inst/phy/inst/inst/bd_a98f_phy_0_rx_support_i/slave_rx.rxbyteclkhs_buf/O
    X0Y1 (CLOCK_ROOT)    net (fo=801, routed)         2.551     4.337    system_top_wrapper/system_top/system_top_mipi_csi2_rx_0/system_top_mipi_csi2_rx_0_bd_a98f/bd_a98f_rx_0/<hidden>/<hidden>/<hidden>/<hidden>/<hidden>
    SLICE_X12Y197        FDRE                                         r  system_top_wrapper/system_top/system_top_mipi_csi2_rx_0/system_top_mipi_csi2_rx_0_bd_a98f/bd_a98f_rx_0/<hidden>/<hidden>/<hidden>/<hidden>/<hidden>
  -------------------------------------------------------------------    -------------------
    SLICE_X12Y197        FDRE (Prop_FFF2_SLICEM_C_Q)
                                                      0.115     4.452 r  system_top_wrapper/system_top/system_top_mipi_csi2_rx_0/system_top_mipi_csi2_rx_0_bd_a98f/bd_a98f_rx_0/<hidden>/<hidden>/<hidden>/<hidden>/<hidden>
                         net (fo=1, routed)           0.097     4.549    system_top_wrapper/system_top/system_top_mipi_csi2_rx_0/system_top_mipi_csi2_rx_0_bd_a98f/bd_a98f_rx_0/<hidden>/<hidden>/<hidden>/<hidden>/<hidden>
    SLICE_X11Y196        FDRE                                         r  system_top_wrapper/system_top/system_top_mipi_csi2_rx_0/system_top_mipi_csi2_rx_0_bd_a98f/bd_a98f_rx_0/<hidden>/<hidden>/<hidden>/<hidden>/<hidden>
  -------------------------------------------------------------------    -------------------

                         (clock mipi_phy_if_clk_p_FIFO_WRCLK_OUT rise edge)
                                                      0.000     0.000 f  
    G1                                                0.000     0.000 f  mipi_phy_if_clk_p (IN)
                         net (fo=0)                   0.100     0.100    system_top_i/mipi_csi2_rx/inst/phy/inst/inst/bd_a98f_phy_0_rx_support_i/slave_rx.bd_a98f_phy_0_rx_hssio_i/inst/top_inst/iobuf_top_inst/io_gen[0].ibufds_dphy/I
    HPIOBDIFFINBUF_X0Y72 DPHY_DIFFINBUF (Prop_DPHY_DIFFINBUF_HPIOBDIFFINBUF_I_HSRX_O)
                                                      0.386     0.486 f  system_top_i/mipi_csi2_rx/inst/phy/inst/inst/bd_a98f_phy_0_rx_support_i/slave_rx.bd_a98f_phy_0_rx_hssio_i/inst/top_inst/iobuf_top_inst/io_gen[0].ibufds_dphy/DIFFINBUF_INST/HSRX_O
                         net (fo=1, routed)           0.050     0.536    system_top_i/mipi_csi2_rx/inst/phy/inst/inst/bd_a98f_phy_0_rx_support_i/slave_rx.bd_a98f_phy_0_rx_hssio_i/inst/top_inst/iobuf_top_inst/io_gen[0].ibufds_dphy/OUT
    G1                   IBUFCTRL (Prop_IBUFCTRL_HPIOB_M_I_O)
                                                      0.000     0.536 f  system_top_i/mipi_csi2_rx/inst/phy/inst/inst/bd_a98f_phy_0_rx_support_i/slave_rx.bd_a98f_phy_0_rx_hssio_i/inst/top_inst/iobuf_top_inst/io_gen[0].ibufds_dphy/IBUFCTRL_INST/O
                         net (fo=1, routed)           0.003     0.539    system_top_i/mipi_csi2_rx/inst/phy/inst/inst/bd_a98f_phy_0_rx_support_i/slave_rx.bd_a98f_phy_0_rx_hssio_i/inst/top_inst/bs_top_inst/u_rx_bs/data_to_bs_out[0]
    BITSLICE_RX_TX_X0Y156
                         RX_BITSLICE (Prop_RX_BITSLICE_BITSLICE_RXTX_RX_DATAIN_RX_BIT_CTRL_OUT[9])
                                                      0.050     0.589 r  system_top_i/mipi_csi2_rx/inst/phy/inst/inst/bd_a98f_phy_0_rx_support_i/slave_rx.bd_a98f_phy_0_rx_hssio_i/inst/top_inst/bs_top_inst/u_rx_bs/RX_BS[0].rx_bitslice_if_bs/RX_BIT_CTRL_OUT[9]
                         net (fo=1, routed)           0.006     0.595    system_top_i/mipi_csi2_rx/inst/phy/inst/inst/bd_a98f_phy_0_rx_support_i/slave_rx.bd_a98f_phy_0_rx_hssio_i/inst/top_inst/bs_ctrl_top_inst/rx_bs0_rx_bit_ctrl_out[9]
    BITSLICE_CONTROL_X0Y24
                         BITSLICE_CONTROL (Prop_CONTROL_BITSLICE_CONTROL_RX_BIT_CTRL_IN0[9]_RX_BIT_CTRL_OUT0[20])
                                                      0.705     1.300 r  system_top_i/mipi_csi2_rx/inst/phy/inst/inst/bd_a98f_phy_0_rx_support_i/slave_rx.bd_a98f_phy_0_rx_hssio_i/inst/top_inst/bs_ctrl_top_inst/BITSLICE_CTRL[0].bs_ctrl_inst/RX_BIT_CTRL_OUT0[20]
                         net (fo=1, routed)           0.013     1.313    system_top_i/mipi_csi2_rx/inst/phy/inst/inst/bd_a98f_phy_0_rx_support_i/slave_rx.bd_a98f_phy_0_rx_hssio_i/inst/top_inst/bs_top_inst/u_rx_bs/rx_bs0_rx_bit_ctrl_in[20]
    BITSLICE_RX_TX_X0Y156
                         RX_BITSLICE (Prop_RX_BITSLICE_BITSLICE_RXTX_RX_RX_BIT_CTRL_IN[20]_FIFO_WRCLK_OUT)
                                                      0.745     2.058 r  system_top_i/mipi_csi2_rx/inst/phy/inst/inst/bd_a98f_phy_0_rx_support_i/slave_rx.bd_a98f_phy_0_rx_hssio_i/inst/top_inst/bs_top_inst/u_rx_bs/RX_BS[0].rx_bitslice_if_bs/FIFO_WRCLK_OUT
                         net (fo=1, routed)           0.829     2.887    system_top_i/mipi_csi2_rx/inst/phy/inst/inst/bd_a98f_phy_0_rx_support_i/div4_clk_t
    BUFGCE_X0Y94         BUFGCE (Prop_BUFCE_BUFGCE_I_O)
                                                      0.044     2.931 r  system_top_i/mipi_csi2_rx/inst/phy/inst/inst/bd_a98f_phy_0_rx_support_i/slave_rx.rxbyteclkhs_buf/O
    X0Y1 (CLOCK_ROOT)    net (fo=801, routed)         2.802     5.733    system_top_wrapper/system_top/system_top_mipi_csi2_rx_0/system_top_mipi_csi2_rx_0_bd_a98f/bd_a98f_rx_0/<hidden>/<hidden>/<hidden>/<hidden>/<hidden>
    SLICE_X11Y196        FDRE                                         r  system_top_wrapper/system_top/system_top_mipi_csi2_rx_0/system_top_mipi_csi2_rx_0_bd_a98f/bd_a98f_rx_0/<hidden>/<hidden>/<hidden>/<hidden>/<hidden>
                         clock pessimism             -1.307     4.426    
    SLICE_X11Y196        FDRE (Hold_HFF2_SLICEL_C_D)
                                                      0.103     4.529    system_top_wrapper/system_top/system_top_mipi_csi2_rx_0/system_top_mipi_csi2_rx_0_bd_a98f/bd_a98f_rx_0/<hidden>/<hidden>/<hidden>/<hidden>/<hidden>
  -------------------------------------------------------------------
                         required time                         -4.529    
                         arrival time                           4.549    
  -------------------------------------------------------------------
                         slack                                  0.020    





Pulse Width Checks
--------------------------------------------------------------------------------------
Clock Name:         mipi_phy_if_clk_p_FIFO_WRCLK_OUT
Waveform(ns):       { 0.000 4.464 }
Period(ns):         8.928
Sources:            { system_top_i/mipi_csi2_rx/inst/phy/inst/inst/bd_a98f_phy_0_rx_support_i/slave_rx.bd_a98f_phy_0_rx_hssio_i/inst/top_inst/bs_top_inst/u_rx_bs/RX_BS[0].rx_bitslice_if_bs/FIFO_WRCLK_OUT }

Check Type        Corner  Lib Pin                  Reference Pin  Required(ns)  Actual(ns)  Slack(ns)  Location               Pin
Min Period        n/a     RX_BITSLICE/FIFO_RD_CLK  n/a            1.694         8.928       7.234      BITSLICE_RX_TX_X0Y156  system_top_i/mipi_csi2_rx/inst/phy/inst/inst/bd_a98f_phy_0_rx_support_i/slave_rx.bd_a98f_phy_0_rx_hssio_i/inst/top_inst/bs_top_inst/u_rx_bs/RX_BS[0].rx_bitslice_if_bs/FIFO_RD_CLK
Low Pulse Width   Slow    RX_BITSLICE/FIFO_RD_CLK  n/a            0.762         4.464       3.702      BITSLICE_RX_TX_X0Y156  system_top_i/mipi_csi2_rx/inst/phy/inst/inst/bd_a98f_phy_0_rx_support_i/slave_rx.bd_a98f_phy_0_rx_hssio_i/inst/top_inst/bs_top_inst/u_rx_bs/RX_BS[0].rx_bitslice_if_bs/FIFO_RD_CLK
High Pulse Width  Slow    RX_BITSLICE/FIFO_RD_CLK  n/a            0.762         4.464       3.702      BITSLICE_RX_TX_X0Y156  system_top_i/mipi_csi2_rx/inst/phy/inst/inst/bd_a98f_phy_0_rx_support_i/slave_rx.bd_a98f_phy_0_rx_hssio_i/inst/top_inst/bs_top_inst/u_rx_bs/RX_BS[0].rx_bitslice_if_bs/FIFO_RD_CLK



---------------------------------------------------------------------------------------------------
From Clock:  clk_300M_system_top_clk_wiz_0_0
  To Clock:  clk_100M_system_top_clk_wiz_0_0

Setup :            0  Failing Endpoints,  Worst Slack        2.396ns,  Total Violation        0.000ns
Hold  :           NA  Failing Endpoints,  Worst Slack           NA  ,  Total Violation           NA
---------------------------------------------------------------------------------------------------


Max Delay Paths
--------------------------------------------------------------------------------------
Slack (MET) :             2.396ns  (required time - arrival time)
  Source:                 system_top_wrapper/system_top/system_top_mipi_csi2_rx_0/system_top_mipi_csi2_rx_0_bd_a98f/bd_a98f_rx_0/<hidden>/<hidden>/<hidden>/<hidden>/<hidden>/<hidden>/<hidden>
                            (rising edge-triggered cell RAMD32 clocked by clk_300M_system_top_clk_wiz_0_0  {rise@0.000ns fall@1.667ns period=3.333ns})
  Destination:            system_top_wrapper/system_top/system_top_mipi_csi2_rx_0/system_top_mipi_csi2_rx_0_bd_a98f/bd_a98f_rx_0/<hidden>/<hidden>/<hidden>/<hidden>/<hidden>/<hidden>
                            (rising edge-triggered cell FDRE clocked by clk_100M_system_top_clk_wiz_0_0  {rise@0.000ns fall@5.000ns period=10.000ns})
  Path Group:             clk_100M_system_top_clk_wiz_0_0
  Path Type:              Setup (Max at Slow Process Corner)
  Requirement:            3.333ns  (MaxDelay Path 3.333ns)
  Data Path Delay:        0.981ns  (logic 0.430ns (43.833%)  route 0.551ns (56.167%))
  Logic Levels:           0  
  Timing Exception:       MaxDelay Path 3.333ns -datapath_only

    Location             Delay type                Incr(ns)  Path(ns)    Netlist Resource(s)
  -------------------------------------------------------------------    -------------------
    SLICE_X12Y106                                     0.000     0.000 r  system_top_wrapper/system_top/system_top_mipi_csi2_rx_0/system_top_mipi_csi2_rx_0_bd_a98f/bd_a98f_rx_0/<hidden>/<hidden>/<hidden>/<hidden>/<hidden>/<hidden>/<hidden>
    SLICE_X12Y106        RAMD32 (Prop_B6LUT_SLICEM_CLK_O)
                                                      0.430     0.430 r  system_top_wrapper/system_top/system_top_mipi_csi2_rx_0/system_top_mipi_csi2_rx_0_bd_a98f/bd_a98f_rx_0/<hidden>/<hidden>/<hidden>/<hidden>/<hidden>/<hidden>/<hidden>
                         net (fo=1, routed)           0.551     0.981    system_top_wrapper/system_top/system_top_mipi_csi2_rx_0/system_top_mipi_csi2_rx_0_bd_a98f/bd_a98f_rx_0/<hidden>/<hidden>/<hidden>/<hidden>/<hidden>/<hidden>
    SLICE_X13Y114        FDRE                                         r  system_top_wrapper/system_top/system_top_mipi_csi2_rx_0/system_top_mipi_csi2_rx_0_bd_a98f/bd_a98f_rx_0/<hidden>/<hidden>/<hidden>/<hidden>/<hidden>/<hidden>
  -------------------------------------------------------------------    -------------------

                         max delay                    3.333     3.333    
    SLICE_X13Y114        FDRE (Setup_AFF_SLICEM_C_D)
                                                      0.044     3.377    system_top_wrapper/system_top/system_top_mipi_csi2_rx_0/system_top_mipi_csi2_rx_0_bd_a98f/bd_a98f_rx_0/<hidden>/<hidden>/<hidden>/<hidden>/<hidden>/<hidden>
  -------------------------------------------------------------------
                         required time                          3.377    
                         arrival time                          -0.981    
  -------------------------------------------------------------------
                         slack                                  2.396    





---------------------------------------------------------------------------------------------------
From Clock:  clk_100M_system_top_clk_wiz_0_0
  To Clock:  clk_300M_system_top_clk_wiz_0_0

Setup :            0  Failing Endpoints,  Worst Slack        1.937ns,  Total Violation        0.000ns
Hold  :           NA  Failing Endpoints,  Worst Slack           NA  ,  Total Violation           NA
---------------------------------------------------------------------------------------------------


Max Delay Paths
--------------------------------------------------------------------------------------
Slack (MET) :             1.937ns  (required time - arrival time)
  Source:                 system_top_i/smartconnect_lpd/inst/m01_nodes/m01_ar_node/inst/inst_mi_handler/gen_normal_area.inst_fifo_node_payld/gen_reg_fifo_async.inst_reg_fifo_async/gen_xpm_cdc_handshake_array[0].inst_cdc_handshake/src_hsdata_ff_reg[118]/C
                            (rising edge-triggered cell FDRE clocked by clk_100M_system_top_clk_wiz_0_0  {rise@0.000ns fall@5.000ns period=10.000ns})
  Destination:            system_top_i/smartconnect_lpd/inst/m01_nodes/m01_ar_node/inst/inst_mi_handler/gen_normal_area.inst_fifo_node_payld/gen_reg_fifo_async.inst_reg_fifo_async/gen_xpm_cdc_handshake_array[0].inst_cdc_handshake/dest_hsdata_ff_reg[118]/D
                            (rising edge-triggered cell FDRE clocked by clk_300M_system_top_clk_wiz_0_0  {rise@0.000ns fall@1.667ns period=3.333ns})
  Path Group:             clk_300M_system_top_clk_wiz_0_0
  Path Type:              Setup (Max at Slow Process Corner)
  Requirement:            3.333ns  (MaxDelay Path 3.333ns)
  Data Path Delay:        1.440ns  (logic 0.113ns (7.847%)  route 1.327ns (92.153%))
  Logic Levels:           0  
  Timing Exception:       MaxDelay Path 3.333ns -datapath_only

    Location             Delay type                Incr(ns)  Path(ns)    Netlist Resource(s)
  -------------------------------------------------------------------    -------------------
    SLICE_X16Y110                                     0.000     0.000 r  system_top_i/smartconnect_lpd/inst/m01_nodes/m01_ar_node/inst/inst_mi_handler/gen_normal_area.inst_fifo_node_payld/gen_reg_fifo_async.inst_reg_fifo_async/gen_xpm_cdc_handshake_array[0].inst_cdc_handshake/src_hsdata_ff_reg[118]/C
    SLICE_X16Y110        FDRE (Prop_FFF_SLICEL_C_Q)
                                                      0.113     0.113 r  system_top_i/smartconnect_lpd/inst/m01_nodes/m01_ar_node/inst/inst_mi_handler/gen_normal_area.inst_fifo_node_payld/gen_reg_fifo_async.inst_reg_fifo_async/gen_xpm_cdc_handshake_array[0].inst_cdc_handshake/src_hsdata_ff_reg[118]/Q
                         net (fo=1, routed)           1.327     1.440    system_top_i/smartconnect_lpd/inst/m01_nodes/m01_ar_node/inst/inst_mi_handler/gen_normal_area.inst_fifo_node_payld/gen_reg_fifo_async.inst_reg_fifo_async/gen_xpm_cdc_handshake_array[0].inst_cdc_handshake/src_hsdata_ff[118]
    SLICE_X29Y102        FDRE                                         r  system_top_i/smartconnect_lpd/inst/m01_nodes/m01_ar_node/inst/inst_mi_handler/gen_normal_area.inst_fifo_node_payld/gen_reg_fifo_async.inst_reg_fifo_async/gen_xpm_cdc_handshake_array[0].inst_cdc_handshake/dest_hsdata_ff_reg[118]/D
  -------------------------------------------------------------------    -------------------

                         max delay                    3.333     3.333    
    SLICE_X29Y102        FDRE (Setup_HFF_SLICEM_C_D)
                                                      0.044     3.377    system_top_i/smartconnect_lpd/inst/m01_nodes/m01_ar_node/inst/inst_mi_handler/gen_normal_area.inst_fifo_node_payld/gen_reg_fifo_async.inst_reg_fifo_async/gen_xpm_cdc_handshake_array[0].inst_cdc_handshake/dest_hsdata_ff_reg[118]
  -------------------------------------------------------------------
                         required time                          3.377    
                         arrival time                          -1.440    
  -------------------------------------------------------------------
                         slack                                  1.937    





---------------------------------------------------------------------------------------------------
Path Group:  **async_default**
From Clock:  clk_200M_system_top_clk_wiz_0_0
  To Clock:  clk_200M_system_top_clk_wiz_0_0

Setup :            0  Failing Endpoints,  Worst Slack        3.472ns,  Total Violation        0.000ns
Hold  :            0  Failing Endpoints,  Worst Slack        0.163ns,  Total Violation        0.000ns
---------------------------------------------------------------------------------------------------


Max Delay Paths
--------------------------------------------------------------------------------------
Slack (MET) :             3.472ns  (required time - arrival time)
  Source:                 system_top_wrapper/system_top/system_top_mipi_csi2_rx_0/system_top_mipi_csi2_rx_0_bd_a98f/bd_a98f_phy_0/bd_a98f_phy_0_core/bd_a98f_phy_0_c1/bd_a98f_phy_0_support/<hidden>
                            (rising edge-triggered cell FDRE clocked by clk_200M_system_top_clk_wiz_0_0  {rise@0.000ns fall@2.500ns period=5.000ns})
  Destination:            system_top_wrapper/system_top/system_top_mipi_csi2_rx_0/system_top_mipi_csi2_rx_0_bd_a98f/bd_a98f_phy_0/bd_a98f_phy_0_core/bd_a98f_phy_0_c1/bd_a98f_phy_0_support/<hidden>/<hidden>/<hidden>
                            (recovery check against rising-edge clock clk_200M_system_top_clk_wiz_0_0  {rise@0.000ns fall@2.500ns period=5.000ns})
  Path Group:             **async_default**
  Path Type:              Recovery (Max at Slow Process Corner)
  Requirement:            5.000ns  (clk_200M_system_top_clk_wiz_0_0 rise@5.000ns - clk_200M_system_top_clk_wiz_0_0 rise@0.000ns)
  Data Path Delay:        1.266ns  (logic 0.115ns (9.085%)  route 1.151ns (90.915%))
  Logic Levels:           0  
  Clock Path Skew:        -0.108ns (DCD - SCD + CPR)
    Destination Clock Delay (DCD):    4.705ns = ( 9.705 - 5.000 ) 
    Source Clock Delay      (SCD):    4.339ns
    Clock Pessimism Removal (CPR):    -0.474ns
  Clock Uncertainty:      0.062ns  ((TSJ^2 + DJ^2)^1/2) / 2 + PE
    Total System Jitter     (TSJ):    0.071ns
    Discrete Jitter          (DJ):    0.102ns
    Phase Error              (PE):    0.000ns
  Clock Net Delay (Source):      1.650ns (routing 0.246ns, distribution 1.404ns)
  Clock Net Delay (Destination): 1.471ns (routing 0.231ns, distribution 1.240ns)

    Location             Delay type                Incr(ns)  Path(ns)    Netlist Resource(s)
  -------------------------------------------------------------------    -------------------
                         (clock clk_200M_system_top_clk_wiz_0_0 rise edge)
                                                      0.000     0.000 r  
    PS8_X0Y0             PS8                          0.000     0.000 r  system_top_i/zynq_ps/inst/PS8_i/PLCLK[0]
                         net (fo=1, routed)           0.229     0.229    system_top_i/zynq_ps/inst/pl_clk_unbuffered[0]
    BUFG_PS_X0Y72        BUFG_PS (Prop_BUFG_PS_I_O)
                                                      0.038     0.267 r  system_top_i/zynq_ps/inst/buffer_pl_clk_0.PL_CLK_0_BUFG/O
                         net (fo=1, routed)           2.127     2.394    system_top_i/clk_wiz_0/inst/clk_in1
    MMCM_X0Y2            MMCME4_ADV (Prop_MMCM_CLKIN1_CLKOUT1)
                                                     -0.103     2.291 r  system_top_i/clk_wiz_0/inst/mmcme4_adv_inst/CLKOUT1
                         net (fo=1, routed)           0.354     2.645    system_top_i/clk_wiz_0/inst/clk_200M_system_top_clk_wiz_0_0
    BUFGCE_X0Y62         BUFGCE (Prop_BUFCE_BUFGCE_I_O)
                                                      0.044     2.689 r  system_top_i/clk_wiz_0/inst/clkout2_buf/O
    X1Y2 (CLOCK_ROOT)    net (fo=514, routed)         1.650     4.339    system_top_wrapper/system_top/system_top_mipi_csi2_rx_0/system_top_mipi_csi2_rx_0_bd_a98f/bd_a98f_phy_0/bd_a98f_phy_0_core/bd_a98f_phy_0_c1/bd_a98f_phy_0_support/<hidden>
    SLICE_X7Y236         FDRE                                         r  system_top_wrapper/system_top/system_top_mipi_csi2_rx_0/system_top_mipi_csi2_rx_0_bd_a98f/bd_a98f_phy_0/bd_a98f_phy_0_core/bd_a98f_phy_0_c1/bd_a98f_phy_0_support/<hidden>
  -------------------------------------------------------------------    -------------------
    SLICE_X7Y236         FDRE (Prop_BFF2_SLICEM_C_Q)
                                                      0.115     4.454 f  system_top_wrapper/system_top/system_top_mipi_csi2_rx_0/system_top_mipi_csi2_rx_0_bd_a98f/bd_a98f_phy_0/bd_a98f_phy_0_core/bd_a98f_phy_0_c1/bd_a98f_phy_0_support/<hidden>
                         net (fo=67, routed)          1.151     5.605    system_top_wrapper/system_top/system_top_mipi_csi2_rx_0/system_top_mipi_csi2_rx_0_bd_a98f/bd_a98f_phy_0/bd_a98f_phy_0_core/bd_a98f_phy_0_c1/bd_a98f_phy_0_support/<hidden>/<hidden>/<hidden>
    SLICE_X6Y236         FDCE                                         f  system_top_wrapper/system_top/system_top_mipi_csi2_rx_0/system_top_mipi_csi2_rx_0_bd_a98f/bd_a98f_phy_0/bd_a98f_phy_0_core/bd_a98f_phy_0_c1/bd_a98f_phy_0_support/<hidden>/<hidden>/<hidden>
  -------------------------------------------------------------------    -------------------

                         (clock clk_200M_system_top_clk_wiz_0_0 rise edge)
                                                      5.000     5.000 r  
    PS8_X0Y0             PS8                          0.000     5.000 r  system_top_i/zynq_ps/inst/PS8_i/PLCLK[0]
                         net (fo=1, routed)           0.181     5.181    system_top_i/zynq_ps/inst/pl_clk_unbuffered[0]
    BUFG_PS_X0Y72        BUFG_PS (Prop_BUFG_PS_I_O)
                                                      0.035     5.216 r  system_top_i/zynq_ps/inst/buffer_pl_clk_0.PL_CLK_0_BUFG/O
                         net (fo=1, routed)           1.929     7.145    system_top_i/clk_wiz_0/inst/clk_in1
    MMCM_X0Y2            MMCME4_ADV (Prop_MMCM_CLKIN1_CLKOUT1)
                                                      0.739     7.884 r  system_top_i/clk_wiz_0/inst/mmcme4_adv_inst/CLKOUT1
                         net (fo=1, routed)           0.311     8.195    system_top_i/clk_wiz_0/inst/clk_200M_system_top_clk_wiz_0_0
    BUFGCE_X0Y62         BUFGCE (Prop_BUFCE_BUFGCE_I_O)
                                                      0.039     8.234 r  system_top_i/clk_wiz_0/inst/clkout2_buf/O
    X1Y2 (CLOCK_ROOT)    net (fo=514, routed)         1.471     9.705    system_top_wrapper/system_top/system_top_mipi_csi2_rx_0/system_top_mipi_csi2_rx_0_bd_a98f/bd_a98f_phy_0/bd_a98f_phy_0_core/bd_a98f_phy_0_c1/bd_a98f_phy_0_support/<hidden>/<hidden>/<hidden>
    SLICE_X6Y236         FDCE                                         r  system_top_wrapper/system_top/system_top_mipi_csi2_rx_0/system_top_mipi_csi2_rx_0_bd_a98f/bd_a98f_phy_0/bd_a98f_phy_0_core/bd_a98f_phy_0_c1/bd_a98f_phy_0_support/<hidden>/<hidden>/<hidden>
                         clock pessimism             -0.474     9.231    
                         clock uncertainty           -0.062     9.169    
    SLICE_X6Y236         FDCE (Recov_CFF_SLICEL_C_CLR)
                                                     -0.093     9.076    system_top_wrapper/system_top/system_top_mipi_csi2_rx_0/system_top_mipi_csi2_rx_0_bd_a98f/bd_a98f_phy_0/bd_a98f_phy_0_core/bd_a98f_phy_0_c1/bd_a98f_phy_0_support/<hidden>/<hidden>/<hidden>
  -------------------------------------------------------------------
                         required time                          9.076    
                         arrival time                          -5.605    
  -------------------------------------------------------------------
                         slack                                  3.472    





Min Delay Paths
--------------------------------------------------------------------------------------
Slack (MET) :             0.163ns  (arrival time - required time)
  Source:                 system_top_wrapper/system_top/system_top_mipi_csi2_rx_0/system_top_mipi_csi2_rx_0_bd_a98f/bd_a98f_phy_0/bd_a98f_phy_0_core/bd_a98f_phy_0_c1/bd_a98f_phy_0_support/<hidden>/<hidden>/<hidden>
                            (rising edge-triggered cell FDRE clocked by clk_200M_system_top_clk_wiz_0_0  {rise@0.000ns fall@2.500ns period=5.000ns})
  Destination:            system_top_wrapper/system_top/system_top_mipi_csi2_rx_0/system_top_mipi_csi2_rx_0_bd_a98f/bd_a98f_phy_0/bd_a98f_phy_0_core/bd_a98f_phy_0_c1/bd_a98f_phy_0_support/<hidden>/<hidden>
                            (removal check against rising-edge clock clk_200M_system_top_clk_wiz_0_0  {rise@0.000ns fall@2.500ns period=5.000ns})
  Path Group:             **async_default**
  Path Type:              Removal (Min at Fast Process Corner)
  Requirement:            0.000ns  (clk_200M_system_top_clk_wiz_0_0 rise@0.000ns - clk_200M_system_top_clk_wiz_0_0 rise@0.000ns)
  Data Path Delay:        0.197ns  (logic 0.083ns (42.129%)  route 0.114ns (57.871%))
  Logic Levels:           0  
  Clock Path Skew:        0.052ns (DCD - SCD - CPR)
    Destination Clock Delay (DCD):    2.570ns
    Source Clock Delay      (SCD):    2.960ns
    Clock Pessimism Removal (CPR):    -0.441ns
  Clock Net Delay (Source):      0.877ns (routing 0.126ns, distribution 0.751ns)
  Clock Net Delay (Destination): 0.959ns (routing 0.133ns, distribution 0.826ns)

    Location             Delay type                Incr(ns)  Path(ns)    Netlist Resource(s)
  -------------------------------------------------------------------    -------------------
                         (clock clk_200M_system_top_clk_wiz_0_0 rise edge)
                                                      0.000     0.000 r  
    PS8_X0Y0             PS8                          0.000     0.000 r  system_top_i/zynq_ps/inst/PS8_i/PLCLK[0]
                         net (fo=1, routed)           0.129     0.129    system_top_i/zynq_ps/inst/pl_clk_unbuffered[0]
    BUFG_PS_X0Y72        BUFG_PS (Prop_BUFG_PS_I_O)
                                                      0.022     0.151 r  system_top_i/zynq_ps/inst/buffer_pl_clk_0.PL_CLK_0_BUFG/O
                         net (fo=1, routed)           1.161     1.312    system_top_i/clk_wiz_0/inst/clk_in1
    MMCM_X0Y2            MMCME4_ADV (Prop_MMCM_CLKIN1_CLKOUT1)
                                                      0.566     1.878 r  system_top_i/clk_wiz_0/inst/mmcme4_adv_inst/CLKOUT1
                         net (fo=1, routed)           0.182     2.060    system_top_i/clk_wiz_0/inst/clk_200M_system_top_clk_wiz_0_0
    BUFGCE_X0Y62         BUFGCE (Prop_BUFCE_BUFGCE_I_O)
                                                      0.023     2.083 r  system_top_i/clk_wiz_0/inst/clkout2_buf/O
    X1Y2 (CLOCK_ROOT)    net (fo=514, routed)         0.877     2.960    system_top_wrapper/system_top/system_top_mipi_csi2_rx_0/system_top_mipi_csi2_rx_0_bd_a98f/bd_a98f_phy_0/bd_a98f_phy_0_core/bd_a98f_phy_0_c1/bd_a98f_phy_0_support/<hidden>/<hidden>/<hidden>
    SLICE_X4Y230         FDRE                                         r  system_top_wrapper/system_top/system_top_mipi_csi2_rx_0/system_top_mipi_csi2_rx_0_bd_a98f/bd_a98f_phy_0/bd_a98f_phy_0_core/bd_a98f_phy_0_c1/bd_a98f_phy_0_support/<hidden>/<hidden>/<hidden>
  -------------------------------------------------------------------    -------------------
    SLICE_X4Y230         FDRE (Prop_CFF2_SLICEM_C_Q)
                                                      0.083     3.043 f  system_top_wrapper/system_top/system_top_mipi_csi2_rx_0/system_top_mipi_csi2_rx_0_bd_a98f/bd_a98f_phy_0/bd_a98f_phy_0_core/bd_a98f_phy_0_c1/bd_a98f_phy_0_support/<hidden>/<hidden>/<hidden>
                         net (fo=5, routed)           0.114     3.157    system_top_wrapper/system_top/system_top_mipi_csi2_rx_0/system_top_mipi_csi2_rx_0_bd_a98f/bd_a98f_phy_0/bd_a98f_phy_0_core/bd_a98f_phy_0_c1/bd_a98f_phy_0_support/<hidden>/<hidden>
    SLICE_X3Y231         FDCE                                         f  system_top_wrapper/system_top/system_top_mipi_csi2_rx_0/system_top_mipi_csi2_rx_0_bd_a98f/bd_a98f_phy_0/bd_a98f_phy_0_core/bd_a98f_phy_0_c1/bd_a98f_phy_0_support/<hidden>/<hidden>
  -------------------------------------------------------------------    -------------------

                         (clock clk_200M_system_top_clk_wiz_0_0 rise edge)
                                                      0.000     0.000 r  
    PS8_X0Y0             PS8                          0.000     0.000 r  system_top_i/zynq_ps/inst/PS8_i/PLCLK[0]
                         net (fo=1, routed)           0.164     0.164    system_top_i/zynq_ps/inst/pl_clk_unbuffered[0]
    BUFG_PS_X0Y72        BUFG_PS (Prop_BUFG_PS_I_O)
                                                      0.023     0.187 r  system_top_i/zynq_ps/inst/buffer_pl_clk_0.PL_CLK_0_BUFG/O
                         net (fo=1, routed)           1.271     1.458    system_top_i/clk_wiz_0/inst/clk_in1
    MMCM_X0Y2            MMCME4_ADV (Prop_MMCM_CLKIN1_CLKOUT1)
                                                     -0.079     1.379 r  system_top_i/clk_wiz_0/inst/mmcme4_adv_inst/CLKOUT1
                         net (fo=1, routed)           0.206     1.585    system_top_i/clk_wiz_0/inst/clk_200M_system_top_clk_wiz_0_0
    BUFGCE_X0Y62         BUFGCE (Prop_BUFCE_BUFGCE_I_O)
                                                      0.026     1.611 r  system_top_i/clk_wiz_0/inst/clkout2_buf/O
    X1Y2 (CLOCK_ROOT)    net (fo=514, routed)         0.959     2.570    system_top_wrapper/system_top/system_top_mipi_csi2_rx_0/system_top_mipi_csi2_rx_0_bd_a98f/bd_a98f_phy_0/bd_a98f_phy_0_core/bd_a98f_phy_0_c1/bd_a98f_phy_0_support/<hidden>/<hidden>
    SLICE_X3Y231         FDCE                                         r  system_top_wrapper/system_top/system_top_mipi_csi2_rx_0/system_top_mipi_csi2_rx_0_bd_a98f/bd_a98f_phy_0/bd_a98f_phy_0_core/bd_a98f_phy_0_c1/bd_a98f_phy_0_support/<hidden>/<hidden>
                         clock pessimism              0.441     3.012    
    SLICE_X3Y231         FDCE (Remov_HFF2_SLICEL_C_CLR)
                                                     -0.018     2.994    system_top_wrapper/system_top/system_top_mipi_csi2_rx_0/system_top_mipi_csi2_rx_0_bd_a98f/bd_a98f_phy_0/bd_a98f_phy_0_core/bd_a98f_phy_0_c1/bd_a98f_phy_0_support/<hidden>/<hidden>
  -------------------------------------------------------------------
                         required time                         -2.994    
                         arrival time                           3.157    
  -------------------------------------------------------------------
                         slack                                  0.163    





---------------------------------------------------------------------------------------------------
Path Group:  **async_default**
From Clock:  clk_300M_system_top_clk_wiz_0_0
  To Clock:  clk_300M_system_top_clk_wiz_0_0

Setup :            0  Failing Endpoints,  Worst Slack        1.408ns,  Total Violation        0.000ns
Hold  :            0  Failing Endpoints,  Worst Slack        0.424ns,  Total Violation        0.000ns
---------------------------------------------------------------------------------------------------


Max Delay Paths
--------------------------------------------------------------------------------------
Slack (MET) :             1.408ns  (required time - arrival time)
  Source:                 system_top_wrapper/system_top/system_top_mipi_csi2_rx_0/system_top_mipi_csi2_rx_0_bd_a98f/bd_a98f_rx_0/<hidden>
                            (rising edge-triggered cell FDRE clocked by clk_300M_system_top_clk_wiz_0_0  {rise@0.000ns fall@1.667ns period=3.333ns})
  Destination:            system_top_wrapper/system_top/system_top_mipi_csi2_rx_0/system_top_mipi_csi2_rx_0_bd_a98f/bd_a98f_rx_0/<hidden>/<hidden>/<hidden>
                            (recovery check against rising-edge clock clk_300M_system_top_clk_wiz_0_0  {rise@0.000ns fall@1.667ns period=3.333ns})
  Path Group:             **async_default**
  Path Type:              Recovery (Max at Slow Process Corner)
  Requirement:            3.333ns  (clk_300M_system_top_clk_wiz_0_0 rise@3.333ns - clk_300M_system_top_clk_wiz_0_0 rise@0.000ns)
  Data Path Delay:        1.850ns  (logic 0.114ns (6.161%)  route 1.736ns (93.839%))
  Logic Levels:           0  
  Clock Path Skew:        0.077ns (DCD - SCD + CPR)
    Destination Clock Delay (DCD):    4.934ns = ( 8.267 - 3.333 ) 
    Source Clock Delay      (SCD):    4.393ns
    Clock Pessimism Removal (CPR):    -0.464ns
  Clock Uncertainty:      0.059ns  ((TSJ^2 + DJ^2)^1/2) / 2 + PE
    Total System Jitter     (TSJ):    0.071ns
    Discrete Jitter          (DJ):    0.095ns
    Phase Error              (PE):    0.000ns
  Clock Net Delay (Source):      1.706ns (routing 0.246ns, distribution 1.460ns)
  Clock Net Delay (Destination): 1.701ns (routing 0.231ns, distribution 1.470ns)

    Location             Delay type                Incr(ns)  Path(ns)    Netlist Resource(s)
  -------------------------------------------------------------------    -------------------
                         (clock clk_300M_system_top_clk_wiz_0_0 rise edge)
                                                      0.000     0.000 r  
    PS8_X0Y0             PS8                          0.000     0.000 r  system_top_i/zynq_ps/inst/PS8_i/PLCLK[0]
                         net (fo=1, routed)           0.229     0.229    system_top_i/zynq_ps/inst/pl_clk_unbuffered[0]
    BUFG_PS_X0Y72        BUFG_PS (Prop_BUFG_PS_I_O)
                                                      0.038     0.267 r  system_top_i/zynq_ps/inst/buffer_pl_clk_0.PL_CLK_0_BUFG/O
                         net (fo=1, routed)           2.127     2.394    system_top_i/clk_wiz_0/inst/clk_in1
    MMCM_X0Y2            MMCME4_ADV (Prop_MMCM_CLKIN1_CLKOUT2)
                                                     -0.103     2.291 r  system_top_i/clk_wiz_0/inst/mmcme4_adv_inst/CLKOUT2
                         net (fo=1, routed)           0.352     2.643    system_top_i/clk_wiz_0/inst/clk_300M_system_top_clk_wiz_0_0
    BUFGCE_X0Y49         BUFGCE (Prop_BUFCE_BUFGCE_I_O)
                                                      0.044     2.687 r  system_top_i/clk_wiz_0/inst/clkout3_buf/O
    X1Y2 (CLOCK_ROOT)    net (fo=7162, routed)        1.706     4.393    system_top_wrapper/system_top/system_top_mipi_csi2_rx_0/system_top_mipi_csi2_rx_0_bd_a98f/bd_a98f_rx_0/<hidden>
    SLICE_X23Y29         FDRE                                         r  system_top_wrapper/system_top/system_top_mipi_csi2_rx_0/system_top_mipi_csi2_rx_0_bd_a98f/bd_a98f_rx_0/<hidden>
  -------------------------------------------------------------------    -------------------
    SLICE_X23Y29         FDRE (Prop_AFF_SLICEL_C_Q)
                                                      0.114     4.507 r  system_top_wrapper/system_top/system_top_mipi_csi2_rx_0/system_top_mipi_csi2_rx_0_bd_a98f/bd_a98f_rx_0/<hidden>
                         net (fo=835, routed)         1.736     6.243    system_top_wrapper/system_top/system_top_mipi_csi2_rx_0/system_top_mipi_csi2_rx_0_bd_a98f/bd_a98f_rx_0/<hidden>/<hidden>/<hidden>
    SLICE_X17Y40         FDPE                                         f  system_top_wrapper/system_top/system_top_mipi_csi2_rx_0/system_top_mipi_csi2_rx_0_bd_a98f/bd_a98f_rx_0/<hidden>/<hidden>/<hidden>  (IS_INVERTED)
  -------------------------------------------------------------------    -------------------

                         (clock clk_300M_system_top_clk_wiz_0_0 rise edge)
                                                      3.333     3.333 r  
    PS8_X0Y0             PS8                          0.000     3.333 r  system_top_i/zynq_ps/inst/PS8_i/PLCLK[0]
                         net (fo=1, routed)           0.181     3.514    system_top_i/zynq_ps/inst/pl_clk_unbuffered[0]
    BUFG_PS_X0Y72        BUFG_PS (Prop_BUFG_PS_I_O)
                                                      0.035     3.549 r  system_top_i/zynq_ps/inst/buffer_pl_clk_0.PL_CLK_0_BUFG/O
                         net (fo=1, routed)           1.929     5.478    system_top_i/clk_wiz_0/inst/clk_in1
    MMCM_X0Y2            MMCME4_ADV (Prop_MMCM_CLKIN1_CLKOUT2)
                                                      0.739     6.217 r  system_top_i/clk_wiz_0/inst/mmcme4_adv_inst/CLKOUT2
                         net (fo=1, routed)           0.310     6.527    system_top_i/clk_wiz_0/inst/clk_300M_system_top_clk_wiz_0_0
    BUFGCE_X0Y49         BUFGCE (Prop_BUFCE_BUFGCE_I_O)
                                                      0.039     6.566 r  system_top_i/clk_wiz_0/inst/clkout3_buf/O
    X1Y2 (CLOCK_ROOT)    net (fo=7162, routed)        1.701     8.267    system_top_wrapper/system_top/system_top_mipi_csi2_rx_0/system_top_mipi_csi2_rx_0_bd_a98f/bd_a98f_rx_0/<hidden>/<hidden>/<hidden>
    SLICE_X17Y40         FDPE                                         r  system_top_wrapper/system_top/system_top_mipi_csi2_rx_0/system_top_mipi_csi2_rx_0_bd_a98f/bd_a98f_rx_0/<hidden>/<hidden>/<hidden>
                         clock pessimism             -0.464     7.803    
                         clock uncertainty           -0.059     7.744    
    SLICE_X17Y40         FDPE (Recov_HFF_SLICEM_C_PRE)
                                                     -0.093     7.651    system_top_wrapper/system_top/system_top_mipi_csi2_rx_0/system_top_mipi_csi2_rx_0_bd_a98f/bd_a98f_rx_0/<hidden>/<hidden>/<hidden>
  -------------------------------------------------------------------
                         required time                          7.651    
                         arrival time                          -6.243    
  -------------------------------------------------------------------
                         slack                                  1.408    





Min Delay Paths
--------------------------------------------------------------------------------------
Slack (MET) :             0.424ns  (arrival time - required time)
  Source:                 system_top_wrapper/system_top/system_top_mipi_csi2_rx_0/system_top_mipi_csi2_rx_0_bd_a98f/bd_a98f_rx_0/<hidden>
                            (rising edge-triggered cell FDRE clocked by clk_300M_system_top_clk_wiz_0_0  {rise@0.000ns fall@1.667ns period=3.333ns})
  Destination:            system_top_wrapper/system_top/system_top_mipi_csi2_rx_0/system_top_mipi_csi2_rx_0_bd_a98f/bd_a98f_rx_0/<hidden>/<hidden>/<hidden>
                            (removal check against rising-edge clock clk_300M_system_top_clk_wiz_0_0  {rise@0.000ns fall@1.667ns period=3.333ns})
  Path Group:             **async_default**
  Path Type:              Removal (Min at Fast Process Corner)
  Requirement:            0.000ns  (clk_300M_system_top_clk_wiz_0_0 rise@0.000ns - clk_300M_system_top_clk_wiz_0_0 rise@0.000ns)
  Data Path Delay:        0.550ns  (logic 0.084ns (15.277%)  route 0.466ns (84.723%))
  Logic Levels:           0  
  Clock Path Skew:        0.144ns (DCD - SCD - CPR)
    Destination Clock Delay (DCD):    2.692ns
    Source Clock Delay      (SCD):    2.987ns
    Clock Pessimism Removal (CPR):    -0.439ns
  Clock Net Delay (Source):      0.905ns (routing 0.126ns, distribution 0.779ns)
  Clock Net Delay (Destination): 1.082ns (routing 0.133ns, distribution 0.949ns)

    Location             Delay type                Incr(ns)  Path(ns)    Netlist Resource(s)
  -------------------------------------------------------------------    -------------------
                         (clock clk_300M_system_top_clk_wiz_0_0 rise edge)
                                                      0.000     0.000 r  
    PS8_X0Y0             PS8                          0.000     0.000 r  system_top_i/zynq_ps/inst/PS8_i/PLCLK[0]
                         net (fo=1, routed)           0.129     0.129    system_top_i/zynq_ps/inst/pl_clk_unbuffered[0]
    BUFG_PS_X0Y72        BUFG_PS (Prop_BUFG_PS_I_O)
                                                      0.022     0.151 r  system_top_i/zynq_ps/inst/buffer_pl_clk_0.PL_CLK_0_BUFG/O
                         net (fo=1, routed)           1.161     1.312    system_top_i/clk_wiz_0/inst/clk_in1
    MMCM_X0Y2            MMCME4_ADV (Prop_MMCM_CLKIN1_CLKOUT2)
                                                      0.566     1.878 r  system_top_i/clk_wiz_0/inst/mmcme4_adv_inst/CLKOUT2
                         net (fo=1, routed)           0.181     2.059    system_top_i/clk_wiz_0/inst/clk_300M_system_top_clk_wiz_0_0
    BUFGCE_X0Y49         BUFGCE (Prop_BUFCE_BUFGCE_I_O)
                                                      0.023     2.082 r  system_top_i/clk_wiz_0/inst/clkout3_buf/O
    X1Y2 (CLOCK_ROOT)    net (fo=7162, routed)        0.905     2.987    system_top_wrapper/system_top/system_top_mipi_csi2_rx_0/system_top_mipi_csi2_rx_0_bd_a98f/bd_a98f_rx_0/<hidden>
    SLICE_X23Y29         FDRE                                         r  system_top_wrapper/system_top/system_top_mipi_csi2_rx_0/system_top_mipi_csi2_rx_0_bd_a98f/bd_a98f_rx_0/<hidden>
  -------------------------------------------------------------------    -------------------
    SLICE_X23Y29         FDRE (Prop_AFF_SLICEL_C_Q)
                                                      0.084     3.071 r  system_top_wrapper/system_top/system_top_mipi_csi2_rx_0/system_top_mipi_csi2_rx_0_bd_a98f/bd_a98f_rx_0/<hidden>
                         net (fo=835, routed)         0.466     3.536    system_top_wrapper/system_top/system_top_mipi_csi2_rx_0/system_top_mipi_csi2_rx_0_bd_a98f/bd_a98f_rx_0/<hidden>/<hidden>/<hidden>
    SLICE_X19Y40         FDPE                                         f  system_top_wrapper/system_top/system_top_mipi_csi2_rx_0/system_top_mipi_csi2_rx_0_bd_a98f/bd_a98f_rx_0/<hidden>/<hidden>/<hidden>  (IS_INVERTED)
  -------------------------------------------------------------------    -------------------

                         (clock clk_300M_system_top_clk_wiz_0_0 rise edge)
                                                      0.000     0.000 r  
    PS8_X0Y0             PS8                          0.000     0.000 r  system_top_i/zynq_ps/inst/PS8_i/PLCLK[0]
                         net (fo=1, routed)           0.164     0.164    system_top_i/zynq_ps/inst/pl_clk_unbuffered[0]
    BUFG_PS_X0Y72        BUFG_PS (Prop_BUFG_PS_I_O)
                                                      0.023     0.187 r  system_top_i/zynq_ps/inst/buffer_pl_clk_0.PL_CLK_0_BUFG/O
                         net (fo=1, routed)           1.271     1.458    system_top_i/clk_wiz_0/inst/clk_in1
    MMCM_X0Y2            MMCME4_ADV (Prop_MMCM_CLKIN1_CLKOUT2)
                                                     -0.079     1.379 r  system_top_i/clk_wiz_0/inst/mmcme4_adv_inst/CLKOUT2
                         net (fo=1, routed)           0.205     1.584    system_top_i/clk_wiz_0/inst/clk_300M_system_top_clk_wiz_0_0
    BUFGCE_X0Y49         BUFGCE (Prop_BUFCE_BUFGCE_I_O)
                                                      0.026     1.610 r  system_top_i/clk_wiz_0/inst/clkout3_buf/O
    X1Y2 (CLOCK_ROOT)    net (fo=7162, routed)        1.082     2.692    system_top_wrapper/system_top/system_top_mipi_csi2_rx_0/system_top_mipi_csi2_rx_0_bd_a98f/bd_a98f_rx_0/<hidden>/<hidden>/<hidden>
    SLICE_X19Y40         FDPE                                         r  system_top_wrapper/system_top/system_top_mipi_csi2_rx_0/system_top_mipi_csi2_rx_0_bd_a98f/bd_a98f_rx_0/<hidden>/<hidden>/<hidden>
                         clock pessimism              0.439     3.130    
    SLICE_X19Y40         FDPE (Remov_HFF2_SLICEL_C_PRE)
                                                     -0.018     3.112    system_top_wrapper/system_top/system_top_mipi_csi2_rx_0/system_top_mipi_csi2_rx_0_bd_a98f/bd_a98f_rx_0/<hidden>/<hidden>/<hidden>
  -------------------------------------------------------------------
                         required time                         -3.112    
                         arrival time                           3.536    
  -------------------------------------------------------------------
                         slack                                  0.424    





---------------------------------------------------------------------------------------------------
Path Group:  **async_default**
From Clock:  clk_60M_system_top_clk_wiz_0_0
  To Clock:  clk_60M_system_top_clk_wiz_0_0

Setup :            0  Failing Endpoints,  Worst Slack        9.331ns,  Total Violation        0.000ns
Hold  :            0  Failing Endpoints,  Worst Slack        0.900ns,  Total Violation        0.000ns
---------------------------------------------------------------------------------------------------


Max Delay Paths
--------------------------------------------------------------------------------------
Slack (MET) :             9.331ns  (required time - arrival time)
  Source:                 system_top_i/proc_sys_reset/U0/ACTIVE_LOW_PR_OUT_DFF[0].FDRE_PER_N/C
                            (rising edge-triggered cell FDRE clocked by clk_60M_system_top_clk_wiz_0_0  {rise@0.000ns fall@8.333ns period=16.667ns})
  Destination:            system_top_i/t1_top/inst/u_axi_lite_wrapper/reg_rs1_data_reg[12]/CLR
                            (recovery check against rising-edge clock clk_60M_system_top_clk_wiz_0_0  {rise@0.000ns fall@8.333ns period=16.667ns})
  Path Group:             **async_default**
  Path Type:              Recovery (Max at Slow Process Corner)
  Requirement:            16.667ns  (clk_60M_system_top_clk_wiz_0_0 rise@16.667ns - clk_60M_system_top_clk_wiz_0_0 rise@0.000ns)
  Data Path Delay:        6.851ns  (logic 0.114ns (1.664%)  route 6.737ns (98.336%))
  Logic Levels:           0  
  Clock Path Skew:        -0.319ns (DCD - SCD + CPR)
    Destination Clock Delay (DCD):    4.834ns = ( 21.501 - 16.667 ) 
    Source Clock Delay      (SCD):    4.625ns
    Clock Pessimism Removal (CPR):    -0.528ns
  Clock Uncertainty:      0.074ns  ((TSJ^2 + DJ^2)^1/2) / 2 + PE
    Total System Jitter     (TSJ):    0.071ns
    Discrete Jitter          (DJ):    0.129ns
    Phase Error              (PE):    0.000ns
  Clock Net Delay (Source):      1.927ns (routing 0.246ns, distribution 1.681ns)
  Clock Net Delay (Destination): 1.593ns (routing 0.231ns, distribution 1.362ns)

    Location             Delay type                Incr(ns)  Path(ns)    Netlist Resource(s)
  -------------------------------------------------------------------    -------------------
                         (clock clk_60M_system_top_clk_wiz_0_0 rise edge)
                                                      0.000     0.000 r  
    PS8_X0Y0             PS8                          0.000     0.000 r  system_top_i/zynq_ps/inst/PS8_i/PLCLK[0]
                         net (fo=1, routed)           0.229     0.229    system_top_i/zynq_ps/inst/pl_clk_unbuffered[0]
    BUFG_PS_X0Y72        BUFG_PS (Prop_BUFG_PS_I_O)
                                                      0.038     0.267 r  system_top_i/zynq_ps/inst/buffer_pl_clk_0.PL_CLK_0_BUFG/O
                         net (fo=1, routed)           2.127     2.394    system_top_i/clk_wiz_0/inst/clk_in1
    MMCM_X0Y2            MMCME4_ADV (Prop_MMCM_CLKIN1_CLKOUT3)
                                                     -0.103     2.291 r  system_top_i/clk_wiz_0/inst/mmcme4_adv_inst/CLKOUT3
                         net (fo=1, routed)           0.363     2.654    system_top_i/clk_wiz_0/inst/clk_60M_system_top_clk_wiz_0_0
    BUFGCE_X0Y63         BUFGCE (Prop_BUFCE_BUFGCE_I_O)
                                                      0.044     2.698 r  system_top_i/clk_wiz_0/inst/clkout4_buf/O
    X1Y2 (CLOCK_ROOT)    net (fo=97834, routed)       1.927     4.625    system_top_i/proc_sys_reset/U0/slowest_sync_clk
    SLICE_X0Y147         FDRE                                         r  system_top_i/proc_sys_reset/U0/ACTIVE_LOW_PR_OUT_DFF[0].FDRE_PER_N/C
  -------------------------------------------------------------------    -------------------
    SLICE_X0Y147         FDRE (Prop_EFF_SLICEL_C_Q)
                                                      0.114     4.739 r  system_top_i/proc_sys_reset/U0/ACTIVE_LOW_PR_OUT_DFF[0].FDRE_PER_N/Q
                         net (fo=22869, routed)       6.737    11.475    system_top_i/t1_top/inst/u_axi_lite_wrapper/t1_reset
    SLICE_X37Y52         FDCE                                         f  system_top_i/t1_top/inst/u_axi_lite_wrapper/reg_rs1_data_reg[12]/CLR  (IS_INVERTED)
  -------------------------------------------------------------------    -------------------

                         (clock clk_60M_system_top_clk_wiz_0_0 rise edge)
                                                     16.667    16.667 r  
    PS8_X0Y0             PS8                          0.000    16.667 r  system_top_i/zynq_ps/inst/PS8_i/PLCLK[0]
                         net (fo=1, routed)           0.181    16.848    system_top_i/zynq_ps/inst/pl_clk_unbuffered[0]
    BUFG_PS_X0Y72        BUFG_PS (Prop_BUFG_PS_I_O)
                                                      0.035    16.883 r  system_top_i/zynq_ps/inst/buffer_pl_clk_0.PL_CLK_0_BUFG/O
                         net (fo=1, routed)           1.929    18.812    system_top_i/clk_wiz_0/inst/clk_in1
    MMCM_X0Y2            MMCME4_ADV (Prop_MMCM_CLKIN1_CLKOUT3)
                                                      0.739    19.551 r  system_top_i/clk_wiz_0/inst/mmcme4_adv_inst/CLKOUT3
                         net (fo=1, routed)           0.318    19.869    system_top_i/clk_wiz_0/inst/clk_60M_system_top_clk_wiz_0_0
    BUFGCE_X0Y63         BUFGCE (Prop_BUFCE_BUFGCE_I_O)
                                                      0.039    19.908 r  system_top_i/clk_wiz_0/inst/clkout4_buf/O
    X1Y2 (CLOCK_ROOT)    net (fo=97834, routed)       1.593    21.501    system_top_i/t1_top/inst/u_axi_lite_wrapper/aclk
    SLICE_X37Y52         FDCE                                         r  system_top_i/t1_top/inst/u_axi_lite_wrapper/reg_rs1_data_reg[12]/C
                         clock pessimism             -0.528    20.973    
                         clock uncertainty           -0.074    20.899    
    SLICE_X37Y52         FDCE (Recov_DFF_SLICEM_C_CLR)
                                                     -0.093    20.806    system_top_i/t1_top/inst/u_axi_lite_wrapper/reg_rs1_data_reg[12]
  -------------------------------------------------------------------
                         required time                         20.806    
                         arrival time                         -11.475    
  -------------------------------------------------------------------
                         slack                                  9.331    





Min Delay Paths
--------------------------------------------------------------------------------------
Slack (MET) :             0.900ns  (arrival time - required time)
  Source:                 system_top_i/proc_sys_reset/U0/ACTIVE_LOW_PR_OUT_DFF[0].FDRE_PER_N/C
                            (rising edge-triggered cell FDRE clocked by clk_60M_system_top_clk_wiz_0_0  {rise@0.000ns fall@8.333ns period=16.667ns})
  Destination:            system_top_i/t1_top/inst/u_axi_lite_wrapper/w_data_reg_reg[0]/CLR
                            (removal check against rising-edge clock clk_60M_system_top_clk_wiz_0_0  {rise@0.000ns fall@8.333ns period=16.667ns})
  Path Group:             **async_default**
  Path Type:              Removal (Min at Fast Process Corner)
  Requirement:            0.000ns  (clk_60M_system_top_clk_wiz_0_0 rise@0.000ns - clk_60M_system_top_clk_wiz_0_0 rise@0.000ns)
  Data Path Delay:        0.936ns  (logic 0.084ns (8.978%)  route 0.852ns (91.022%))
  Logic Levels:           0  
  Clock Path Skew:        0.053ns (DCD - SCD - CPR)
    Destination Clock Delay (DCD):    2.720ns
    Source Clock Delay      (SCD):    3.131ns
    Clock Pessimism Removal (CPR):    -0.464ns
  Clock Net Delay (Source):      1.044ns (routing 0.126ns, distribution 0.918ns)
  Clock Net Delay (Destination): 1.104ns (routing 0.133ns, distribution 0.971ns)

    Location             Delay type                Incr(ns)  Path(ns)    Netlist Resource(s)
  -------------------------------------------------------------------    -------------------
                         (clock clk_60M_system_top_clk_wiz_0_0 rise edge)
                                                      0.000     0.000 r  
    PS8_X0Y0             PS8                          0.000     0.000 r  system_top_i/zynq_ps/inst/PS8_i/PLCLK[0]
                         net (fo=1, routed)           0.129     0.129    system_top_i/zynq_ps/inst/pl_clk_unbuffered[0]
    BUFG_PS_X0Y72        BUFG_PS (Prop_BUFG_PS_I_O)
                                                      0.022     0.151 r  system_top_i/zynq_ps/inst/buffer_pl_clk_0.PL_CLK_0_BUFG/O
                         net (fo=1, routed)           1.161     1.312    system_top_i/clk_wiz_0/inst/clk_in1
    MMCM_X0Y2            MMCME4_ADV (Prop_MMCM_CLKIN1_CLKOUT3)
                                                      0.566     1.878 r  system_top_i/clk_wiz_0/inst/mmcme4_adv_inst/CLKOUT3
                         net (fo=1, routed)           0.186     2.064    system_top_i/clk_wiz_0/inst/clk_60M_system_top_clk_wiz_0_0
    BUFGCE_X0Y63         BUFGCE (Prop_BUFCE_BUFGCE_I_O)
                                                      0.023     2.087 r  system_top_i/clk_wiz_0/inst/clkout4_buf/O
    X1Y2 (CLOCK_ROOT)    net (fo=97834, routed)       1.044     3.131    system_top_i/proc_sys_reset/U0/slowest_sync_clk
    SLICE_X0Y147         FDRE                                         r  system_top_i/proc_sys_reset/U0/ACTIVE_LOW_PR_OUT_DFF[0].FDRE_PER_N/C
  -------------------------------------------------------------------    -------------------
    SLICE_X0Y147         FDRE (Prop_EFF_SLICEL_C_Q)
                                                      0.084     3.215 r  system_top_i/proc_sys_reset/U0/ACTIVE_LOW_PR_OUT_DFF[0].FDRE_PER_N/Q
                         net (fo=22869, routed)       0.852     4.066    system_top_i/t1_top/inst/u_axi_lite_wrapper/t1_reset
    SLICE_X18Y84         FDCE                                         f  system_top_i/t1_top/inst/u_axi_lite_wrapper/w_data_reg_reg[0]/CLR  (IS_INVERTED)
  -------------------------------------------------------------------    -------------------

                         (clock clk_60M_system_top_clk_wiz_0_0 rise edge)
                                                      0.000     0.000 r  
    PS8_X0Y0             PS8                          0.000     0.000 r  system_top_i/zynq_ps/inst/PS8_i/PLCLK[0]
                         net (fo=1, routed)           0.164     0.164    system_top_i/zynq_ps/inst/pl_clk_unbuffered[0]
    BUFG_PS_X0Y72        BUFG_PS (Prop_BUFG_PS_I_O)
                                                      0.023     0.187 r  system_top_i/zynq_ps/inst/buffer_pl_clk_0.PL_CLK_0_BUFG/O
                         net (fo=1, routed)           1.271     1.458    system_top_i/clk_wiz_0/inst/clk_in1
    MMCM_X0Y2            MMCME4_ADV (Prop_MMCM_CLKIN1_CLKOUT3)
                                                     -0.079     1.379 r  system_top_i/clk_wiz_0/inst/mmcme4_adv_inst/CLKOUT3
                         net (fo=1, routed)           0.211     1.590    system_top_i/clk_wiz_0/inst/clk_60M_system_top_clk_wiz_0_0
    BUFGCE_X0Y63         BUFGCE (Prop_BUFCE_BUFGCE_I_O)
                                                      0.026     1.616 r  system_top_i/clk_wiz_0/inst/clkout4_buf/O
    X1Y2 (CLOCK_ROOT)    net (fo=97834, routed)       1.104     2.720    system_top_i/t1_top/inst/u_axi_lite_wrapper/aclk
    SLICE_X18Y84         FDCE                                         r  system_top_i/t1_top/inst/u_axi_lite_wrapper/w_data_reg_reg[0]/C
                         clock pessimism              0.464     3.184    
    SLICE_X18Y84         FDCE (Remov_AFF_SLICEM_C_CLR)
                                                     -0.018     3.166    system_top_i/t1_top/inst/u_axi_lite_wrapper/w_data_reg_reg[0]
  -------------------------------------------------------------------
                         required time                         -3.166    
                         arrival time                           4.066    
  -------------------------------------------------------------------
                         slack                                  0.900    





---------------------------------------------------------------------------------------------------
Path Group:  **async_default**
From Clock:  mipi_phy_if_clk_p_FIFO_WRCLK_OUT
  To Clock:  mipi_phy_if_clk_p_FIFO_WRCLK_OUT

Setup :            0  Failing Endpoints,  Worst Slack        7.023ns,  Total Violation        0.000ns
Hold  :            0  Failing Endpoints,  Worst Slack        0.164ns,  Total Violation        0.000ns
---------------------------------------------------------------------------------------------------


Max Delay Paths
--------------------------------------------------------------------------------------
Slack (MET) :             7.023ns  (required time - arrival time)
  Source:                 system_top_wrapper/system_top/system_top_mipi_csi2_rx_0/system_top_mipi_csi2_rx_0_bd_a98f/bd_a98f_rx_0/<hidden>/<hidden>
                            (rising edge-triggered cell FDCE clocked by mipi_phy_if_clk_p_FIFO_WRCLK_OUT  {rise@0.000ns fall@4.464ns period=8.928ns})
  Destination:            system_top_wrapper/system_top/system_top_mipi_csi2_rx_0/system_top_mipi_csi2_rx_0_bd_a98f/bd_a98f_rx_0/<hidden>/<hidden>
                            (recovery check against rising-edge clock mipi_phy_if_clk_p_FIFO_WRCLK_OUT  {rise@0.000ns fall@4.464ns period=8.928ns})
  Path Group:             **async_default**
  Path Type:              Recovery (Max at Slow Process Corner)
  Requirement:            8.928ns  (mipi_phy_if_clk_p_FIFO_WRCLK_OUT rise@8.928ns - mipi_phy_if_clk_p_FIFO_WRCLK_OUT rise@0.000ns)
  Data Path Delay:        1.696ns  (logic 0.115ns (6.781%)  route 1.581ns (93.219%))
  Logic Levels:           0  
  Clock Path Skew:        -0.081ns (DCD - SCD + CPR)
    Destination Clock Delay (DCD):    4.327ns = ( 13.255 - 8.928 ) 
    Source Clock Delay      (SCD):    5.667ns
    Clock Pessimism Removal (CPR):    1.259ns
  Clock Uncertainty:      0.035ns  ((TSJ^2 + TIJ^2)^1/2 + DJ) / 2 + PE
    Total System Jitter     (TSJ):    0.071ns
    Total Input Jitter      (TIJ):    0.000ns
    Discrete Jitter          (DJ):    0.000ns
    Phase Error              (PE):    0.000ns
  Clock Net Delay (Source):      2.736ns (routing 1.400ns, distribution 1.336ns)
  Clock Net Delay (Destination): 2.541ns (routing 1.286ns, distribution 1.255ns)

    Location             Delay type                Incr(ns)  Path(ns)    Netlist Resource(s)
  -------------------------------------------------------------------    -------------------
                         (clock mipi_phy_if_clk_p_FIFO_WRCLK_OUT rise edge)
                                                      0.000     0.000 r  
    G1                                                0.000     0.000 f  mipi_phy_if_clk_p (IN)
                         net (fo=0)                   0.100     0.100    system_top_i/mipi_csi2_rx/inst/phy/inst/inst/bd_a98f_phy_0_rx_support_i/slave_rx.bd_a98f_phy_0_rx_hssio_i/inst/top_inst/iobuf_top_inst/io_gen[0].ibufds_dphy/I
    HPIOBDIFFINBUF_X0Y72 DPHY_DIFFINBUF (Prop_DPHY_DIFFINBUF_HPIOBDIFFINBUF_I_HSRX_O)
                                                      0.386     0.486 f  system_top_i/mipi_csi2_rx/inst/phy/inst/inst/bd_a98f_phy_0_rx_support_i/slave_rx.bd_a98f_phy_0_rx_hssio_i/inst/top_inst/iobuf_top_inst/io_gen[0].ibufds_dphy/DIFFINBUF_INST/HSRX_O
                         net (fo=1, routed)           0.050     0.536    system_top_i/mipi_csi2_rx/inst/phy/inst/inst/bd_a98f_phy_0_rx_support_i/slave_rx.bd_a98f_phy_0_rx_hssio_i/inst/top_inst/iobuf_top_inst/io_gen[0].ibufds_dphy/OUT
    G1                   IBUFCTRL (Prop_IBUFCTRL_HPIOB_M_I_O)
                                                      0.000     0.536 f  system_top_i/mipi_csi2_rx/inst/phy/inst/inst/bd_a98f_phy_0_rx_support_i/slave_rx.bd_a98f_phy_0_rx_hssio_i/inst/top_inst/iobuf_top_inst/io_gen[0].ibufds_dphy/IBUFCTRL_INST/O
                         net (fo=1, routed)           0.003     0.539    system_top_i/mipi_csi2_rx/inst/phy/inst/inst/bd_a98f_phy_0_rx_support_i/slave_rx.bd_a98f_phy_0_rx_hssio_i/inst/top_inst/bs_top_inst/u_rx_bs/data_to_bs_out[0]
    BITSLICE_RX_TX_X0Y156
                         RX_BITSLICE (Prop_RX_BITSLICE_BITSLICE_RXTX_RX_DATAIN_RX_BIT_CTRL_OUT[9])
                                                      0.050     0.589 r  system_top_i/mipi_csi2_rx/inst/phy/inst/inst/bd_a98f_phy_0_rx_support_i/slave_rx.bd_a98f_phy_0_rx_hssio_i/inst/top_inst/bs_top_inst/u_rx_bs/RX_BS[0].rx_bitslice_if_bs/RX_BIT_CTRL_OUT[9]
                         net (fo=1, routed)           0.006     0.595    system_top_i/mipi_csi2_rx/inst/phy/inst/inst/bd_a98f_phy_0_rx_support_i/slave_rx.bd_a98f_phy_0_rx_hssio_i/inst/top_inst/bs_ctrl_top_inst/rx_bs0_rx_bit_ctrl_out[9]
    BITSLICE_CONTROL_X0Y24
                         BITSLICE_CONTROL (Prop_CONTROL_BITSLICE_CONTROL_RX_BIT_CTRL_IN0[9]_RX_BIT_CTRL_OUT0[20])
                                                      0.705     1.300 r  system_top_i/mipi_csi2_rx/inst/phy/inst/inst/bd_a98f_phy_0_rx_support_i/slave_rx.bd_a98f_phy_0_rx_hssio_i/inst/top_inst/bs_ctrl_top_inst/BITSLICE_CTRL[0].bs_ctrl_inst/RX_BIT_CTRL_OUT0[20]
                         net (fo=1, routed)           0.013     1.313    system_top_i/mipi_csi2_rx/inst/phy/inst/inst/bd_a98f_phy_0_rx_support_i/slave_rx.bd_a98f_phy_0_rx_hssio_i/inst/top_inst/bs_top_inst/u_rx_bs/rx_bs0_rx_bit_ctrl_in[20]
    BITSLICE_RX_TX_X0Y156
                         RX_BITSLICE (Prop_RX_BITSLICE_BITSLICE_RXTX_RX_RX_BIT_CTRL_IN[20]_FIFO_WRCLK_OUT)
                                                      0.745     2.058 r  system_top_i/mipi_csi2_rx/inst/phy/inst/inst/bd_a98f_phy_0_rx_support_i/slave_rx.bd_a98f_phy_0_rx_hssio_i/inst/top_inst/bs_top_inst/u_rx_bs/RX_BS[0].rx_bitslice_if_bs/FIFO_WRCLK_OUT
                         net (fo=1, routed)           0.829     2.887    system_top_i/mipi_csi2_rx/inst/phy/inst/inst/bd_a98f_phy_0_rx_support_i/div4_clk_t
    BUFGCE_X0Y94         BUFGCE (Prop_BUFCE_BUFGCE_I_O)
                                                      0.044     2.931 r  system_top_i/mipi_csi2_rx/inst/phy/inst/inst/bd_a98f_phy_0_rx_support_i/slave_rx.rxbyteclkhs_buf/O
    X0Y1 (CLOCK_ROOT)    net (fo=801, routed)         2.736     5.667    system_top_wrapper/system_top/system_top_mipi_csi2_rx_0/system_top_mipi_csi2_rx_0_bd_a98f/bd_a98f_rx_0/<hidden>/<hidden>
    SLICE_X17Y118        FDCE                                         r  system_top_wrapper/system_top/system_top_mipi_csi2_rx_0/system_top_mipi_csi2_rx_0_bd_a98f/bd_a98f_rx_0/<hidden>/<hidden>
  -------------------------------------------------------------------    -------------------
    SLICE_X17Y118        FDCE (Prop_BFF2_SLICEM_C_Q)
                                                      0.115     5.782 r  system_top_wrapper/system_top/system_top_mipi_csi2_rx_0/system_top_mipi_csi2_rx_0_bd_a98f/bd_a98f_rx_0/<hidden>/<hidden>
                         net (fo=36, routed)          1.581     7.363    system_top_wrapper/system_top/system_top_mipi_csi2_rx_0/system_top_mipi_csi2_rx_0_bd_a98f/bd_a98f_rx_0/<hidden>/<hidden>
    SLICE_X13Y197        FDCE                                         f  system_top_wrapper/system_top/system_top_mipi_csi2_rx_0/system_top_mipi_csi2_rx_0_bd_a98f/bd_a98f_rx_0/<hidden>/<hidden>  (IS_INVERTED)
  -------------------------------------------------------------------    -------------------

                         (clock mipi_phy_if_clk_p_FIFO_WRCLK_OUT rise edge)
                                                      8.928     8.928 f  
    G1                                                0.000     8.928 f  mipi_phy_if_clk_p (IN)
                         net (fo=0)                   0.079     9.007    system_top_i/mipi_csi2_rx/inst/phy/inst/inst/bd_a98f_phy_0_rx_support_i/slave_rx.bd_a98f_phy_0_rx_hssio_i/inst/top_inst/iobuf_top_inst/io_gen[0].ibufds_dphy/I
    HPIOBDIFFINBUF_X0Y72 DPHY_DIFFINBUF (Prop_DPHY_DIFFINBUF_HPIOBDIFFINBUF_I_HSRX_O)
                                                      0.305     9.312 f  system_top_i/mipi_csi2_rx/inst/phy/inst/inst/bd_a98f_phy_0_rx_support_i/slave_rx.bd_a98f_phy_0_rx_hssio_i/inst/top_inst/iobuf_top_inst/io_gen[0].ibufds_dphy/DIFFINBUF_INST/HSRX_O
                         net (fo=1, routed)           0.040     9.352    system_top_i/mipi_csi2_rx/inst/phy/inst/inst/bd_a98f_phy_0_rx_support_i/slave_rx.bd_a98f_phy_0_rx_hssio_i/inst/top_inst/iobuf_top_inst/io_gen[0].ibufds_dphy/OUT
    G1                   IBUFCTRL (Prop_IBUFCTRL_HPIOB_M_I_O)
                                                      0.000     9.352 f  system_top_i/mipi_csi2_rx/inst/phy/inst/inst/bd_a98f_phy_0_rx_support_i/slave_rx.bd_a98f_phy_0_rx_hssio_i/inst/top_inst/iobuf_top_inst/io_gen[0].ibufds_dphy/IBUFCTRL_INST/O
                         net (fo=1, routed)           0.000     9.352    system_top_i/mipi_csi2_rx/inst/phy/inst/inst/bd_a98f_phy_0_rx_support_i/slave_rx.bd_a98f_phy_0_rx_hssio_i/inst/top_inst/bs_top_inst/u_rx_bs/data_to_bs_out[0]
    BITSLICE_RX_TX_X0Y156
                         RX_BITSLICE (Prop_RX_BITSLICE_BITSLICE_RXTX_RX_DATAIN_RX_BIT_CTRL_OUT[9])
                                                      0.025     9.377 r  system_top_i/mipi_csi2_rx/inst/phy/inst/inst/bd_a98f_phy_0_rx_support_i/slave_rx.bd_a98f_phy_0_rx_hssio_i/inst/top_inst/bs_top_inst/u_rx_bs/RX_BS[0].rx_bitslice_if_bs/RX_BIT_CTRL_OUT[9]
                         net (fo=1, routed)           0.003     9.380    system_top_i/mipi_csi2_rx/inst/phy/inst/inst/bd_a98f_phy_0_rx_support_i/slave_rx.bd_a98f_phy_0_rx_hssio_i/inst/top_inst/bs_ctrl_top_inst/rx_bs0_rx_bit_ctrl_out[9]
    BITSLICE_CONTROL_X0Y24
                         BITSLICE_CONTROL (Prop_CONTROL_BITSLICE_CONTROL_RX_BIT_CTRL_IN0[9]_RX_BIT_CTRL_OUT0[20])
                                                      0.254     9.634 r  system_top_i/mipi_csi2_rx/inst/phy/inst/inst/bd_a98f_phy_0_rx_support_i/slave_rx.bd_a98f_phy_0_rx_hssio_i/inst/top_inst/bs_ctrl_top_inst/BITSLICE_CTRL[0].bs_ctrl_inst/RX_BIT_CTRL_OUT0[20]
                         net (fo=1, routed)           0.006     9.640    system_top_i/mipi_csi2_rx/inst/phy/inst/inst/bd_a98f_phy_0_rx_support_i/slave_rx.bd_a98f_phy_0_rx_hssio_i/inst/top_inst/bs_top_inst/u_rx_bs/rx_bs0_rx_bit_ctrl_in[20]
    BITSLICE_RX_TX_X0Y156
                         RX_BITSLICE (Prop_RX_BITSLICE_BITSLICE_RXTX_RX_RX_BIT_CTRL_IN[20]_FIFO_WRCLK_OUT)
                                                      0.382    10.022 r  system_top_i/mipi_csi2_rx/inst/phy/inst/inst/bd_a98f_phy_0_rx_support_i/slave_rx.bd_a98f_phy_0_rx_hssio_i/inst/top_inst/bs_top_inst/u_rx_bs/RX_BS[0].rx_bitslice_if_bs/FIFO_WRCLK_OUT
                         net (fo=1, routed)           0.653    10.675    system_top_i/mipi_csi2_rx/inst/phy/inst/inst/bd_a98f_phy_0_rx_support_i/div4_clk_t
    BUFGCE_X0Y94         BUFGCE (Prop_BUFCE_BUFGCE_I_O)
                                                      0.039    10.714 r  system_top_i/mipi_csi2_rx/inst/phy/inst/inst/bd_a98f_phy_0_rx_support_i/slave_rx.rxbyteclkhs_buf/O
    X0Y1 (CLOCK_ROOT)    net (fo=801, routed)         2.541    13.255    system_top_wrapper/system_top/system_top_mipi_csi2_rx_0/system_top_mipi_csi2_rx_0_bd_a98f/bd_a98f_rx_0/<hidden>/<hidden>
    SLICE_X13Y197        FDCE                                         r  system_top_wrapper/system_top/system_top_mipi_csi2_rx_0/system_top_mipi_csi2_rx_0_bd_a98f/bd_a98f_rx_0/<hidden>/<hidden>
                         clock pessimism              1.259    14.514    
                         clock uncertainty           -0.035    14.479    
    SLICE_X13Y197        FDCE (Recov_DFF_SLICEM_C_CLR)
                                                     -0.093    14.386    system_top_wrapper/system_top/system_top_mipi_csi2_rx_0/system_top_mipi_csi2_rx_0_bd_a98f/bd_a98f_rx_0/<hidden>/<hidden>
  -------------------------------------------------------------------
                         required time                         14.386    
                         arrival time                          -7.363    
  -------------------------------------------------------------------
                         slack                                  7.023    





Min Delay Paths
--------------------------------------------------------------------------------------
Slack (MET) :             0.164ns  (arrival time - required time)
  Source:                 system_top_wrapper/system_top/system_top_mipi_csi2_rx_0/system_top_mipi_csi2_rx_0_bd_a98f/bd_a98f_rx_0/<hidden>/<hidden>
                            (rising edge-triggered cell FDCE clocked by mipi_phy_if_clk_p_FIFO_WRCLK_OUT  {rise@0.000ns fall@4.464ns period=8.928ns})
  Destination:            system_top_wrapper/system_top/system_top_mipi_csi2_rx_0/system_top_mipi_csi2_rx_0_bd_a98f/bd_a98f_rx_0/<hidden>/<hidden>
                            (removal check against rising-edge clock mipi_phy_if_clk_p_FIFO_WRCLK_OUT  {rise@0.000ns fall@4.464ns period=8.928ns})
  Path Group:             **async_default**
  Path Type:              Removal (Min at Fast Process Corner)
  Requirement:            0.000ns  (mipi_phy_if_clk_p_FIFO_WRCLK_OUT rise@0.000ns - mipi_phy_if_clk_p_FIFO_WRCLK_OUT rise@0.000ns)
  Data Path Delay:        0.187ns  (logic 0.085ns (45.543%)  route 0.102ns (54.457%))
  Logic Levels:           0  
  Clock Path Skew:        0.041ns (DCD - SCD - CPR)
    Destination Clock Delay (DCD):    3.487ns
    Source Clock Delay      (SCD):    2.645ns
    Clock Pessimism Removal (CPR):    0.801ns
  Clock Net Delay (Source):      1.491ns (routing 0.773ns, distribution 0.718ns)
  Clock Net Delay (Destination): 1.627ns (routing 0.842ns, distribution 0.785ns)

    Location             Delay type                Incr(ns)  Path(ns)    Netlist Resource(s)
  -------------------------------------------------------------------    -------------------
                         (clock mipi_phy_if_clk_p_FIFO_WRCLK_OUT rise edge)
                                                      0.000     0.000 r  
    G1                                                0.000     0.000 f  mipi_phy_if_clk_p (IN)
                         net (fo=0)                   0.079     0.079    system_top_i/mipi_csi2_rx/inst/phy/inst/inst/bd_a98f_phy_0_rx_support_i/slave_rx.bd_a98f_phy_0_rx_hssio_i/inst/top_inst/iobuf_top_inst/io_gen[0].ibufds_dphy/I
    HPIOBDIFFINBUF_X0Y72 DPHY_DIFFINBUF (Prop_DPHY_DIFFINBUF_HPIOBDIFFINBUF_I_HSRX_O)
                                                      0.186     0.265 f  system_top_i/mipi_csi2_rx/inst/phy/inst/inst/bd_a98f_phy_0_rx_support_i/slave_rx.bd_a98f_phy_0_rx_hssio_i/inst/top_inst/iobuf_top_inst/io_gen[0].ibufds_dphy/DIFFINBUF_INST/HSRX_O
                         net (fo=1, routed)           0.040     0.305    system_top_i/mipi_csi2_rx/inst/phy/inst/inst/bd_a98f_phy_0_rx_support_i/slave_rx.bd_a98f_phy_0_rx_hssio_i/inst/top_inst/iobuf_top_inst/io_gen[0].ibufds_dphy/OUT
    G1                   IBUFCTRL (Prop_IBUFCTRL_HPIOB_M_I_O)
                                                      0.000     0.305 f  system_top_i/mipi_csi2_rx/inst/phy/inst/inst/bd_a98f_phy_0_rx_support_i/slave_rx.bd_a98f_phy_0_rx_hssio_i/inst/top_inst/iobuf_top_inst/io_gen[0].ibufds_dphy/IBUFCTRL_INST/O
                         net (fo=1, routed)           0.000     0.305    system_top_i/mipi_csi2_rx/inst/phy/inst/inst/bd_a98f_phy_0_rx_support_i/slave_rx.bd_a98f_phy_0_rx_hssio_i/inst/top_inst/bs_top_inst/u_rx_bs/data_to_bs_out[0]
    BITSLICE_RX_TX_X0Y156
                         RX_BITSLICE (Prop_RX_BITSLICE_BITSLICE_RXTX_RX_DATAIN_RX_BIT_CTRL_OUT[9])
                                                      0.025     0.330 r  system_top_i/mipi_csi2_rx/inst/phy/inst/inst/bd_a98f_phy_0_rx_support_i/slave_rx.bd_a98f_phy_0_rx_hssio_i/inst/top_inst/bs_top_inst/u_rx_bs/RX_BS[0].rx_bitslice_if_bs/RX_BIT_CTRL_OUT[9]
                         net (fo=1, routed)           0.003     0.333    system_top_i/mipi_csi2_rx/inst/phy/inst/inst/bd_a98f_phy_0_rx_support_i/slave_rx.bd_a98f_phy_0_rx_hssio_i/inst/top_inst/bs_ctrl_top_inst/rx_bs0_rx_bit_ctrl_out[9]
    BITSLICE_CONTROL_X0Y24
                         BITSLICE_CONTROL (Prop_CONTROL_BITSLICE_CONTROL_RX_BIT_CTRL_IN0[9]_RX_BIT_CTRL_OUT0[20])
                                                      0.233     0.566 r  system_top_i/mipi_csi2_rx/inst/phy/inst/inst/bd_a98f_phy_0_rx_support_i/slave_rx.bd_a98f_phy_0_rx_hssio_i/inst/top_inst/bs_ctrl_top_inst/BITSLICE_CTRL[0].bs_ctrl_inst/RX_BIT_CTRL_OUT0[20]
                         net (fo=1, routed)           0.006     0.572    system_top_i/mipi_csi2_rx/inst/phy/inst/inst/bd_a98f_phy_0_rx_support_i/slave_rx.bd_a98f_phy_0_rx_hssio_i/inst/top_inst/bs_top_inst/u_rx_bs/rx_bs0_rx_bit_ctrl_in[20]
    BITSLICE_RX_TX_X0Y156
                         RX_BITSLICE (Prop_RX_BITSLICE_BITSLICE_RXTX_RX_RX_BIT_CTRL_IN[20]_FIFO_WRCLK_OUT)
                                                      0.200     0.772 r  system_top_i/mipi_csi2_rx/inst/phy/inst/inst/bd_a98f_phy_0_rx_support_i/slave_rx.bd_a98f_phy_0_rx_hssio_i/inst/top_inst/bs_top_inst/u_rx_bs/RX_BS[0].rx_bitslice_if_bs/FIFO_WRCLK_OUT
                         net (fo=1, routed)           0.359     1.131    system_top_i/mipi_csi2_rx/inst/phy/inst/inst/bd_a98f_phy_0_rx_support_i/div4_clk_t
    BUFGCE_X0Y94         BUFGCE (Prop_BUFCE_BUFGCE_I_O)
                                                      0.023     1.154 r  system_top_i/mipi_csi2_rx/inst/phy/inst/inst/bd_a98f_phy_0_rx_support_i/slave_rx.rxbyteclkhs_buf/O
    X0Y1 (CLOCK_ROOT)    net (fo=801, routed)         1.491     2.645    system_top_wrapper/system_top/system_top_mipi_csi2_rx_0/system_top_mipi_csi2_rx_0_bd_a98f/bd_a98f_rx_0/<hidden>/<hidden>
    SLICE_X17Y118        FDCE                                         r  system_top_wrapper/system_top/system_top_mipi_csi2_rx_0/system_top_mipi_csi2_rx_0_bd_a98f/bd_a98f_rx_0/<hidden>/<hidden>
  -------------------------------------------------------------------    -------------------
    SLICE_X17Y118        FDCE (Prop_BFF2_SLICEM_C_Q)
                                                      0.085     2.730 r  system_top_wrapper/system_top/system_top_mipi_csi2_rx_0/system_top_mipi_csi2_rx_0_bd_a98f/bd_a98f_rx_0/<hidden>/<hidden>
                         net (fo=36, routed)          0.102     2.832    system_top_wrapper/system_top/system_top_mipi_csi2_rx_0/system_top_mipi_csi2_rx_0_bd_a98f/bd_a98f_rx_0/<hidden>/<hidden>
    SLICE_X14Y117        FDPE                                         f  system_top_wrapper/system_top/system_top_mipi_csi2_rx_0/system_top_mipi_csi2_rx_0_bd_a98f/bd_a98f_rx_0/<hidden>/<hidden>  (IS_INVERTED)
  -------------------------------------------------------------------    -------------------

                         (clock mipi_phy_if_clk_p_FIFO_WRCLK_OUT rise edge)
                                                      0.000     0.000 f  
    G1                                                0.000     0.000 f  mipi_phy_if_clk_p (IN)
                         net (fo=0)                   0.100     0.100    system_top_i/mipi_csi2_rx/inst/phy/inst/inst/bd_a98f_phy_0_rx_support_i/slave_rx.bd_a98f_phy_0_rx_hssio_i/inst/top_inst/iobuf_top_inst/io_gen[0].ibufds_dphy/I
    HPIOBDIFFINBUF_X0Y72 DPHY_DIFFINBUF (Prop_DPHY_DIFFINBUF_HPIOBDIFFINBUF_I_HSRX_O)
                                                      0.285     0.385 f  system_top_i/mipi_csi2_rx/inst/phy/inst/inst/bd_a98f_phy_0_rx_support_i/slave_rx.bd_a98f_phy_0_rx_hssio_i/inst/top_inst/iobuf_top_inst/io_gen[0].ibufds_dphy/DIFFINBUF_INST/HSRX_O
                         net (fo=1, routed)           0.050     0.435    system_top_i/mipi_csi2_rx/inst/phy/inst/inst/bd_a98f_phy_0_rx_support_i/slave_rx.bd_a98f_phy_0_rx_hssio_i/inst/top_inst/iobuf_top_inst/io_gen[0].ibufds_dphy/OUT
    G1                   IBUFCTRL (Prop_IBUFCTRL_HPIOB_M_I_O)
                                                      0.000     0.435 f  system_top_i/mipi_csi2_rx/inst/phy/inst/inst/bd_a98f_phy_0_rx_support_i/slave_rx.bd_a98f_phy_0_rx_hssio_i/inst/top_inst/iobuf_top_inst/io_gen[0].ibufds_dphy/IBUFCTRL_INST/O
                         net (fo=1, routed)           0.002     0.437    system_top_i/mipi_csi2_rx/inst/phy/inst/inst/bd_a98f_phy_0_rx_support_i/slave_rx.bd_a98f_phy_0_rx_hssio_i/inst/top_inst/bs_top_inst/u_rx_bs/data_to_bs_out[0]
    BITSLICE_RX_TX_X0Y156
                         RX_BITSLICE (Prop_RX_BITSLICE_BITSLICE_RXTX_RX_DATAIN_RX_BIT_CTRL_OUT[9])
                                                      0.041     0.478 r  system_top_i/mipi_csi2_rx/inst/phy/inst/inst/bd_a98f_phy_0_rx_support_i/slave_rx.bd_a98f_phy_0_rx_hssio_i/inst/top_inst/bs_top_inst/u_rx_bs/RX_BS[0].rx_bitslice_if_bs/RX_BIT_CTRL_OUT[9]
                         net (fo=1, routed)           0.005     0.483    system_top_i/mipi_csi2_rx/inst/phy/inst/inst/bd_a98f_phy_0_rx_support_i/slave_rx.bd_a98f_phy_0_rx_hssio_i/inst/top_inst/bs_ctrl_top_inst/rx_bs0_rx_bit_ctrl_out[9]
    BITSLICE_CONTROL_X0Y24
                         BITSLICE_CONTROL (Prop_CONTROL_BITSLICE_CONTROL_RX_BIT_CTRL_IN0[9]_RX_BIT_CTRL_OUT0[20])
                                                      0.540     1.023 r  system_top_i/mipi_csi2_rx/inst/phy/inst/inst/bd_a98f_phy_0_rx_support_i/slave_rx.bd_a98f_phy_0_rx_hssio_i/inst/top_inst/bs_ctrl_top_inst/BITSLICE_CTRL[0].bs_ctrl_inst/RX_BIT_CTRL_OUT0[20]
                         net (fo=1, routed)           0.011     1.034    system_top_i/mipi_csi2_rx/inst/phy/inst/inst/bd_a98f_phy_0_rx_support_i/slave_rx.bd_a98f_phy_0_rx_hssio_i/inst/top_inst/bs_top_inst/u_rx_bs/rx_bs0_rx_bit_ctrl_in[20]
    BITSLICE_RX_TX_X0Y156
                         RX_BITSLICE (Prop_RX_BITSLICE_BITSLICE_RXTX_RX_RX_BIT_CTRL_IN[20]_FIFO_WRCLK_OUT)
                                                      0.362     1.396 r  system_top_i/mipi_csi2_rx/inst/phy/inst/inst/bd_a98f_phy_0_rx_support_i/slave_rx.bd_a98f_phy_0_rx_hssio_i/inst/top_inst/bs_top_inst/u_rx_bs/RX_BS[0].rx_bitslice_if_bs/FIFO_WRCLK_OUT
                         net (fo=1, routed)           0.438     1.834    system_top_i/mipi_csi2_rx/inst/phy/inst/inst/bd_a98f_phy_0_rx_support_i/div4_clk_t
    BUFGCE_X0Y94         BUFGCE (Prop_BUFCE_BUFGCE_I_O)
                                                      0.026     1.860 r  system_top_i/mipi_csi2_rx/inst/phy/inst/inst/bd_a98f_phy_0_rx_support_i/slave_rx.rxbyteclkhs_buf/O
    X0Y1 (CLOCK_ROOT)    net (fo=801, routed)         1.627     3.487    system_top_wrapper/system_top/system_top_mipi_csi2_rx_0/system_top_mipi_csi2_rx_0_bd_a98f/bd_a98f_rx_0/<hidden>/<hidden>
    SLICE_X14Y117        FDPE                                         r  system_top_wrapper/system_top/system_top_mipi_csi2_rx_0/system_top_mipi_csi2_rx_0_bd_a98f/bd_a98f_rx_0/<hidden>/<hidden>
                         clock pessimism             -0.801     2.686    
    SLICE_X14Y117        FDPE (Remov_AFF_SLICEL_C_PRE)
                                                     -0.018     2.668    system_top_wrapper/system_top/system_top_mipi_csi2_rx_0/system_top_mipi_csi2_rx_0_bd_a98f/bd_a98f_rx_0/<hidden>/<hidden>
  -------------------------------------------------------------------
                         required time                         -2.668    
                         arrival time                           2.832    
  -------------------------------------------------------------------
                         slack                                  0.164    





