Copyright 1986-2022 Xilinx, Inc. All Rights Reserved. Copyright 2022-2025 Advanced Micro Devices, Inc. All Rights Reserved.
-----------------------------------------------------------------------------------------------------------------------------------------------------------------------------------
| Tool Version      : Vivado v.2025.2 (lin64) Build 6299465 Fri Nov 14 12:34:56 MST 2025
| Date              : Mon May 18 06:21:23 2026
| Host              : cloud-vm-44-108 running 64-bit Ubuntu 20.04.6 LTS
| Command           : report_timing_summary -file /home/cbt22/code/code_fyp/VisionSoC/fpga/build/mudkip2d128big1bram1chain2lanescale_fpga_maskopt-20260518-055430/timing_synth.rpt
| Design            : system_top_wrapper
| Device            : xck26-sfvc784
| Speed File        : -2LV  PRODUCTION 1.30 05-15-2022
| Design State      : Synthesized
| Temperature Grade : C
-----------------------------------------------------------------------------------------------------------------------------------------------------------------------------------

Timing Summary Report

------------------------------------------------------------------------------------------------
| Timer Settings
| --------------
------------------------------------------------------------------------------------------------

  Enable Multi Corner Analysis               :  Yes
  Enable Pessimism Removal                   :  Yes
  Pessimism Removal Resolution               :  Nearest Common Node
  Enable Input Delay Default Clock           :  No
  Enable Preset / Clear Arcs                 :  No
  Disable Flight Delays                      :  No
  Ignore I/O Paths                           :  No
  Timing Early Launch at Borrowing Latches   :  No
  Borrow Time for Max Delay Exceptions       :  Yes
  Merge Timing Exceptions                    :  Yes
  Inter-SLR Compensation                     :  Conservative

  Corner  Analyze    Analyze    
  Name    Max Paths  Min Paths  
  ------  ---------  ---------  
  Slow    Yes        Yes        
  Fast    Yes        Yes        


------------------------------------------------------------------------------------------------
| Report Methodology
| ------------------
------------------------------------------------------------------------------------------------

No report available as report_methodology has not been run prior. Run report_methodology on the current design for the summary of methodology violations.



check_timing report

Table of Contents
-----------------
1. checking no_clock (8)
2. checking constant_clock (0)
3. checking pulse_width_clock (0)
4. checking unconstrained_internal_endpoints (0)
5. checking no_input_delay (6)
6. checking no_output_delay (2)
7. checking multiple_clock (0)
8. checking generated_clocks (0)
9. checking loops (0)
10. checking partial_input_delay (0)
11. checking partial_output_delay (0)
12. checking latch_loops (0)

1. checking no_clock (8)
------------------------
 There are 8 register/latch pins with no clock (HIGH)


2. checking constant_clock (0)
------------------------------
 There are 0 register/latch pins with constant_clock.


3. checking pulse_width_clock (0)
---------------------------------
 There are 0 register/latch pins which need pulse_width check


4. checking unconstrained_internal_endpoints (0)
------------------------------------------------
 There are 0 pins that are not constrained for maximum delay.

 There are 0 pins that are not constrained for maximum delay due to constant clock.


5. checking no_input_delay (6)
------------------------------
 There are 6 input ports with no input delay specified. (HIGH)

 There are 0 input ports with no input delay but user has a false path constraint.


6. checking no_output_delay (2)
-------------------------------
 There are 2 ports with no output delay specified. (HIGH)

 There are 0 ports with no output delay but user has a false path constraint

 There are 0 ports with no output delay but with a timing clock defined on it or propagating through it


7. checking multiple_clock (0)
------------------------------
 There are 0 register/latch pins with multiple clocks.


8. checking generated_clocks (0)
--------------------------------
 There are 0 generated clocks that are not connected to a clock source.


9. checking loops (0)
---------------------
 There are 0 combinational loops in the design.


10. checking partial_input_delay (0)
------------------------------------
 There are 0 input ports with partial input delay specified.


11. checking partial_output_delay (0)
-------------------------------------
 There are 0 ports with partial output delay specified.


12. checking latch_loops (0)
----------------------------
 There are 0 combinational latch loops in the design through latch input



------------------------------------------------------------------------------------------------
| Design Timing Summary
| ---------------------
------------------------------------------------------------------------------------------------

    WNS(ns)      TNS(ns)  TNS Failing Endpoints  TNS Total Endpoints      WHS(ns)      THS(ns)  THS Failing Endpoints  THS Total Endpoints     WPWS(ns)     TPWS(ns)  TPWS Failing Endpoints  TPWS Total Endpoints  
    -------      -------  ---------------------  -------------------      -------      -------  ---------------------  -------------------     --------     --------  ----------------------  --------------------  
      0.307        0.000                      0               284204       -0.409    -1489.596                  66515               283816       -0.712       -1.425                       2                113058  


Timing constraints are not met.


------------------------------------------------------------------------------------------------
| Clock Summary
| -------------
------------------------------------------------------------------------------------------------

Clock                               Waveform(ns)           Period(ns)      Frequency(MHz)
-----                               ------------           ----------      --------------
clk_pl_0                            {0.000 5.000}          10.000          100.000         
  clk_100M_system_top_clk_wiz_0_0   {0.000 5.000}          10.000          100.000         
  clk_200M_system_top_clk_wiz_0_0   {0.000 2.500}          5.000           200.000         
    GEN_PLL_IN_IP_USP.pll0_clkout0  {0.000 2.667}          5.333           187.500         
    clkoutphy_out                   {0.000 0.333}          0.667           1499.999        
      clkoutphy_out_DIV             {0.000 2.667}          5.333           187.500         
    pll0_clkout1                    {0.000 0.333}          0.667           1499.999        
  clk_300M_system_top_clk_wiz_0_0   {0.000 1.667}          3.333           300.000         
  clk_60M_system_top_clk_wiz_0_0    {0.000 8.333}          16.667          60.000          
clk_pl_1                            {0.000 5.000}          10.000          100.000         
mipi_phy_if_clk_p                   {0.000 1.116}          2.232           448.029         
  mipi_phy_if_clk_p_FIFO_WRCLK_OUT  {0.000 4.464}          8.928           112.007         


------------------------------------------------------------------------------------------------
| Intra Clock Table
| -----------------
------------------------------------------------------------------------------------------------

Clock                                   WNS(ns)      TNS(ns)  TNS Failing Endpoints  TNS Total Endpoints      WHS(ns)      THS(ns)  THS Failing Endpoints  THS Total Endpoints     WPWS(ns)     TPWS(ns)  TPWS Failing Endpoints  TPWS Total Endpoints  
-----                                   -------      -------  ---------------------  -------------------      -------      -------  ---------------------  -------------------     --------     --------  ----------------------  --------------------  
clk_pl_0                                                                                                                                                                              2.000        0.000                       0                     2  
  clk_100M_system_top_clk_wiz_0_0         6.944        0.000                      0                 6284       -0.033      -31.983                   1870                 6284        3.500        0.000                       0                  3133  
  clk_200M_system_top_clk_wiz_0_0         2.644        0.000                      0                 1050       -0.033       -4.163                    303                 1050        0.750        0.000                       0                   846  
    GEN_PLL_IN_IP_USP.pll0_clkout0        3.969        0.000                      0                   27       -0.029       -0.132                     15                   27        2.392        0.000                       0                    56  
    clkoutphy_out                                                                                                                                                                     0.164        0.000                       0                     3  
    pll0_clkout1                                                                                                                                                                     -0.712       -1.425                       2                     2  
  clk_300M_system_top_clk_wiz_0_0         0.307        0.000                      0                21829       -0.087     -218.223                   6795                21829        0.167        0.000                       0                  8210  
  clk_60M_system_top_clk_wiz_0_0          2.034        0.000                      0               252015       -0.089    -1193.553                  56583               252015        6.833        0.000                       0                 99955  
mipi_phy_if_clk_p                                                                                                                                                                     0.827        0.000                       0                     1  
  mipi_phy_if_clk_p_FIFO_WRCLK_OUT        7.015        0.000                      0                 1997       -0.083      -38.387                    941                 1997        3.702        0.000                       0                   850  


------------------------------------------------------------------------------------------------
| Inter Clock Table
| -----------------
------------------------------------------------------------------------------------------------

From Clock                       To Clock                             WNS(ns)      TNS(ns)  TNS Failing Endpoints  TNS Total Endpoints      WHS(ns)      THS(ns)  THS Failing Endpoints  THS Total Endpoints  
----------                       --------                             -------      -------  ---------------------  -------------------      -------      -------  ---------------------  -------------------  
clk_300M_system_top_clk_wiz_0_0  clk_100M_system_top_clk_wiz_0_0        2.715        0.000                      0                  200                                                                        
GEN_PLL_IN_IP_USP.pll0_clkout0   clkoutphy_out_DIV                      4.195        0.000                      0                    8       -0.409       -3.154                      8                    8  
clk_100M_system_top_clk_wiz_0_0  clk_300M_system_top_clk_wiz_0_0        3.091        0.000                      0                  214                                                                        


------------------------------------------------------------------------------------------------
| Other Path Groups Table
| -----------------------
------------------------------------------------------------------------------------------------

Path Group                        From Clock                        To Clock                              WNS(ns)      TNS(ns)  TNS Failing Endpoints  TNS Total Endpoints      WHS(ns)      THS(ns)  THS Failing Endpoints  THS Total Endpoints  
----------                        ----------                        --------                              -------      -------  ---------------------  -------------------      -------      -------  ---------------------  -------------------  
**async_default**                 clk_200M_system_top_clk_wiz_0_0   clk_200M_system_top_clk_wiz_0_0         4.216        0.000                      0                   77        0.074        0.000                      0                   77  
**async_default**                 clk_300M_system_top_clk_wiz_0_0   clk_300M_system_top_clk_wiz_0_0         2.268        0.000                      0                   32        0.231        0.000                      0                   32  
**async_default**                 clk_60M_system_top_clk_wiz_0_0    clk_60M_system_top_clk_wiz_0_0         15.488        0.000                      0                  461        0.281        0.000                      0                  461  
**async_default**                 mipi_phy_if_clk_p_FIFO_WRCLK_OUT  mipi_phy_if_clk_p_FIFO_WRCLK_OUT        8.048        0.000                      0                   36        0.079        0.000                      0                   36  


------------------------------------------------------------------------------------------------
| Timing Details
| --------------
------------------------------------------------------------------------------------------------


---------------------------------------------------------------------------------------------------
From Clock:  clk_pl_0
  To Clock:  clk_pl_0

Setup :           NA  Failing Endpoints,  Worst Slack           NA  ,  Total Violation           NA
Hold  :           NA  Failing Endpoints,  Worst Slack           NA  ,  Total Violation           NA
PW    :            0  Failing Endpoints,  Worst Slack        2.000ns,  Total Violation        0.000ns
---------------------------------------------------------------------------------------------------


Pulse Width Checks
--------------------------------------------------------------------------------------
Clock Name:         clk_pl_0
Waveform(ns):       { 0.000 5.000 }
Period(ns):         10.000
Sources:            { system_top_i/zynq_ps/inst/PS8_i/PLCLK[0] }

Check Type        Corner  Lib Pin            Reference Pin  Required(ns)  Actual(ns)  Slack(ns)  Location  Pin
Min Period        n/a     BUFGCE/I           n/a            1.379         10.000      8.621                system_top_i/clk_wiz_0/inst/clkin1_bufg/I
Max Period        n/a     MMCME4_ADV/CLKIN1  n/a            100.000       10.000      90.000               system_top_i/clk_wiz_0/inst/mmcme4_adv_inst/CLKIN1
Low Pulse Width   Slow    MMCME4_ADV/CLKIN1  n/a            3.000         5.000       2.000                system_top_i/clk_wiz_0/inst/mmcme4_adv_inst/CLKIN1
High Pulse Width  Slow    MMCME4_ADV/CLKIN1  n/a            3.000         5.000       2.000                system_top_i/clk_wiz_0/inst/mmcme4_adv_inst/CLKIN1



---------------------------------------------------------------------------------------------------
From Clock:  clk_100M_system_top_clk_wiz_0_0
  To Clock:  clk_100M_system_top_clk_wiz_0_0

Setup :            0  Failing Endpoints,  Worst Slack        6.944ns,  Total Violation        0.000ns
Hold  :         1870  Failing Endpoints,  Worst Slack       -0.033ns,  Total Violation      -31.983ns
PW    :            0  Failing Endpoints,  Worst Slack        3.500ns,  Total Violation        0.000ns
---------------------------------------------------------------------------------------------------


Max Delay Paths
--------------------------------------------------------------------------------------
Slack (MET) :             6.944ns  (required time - arrival time)
  Source:                 system_top_i/smartconnect_lpd/inst/s00_entry_pipeline/s00_mmu/inst/aw_reg_stall/m_vector_i_reg[1130]/C
                            (rising edge-triggered cell FDRE clocked by clk_100M_system_top_clk_wiz_0_0  {rise@0.000ns fall@5.000ns period=10.000ns})
  Destination:            system_top_i/smartconnect_lpd/inst/s00_entry_pipeline/s00_si_converter/inst/gen_axilite_conv.axilite_conv_inst/aw_addr_reg[0]/D
                            (rising edge-triggered cell FDRE clocked by clk_100M_system_top_clk_wiz_0_0  {rise@0.000ns fall@5.000ns period=10.000ns})
  Path Group:             clk_100M_system_top_clk_wiz_0_0
  Path Type:              Setup (Max at Slow Process Corner)
  Requirement:            10.000ns  (clk_100M_system_top_clk_wiz_0_0 rise@10.000ns - clk_100M_system_top_clk_wiz_0_0 rise@0.000ns)
  Data Path Delay:        2.887ns  (logic 1.045ns (36.197%)  route 1.842ns (63.803%))
  Logic Levels:           10  (CARRY8=2 LUT4=2 LUT5=2 LUT6=4)
  Clock Path Skew:        -0.145ns (DCD - SCD + CPR)
    Destination Clock Delay (DCD):    8.594ns = ( 18.594 - 10.000 ) 
    Source Clock Delay      (SCD):    8.275ns
    Clock Pessimism Removal (CPR):    -0.464ns
  Clock Uncertainty:      0.068ns  ((TSJ^2 + DJ^2)^1/2) / 2 + PE
    Total System Jitter     (TSJ):    0.071ns
    Discrete Jitter          (DJ):    0.116ns
    Phase Error              (PE):    0.000ns

    Location             Delay type                Incr(ns)  Path(ns)    Netlist Resource(s)
  -------------------------------------------------------------------    -------------------
                         (clock clk_100M_system_top_clk_wiz_0_0 rise edge)
                                                      0.000     0.000 r  
                         PS8                          0.000     0.000 r  system_top_i/zynq_ps/inst/PS8_i/PLCLK[0]
                         net (fo=1, unplaced)         0.229     0.229    system_top_i/zynq_ps/inst/pl_clk_unbuffered[0]
                         BUFG_PS (Prop_BUFG_PS_I_O)
                                                      0.038     0.267 r  system_top_i/zynq_ps/inst/buffer_pl_clk_0.PL_CLK_0_BUFG/O
                         net (fo=1, unplaced)         2.584     2.851    system_top_i/clk_wiz_0/inst/clk_in1
                         BUFGCE (Prop_BUFGCE_I_O)     0.044     2.895 r  system_top_i/clk_wiz_0/inst/clkin1_bufg/O
                         net (fo=1, unplaced)         2.584     5.479    system_top_i/clk_wiz_0/inst/clk_in1_system_top_clk_wiz_0_0
                         MMCME4_ADV (Prop_MMCME4_ADV_CLKIN1_CLKOUT0)
                                                     -0.103     5.376 r  system_top_i/clk_wiz_0/inst/mmcme4_adv_inst/CLKOUT0
                         net (fo=1, unplaced)         0.271     5.647    system_top_i/clk_wiz_0/inst/clk_100M_system_top_clk_wiz_0_0
                         BUFGCE (Prop_BUFGCE_I_O)     0.044     5.691 r  system_top_i/clk_wiz_0/inst/clkout1_buf/O
                         net (fo=3131, unplaced)      2.584     8.275    system_top_i/smartconnect_lpd/inst/s00_entry_pipeline/s00_mmu/inst/aw_reg_stall/aclk
                         FDRE                                         r  system_top_i/smartconnect_lpd/inst/s00_entry_pipeline/s00_mmu/inst/aw_reg_stall/m_vector_i_reg[1130]/C
  -------------------------------------------------------------------    -------------------
                         FDRE (Prop_FDRE_C_Q)         0.114     8.389 r  system_top_i/smartconnect_lpd/inst/s00_entry_pipeline/s00_mmu/inst/aw_reg_stall/m_vector_i_reg[1130]/Q
                         net (fo=10, unplaced)        0.207     8.596    system_top_i/smartconnect_lpd/inst/s00_entry_pipeline/s00_si_converter/inst/gen_axilite_conv.axilite_conv_inst/s_axi_awlen[5]
                         LUT6 (Prop_LUT6_I0_O)        0.225     8.821 r  system_top_i/smartconnect_lpd/inst/s00_entry_pipeline/s00_si_converter/inst/gen_axilite_conv.axilite_conv_inst/wrap_awaddr_limit_carry__0_i_15/O
                         net (fo=4, unplaced)         0.223     9.044    system_top_i/smartconnect_lpd/inst/s00_entry_pipeline/s00_si_converter/inst/gen_axilite_conv.axilite_conv_inst/wrap_awaddr_limit_carry__0_i_15_n_0
                         LUT4 (Prop_LUT4_I2_O)        0.095     9.139 r  system_top_i/smartconnect_lpd/inst/s00_entry_pipeline/s00_si_converter/inst/gen_axilite_conv.axilite_conv_inst/wrap_awaddr_limit_carry_i_31/O
                         net (fo=1, unplaced)         0.211     9.350    system_top_i/smartconnect_lpd/inst/s00_entry_pipeline/s00_si_converter/inst/gen_axilite_conv.axilite_conv_inst/wrap_awaddr_limit_carry_i_31_n_0
                         LUT6 (Prop_LUT6_I5_O)        0.058     9.408 r  system_top_i/smartconnect_lpd/inst/s00_entry_pipeline/s00_si_converter/inst/gen_axilite_conv.axilite_conv_inst/wrap_awaddr_limit_carry_i_24/O
                         net (fo=2, unplaced)         0.211     9.619    system_top_i/smartconnect_lpd/inst/s00_entry_pipeline/s00_si_converter/inst/gen_axilite_conv.axilite_conv_inst/wrap_awaddr_limit_carry_i_24_n_0
                         LUT4 (Prop_LUT4_I3_O)        0.060     9.679 r  system_top_i/smartconnect_lpd/inst/s00_entry_pipeline/s00_si_converter/inst/gen_axilite_conv.axilite_conv_inst/wrap_awaddr_limit_carry_i_9/O
                         net (fo=1, unplaced)         0.029     9.708    system_top_i/smartconnect_lpd/inst/s00_entry_pipeline/s00_si_converter/inst/gen_axilite_conv.axilite_conv_inst/wrap_awaddr_limit_carry_i_9_n_0
                         CARRY8 (Prop_CARRY8_S[7]_CO[7])
                                                      0.183     9.891 r  system_top_i/smartconnect_lpd/inst/s00_entry_pipeline/s00_si_converter/inst/gen_axilite_conv.axilite_conv_inst/wrap_awaddr_limit_carry/CO[7]
                         net (fo=1, unplaced)         0.006     9.897    system_top_i/smartconnect_lpd/inst/s00_entry_pipeline/s00_si_converter/inst/gen_axilite_conv.axilite_conv_inst/wrap_awaddr_limit_carry_n_0
                         CARRY8 (Prop_CARRY8_CI_O[0])
                                                      0.078     9.975 r  system_top_i/smartconnect_lpd/inst/s00_entry_pipeline/s00_si_converter/inst/gen_axilite_conv.axilite_conv_inst/wrap_awaddr_limit_carry__0/O[0]
                         net (fo=1, unplaced)         0.211    10.186    system_top_i/smartconnect_lpd/inst/s00_entry_pipeline/s00_si_converter/inst/gen_axilite_conv.axilite_conv_inst/wrap_awaddr_limit[8]
                         LUT5 (Prop_LUT5_I0_O)        0.058    10.244 r  system_top_i/smartconnect_lpd/inst/s00_entry_pipeline/s00_si_converter/inst/gen_axilite_conv.axilite_conv_inst/aw_addr[11]_i_17/O
                         net (fo=1, unplaced)         0.211    10.455    system_top_i/smartconnect_lpd/inst/s00_entry_pipeline/s00_si_converter/inst/gen_axilite_conv.axilite_conv_inst/aw_addr[11]_i_17_n_0
                         LUT6 (Prop_LUT6_I5_O)        0.058    10.513 r  system_top_i/smartconnect_lpd/inst/s00_entry_pipeline/s00_si_converter/inst/gen_axilite_conv.axilite_conv_inst/aw_addr[11]_i_12/O
                         net (fo=1, unplaced)         0.211    10.724    system_top_i/smartconnect_lpd/inst/s00_entry_pipeline/s00_si_converter/inst/gen_axilite_conv.axilite_conv_inst/aw_addr[11]_i_12_n_0
                         LUT6 (Prop_LUT6_I2_O)        0.058    10.782 r  system_top_i/smartconnect_lpd/inst/s00_entry_pipeline/s00_si_converter/inst/gen_axilite_conv.axilite_conv_inst/aw_addr[11]_i_9/O
                         net (fo=16, unplaced)        0.255    11.037    system_top_i/smartconnect_lpd/inst/s00_entry_pipeline/s00_si_converter/inst/gen_axilite_conv.axilite_conv_inst/aw_addr[11]_i_9_n_0
                         LUT5 (Prop_LUT5_I2_O)        0.058    11.095 r  system_top_i/smartconnect_lpd/inst/s00_entry_pipeline/s00_si_converter/inst/gen_axilite_conv.axilite_conv_inst/aw_addr[0]_i_1/O
                         net (fo=1, unplaced)         0.067    11.162    system_top_i/smartconnect_lpd/inst/s00_entry_pipeline/s00_si_converter/inst/gen_axilite_conv.axilite_conv_inst/aw_addr[0]_i_1_n_0
                         FDRE                                         r  system_top_i/smartconnect_lpd/inst/s00_entry_pipeline/s00_si_converter/inst/gen_axilite_conv.axilite_conv_inst/aw_addr_reg[0]/D
  -------------------------------------------------------------------    -------------------

                         (clock clk_100M_system_top_clk_wiz_0_0 rise edge)
                                                     10.000    10.000 r  
                         PS8                          0.000    10.000 r  system_top_i/zynq_ps/inst/PS8_i/PLCLK[0]
                         net (fo=1, unplaced)         0.181    10.181    system_top_i/zynq_ps/inst/pl_clk_unbuffered[0]
                         BUFG_PS (Prop_BUFG_PS_I_O)
                                                      0.035    10.216 r  system_top_i/zynq_ps/inst/buffer_pl_clk_0.PL_CLK_0_BUFG/O
                         net (fo=1, unplaced)         2.439    12.655    system_top_i/clk_wiz_0/inst/clk_in1
                         BUFGCE (Prop_BUFGCE_I_O)     0.039    12.694 r  system_top_i/clk_wiz_0/inst/clkin1_bufg/O
                         net (fo=1, unplaced)         2.439    15.133    system_top_i/clk_wiz_0/inst/clk_in1_system_top_clk_wiz_0_0
                         MMCME4_ADV (Prop_MMCME4_ADV_CLKIN1_CLKOUT0)
                                                      0.739    15.872 r  system_top_i/clk_wiz_0/inst/mmcme4_adv_inst/CLKOUT0
                         net (fo=1, unplaced)         0.244    16.116    system_top_i/clk_wiz_0/inst/clk_100M_system_top_clk_wiz_0_0
                         BUFGCE (Prop_BUFGCE_I_O)     0.039    16.155 r  system_top_i/clk_wiz_0/inst/clkout1_buf/O
                         net (fo=3131, unplaced)      2.439    18.594    system_top_i/smartconnect_lpd/inst/s00_entry_pipeline/s00_si_converter/inst/gen_axilite_conv.axilite_conv_inst/aclk
                         FDRE                                         r  system_top_i/smartconnect_lpd/inst/s00_entry_pipeline/s00_si_converter/inst/gen_axilite_conv.axilite_conv_inst/aw_addr_reg[0]/C
                         clock pessimism             -0.464    18.130    
                         clock uncertainty           -0.068    18.062    
                         FDRE (Setup_FDRE_C_D)        0.044    18.106    system_top_i/smartconnect_lpd/inst/s00_entry_pipeline/s00_si_converter/inst/gen_axilite_conv.axilite_conv_inst/aw_addr_reg[0]
  -------------------------------------------------------------------
                         required time                         18.106    
                         arrival time                         -11.162    
  -------------------------------------------------------------------
                         slack                                  6.944    





Min Delay Paths
--------------------------------------------------------------------------------------
Slack (VIOLATED) :        -0.033ns  (arrival time - required time)
  Source:                 system_top_wrapper/system_top/system_top_mipi_csi2_rx_0/system_top_mipi_csi2_rx_0_bd_a98f/bd_a98f_rx_0/<hidden>/<hidden>/<hidden>/<hidden>
                            (rising edge-triggered cell FDRE clocked by clk_100M_system_top_clk_wiz_0_0  {rise@0.000ns fall@5.000ns period=10.000ns})
  Destination:            system_top_wrapper/system_top/system_top_mipi_csi2_rx_0/system_top_mipi_csi2_rx_0_bd_a98f/bd_a98f_rx_0/<hidden>/<hidden>/<hidden>
                            (rising edge-triggered cell FDRE clocked by clk_100M_system_top_clk_wiz_0_0  {rise@0.000ns fall@5.000ns period=10.000ns})
  Path Group:             clk_100M_system_top_clk_wiz_0_0
  Path Type:              Hold (Min at Fast Process Corner)
  Requirement:            0.000ns  (clk_100M_system_top_clk_wiz_0_0 rise@0.000ns - clk_100M_system_top_clk_wiz_0_0 rise@0.000ns)
  Data Path Delay:        0.156ns  (logic 0.082ns (52.564%)  route 0.074ns (47.436%))
  Logic Levels:           0  
  Clock Path Skew:        0.145ns (DCD - SCD - CPR)
    Destination Clock Delay (DCD):    4.092ns
    Source Clock Delay      (SCD):    4.244ns
    Clock Pessimism Removal (CPR):    -0.297ns

    Location             Delay type                Incr(ns)  Path(ns)    Netlist Resource(s)
  -------------------------------------------------------------------    -------------------
                         (clock clk_100M_system_top_clk_wiz_0_0 rise edge)
                                                      0.000     0.000 r  
                         PS8                          0.000     0.000 r  system_top_i/zynq_ps/inst/PS8_i/PLCLK[0]
                         net (fo=1, unplaced)         0.129     0.129    system_top_i/zynq_ps/inst/pl_clk_unbuffered[0]
                         BUFG_PS (Prop_BUFG_PS_I_O)
                                                      0.022     0.151 r  system_top_i/zynq_ps/inst/buffer_pl_clk_0.PL_CLK_0_BUFG/O
                         net (fo=1, unplaced)         1.114     1.265    system_top_i/clk_wiz_0/inst/clk_in1
                         BUFGCE (Prop_BUFGCE_I_O)     0.023     1.288 r  system_top_i/clk_wiz_0/inst/clkin1_bufg/O
                         net (fo=1, unplaced)         1.114     2.402    system_top_i/clk_wiz_0/inst/clk_in1_system_top_clk_wiz_0_0
                         MMCME4_ADV (Prop_MMCME4_ADV_CLKIN1_CLKOUT0)
                                                      0.566     2.968 r  system_top_i/clk_wiz_0/inst/mmcme4_adv_inst/CLKOUT0
                         net (fo=1, unplaced)         0.139     3.107    system_top_i/clk_wiz_0/inst/clk_100M_system_top_clk_wiz_0_0
                         BUFGCE (Prop_BUFGCE_I_O)     0.023     3.130 r  system_top_i/clk_wiz_0/inst/clkout1_buf/O
                         net (fo=3131, unplaced)      1.114     4.244    system_top_wrapper/system_top/system_top_mipi_csi2_rx_0/system_top_mipi_csi2_rx_0_bd_a98f/bd_a98f_rx_0/<hidden>/<hidden>/<hidden>/<hidden>
                         FDRE                                         r  system_top_wrapper/system_top/system_top_mipi_csi2_rx_0/system_top_mipi_csi2_rx_0_bd_a98f/bd_a98f_rx_0/<hidden>/<hidden>/<hidden>/<hidden>
  -------------------------------------------------------------------    -------------------
                         FDRE (Prop_FDRE_C_Q)         0.082     4.326 r  system_top_wrapper/system_top/system_top_mipi_csi2_rx_0/system_top_mipi_csi2_rx_0_bd_a98f/bd_a98f_rx_0/<hidden>/<hidden>/<hidden>/<hidden>
                         net (fo=2, unplaced)         0.074     4.400    system_top_wrapper/system_top/system_top_mipi_csi2_rx_0/system_top_mipi_csi2_rx_0_bd_a98f/bd_a98f_rx_0/<hidden>/<hidden>/<hidden>
                         FDRE                                         r  system_top_wrapper/system_top/system_top_mipi_csi2_rx_0/system_top_mipi_csi2_rx_0_bd_a98f/bd_a98f_rx_0/<hidden>/<hidden>/<hidden>
  -------------------------------------------------------------------    -------------------

                         (clock clk_100M_system_top_clk_wiz_0_0 rise edge)
                                                      0.000     0.000 r  
                         PS8                          0.000     0.000 r  system_top_i/zynq_ps/inst/PS8_i/PLCLK[0]
                         net (fo=1, unplaced)         0.164     0.164    system_top_i/zynq_ps/inst/pl_clk_unbuffered[0]
                         BUFG_PS (Prop_BUFG_PS_I_O)
                                                      0.023     0.187 r  system_top_i/zynq_ps/inst/buffer_pl_clk_0.PL_CLK_0_BUFG/O
                         net (fo=1, unplaced)         1.259     1.446    system_top_i/clk_wiz_0/inst/clk_in1
                         BUFGCE (Prop_BUFGCE_I_O)     0.026     1.472 r  system_top_i/clk_wiz_0/inst/clkin1_bufg/O
                         net (fo=1, unplaced)         1.259     2.731    system_top_i/clk_wiz_0/inst/clk_in1_system_top_clk_wiz_0_0
                         MMCME4_ADV (Prop_MMCME4_ADV_CLKIN1_CLKOUT0)
                                                     -0.079     2.652 r  system_top_i/clk_wiz_0/inst/mmcme4_adv_inst/CLKOUT0
                         net (fo=1, unplaced)         0.155     2.807    system_top_i/clk_wiz_0/inst/clk_100M_system_top_clk_wiz_0_0
                         BUFGCE (Prop_BUFGCE_I_O)     0.026     2.833 r  system_top_i/clk_wiz_0/inst/clkout1_buf/O
                         net (fo=3131, unplaced)      1.259     4.092    system_top_wrapper/system_top/system_top_mipi_csi2_rx_0/system_top_mipi_csi2_rx_0_bd_a98f/bd_a98f_rx_0/<hidden>/<hidden>/<hidden>
                         FDRE                                         r  system_top_wrapper/system_top/system_top_mipi_csi2_rx_0/system_top_mipi_csi2_rx_0_bd_a98f/bd_a98f_rx_0/<hidden>/<hidden>/<hidden>
                         clock pessimism              0.297     4.389    
                         FDRE (Hold_FDRE_C_D)         0.044     4.433    system_top_wrapper/system_top/system_top_mipi_csi2_rx_0/system_top_mipi_csi2_rx_0_bd_a98f/bd_a98f_rx_0/<hidden>/<hidden>/<hidden>
  -------------------------------------------------------------------
                         required time                         -4.433    
                         arrival time                           4.400    
  -------------------------------------------------------------------
                         slack                                 -0.033    





Pulse Width Checks
--------------------------------------------------------------------------------------
Clock Name:         clk_100M_system_top_clk_wiz_0_0
Waveform(ns):       { 0.000 5.000 }
Period(ns):         10.000
Sources:            { system_top_i/clk_wiz_0/inst/mmcme4_adv_inst/CLKOUT0 }

Check Type        Corner  Lib Pin          Reference Pin  Required(ns)  Actual(ns)  Slack(ns)  Location  Pin
Min Period        n/a     PS8/MAXIGP2ACLK  n/a            3.000         10.000      7.000                system_top_i/zynq_ps/inst/PS8_i/MAXIGP2ACLK
Low Pulse Width   Slow    PS8/MAXIGP2ACLK  n/a            1.500         5.000       3.500                system_top_i/zynq_ps/inst/PS8_i/MAXIGP2ACLK
High Pulse Width  Slow    PS8/MAXIGP2ACLK  n/a            1.500         5.000       3.500                system_top_i/zynq_ps/inst/PS8_i/MAXIGP2ACLK



---------------------------------------------------------------------------------------------------
From Clock:  clk_200M_system_top_clk_wiz_0_0
  To Clock:  clk_200M_system_top_clk_wiz_0_0

Setup :            0  Failing Endpoints,  Worst Slack        2.644ns,  Total Violation        0.000ns
Hold  :          303  Failing Endpoints,  Worst Slack       -0.033ns,  Total Violation       -4.163ns
PW    :            0  Failing Endpoints,  Worst Slack        0.750ns,  Total Violation        0.000ns
---------------------------------------------------------------------------------------------------


Max Delay Paths
--------------------------------------------------------------------------------------
Slack (MET) :             2.644ns  (required time - arrival time)
  Source:                 system_top_i/mipi_csi2_rx/inst/phy/inst/inst/bd_a98f_phy_0_rx_support_i/slave_rx.bd_a98f_phy_0_rx_hssio_i/inst/top_inst/bs_ctrl_top_inst/BITSLICE_CTRL[0].bs_ctrl_inst/RIU_CLK
                            (rising edge-triggered cell BITSLICE_CONTROL clocked by clk_200M_system_top_clk_wiz_0_0  {rise@0.000ns fall@2.500ns period=5.000ns})
  Destination:            system_top_i/mipi_csi2_rx/inst/phy/inst/inst/bd_a98f_phy_0_rx_support_i/slave_rx.bd_a98f_phy_0_rx_hssio_i/inst/top_inst/clk_rst_top_inst/rst_scheme_inst/GEN_RIU_NOT_FROM_PLL.timeout_cntr_rst_reg/D
                            (rising edge-triggered cell FDSE clocked by clk_200M_system_top_clk_wiz_0_0  {rise@0.000ns fall@2.500ns period=5.000ns})
  Path Group:             clk_200M_system_top_clk_wiz_0_0
  Path Type:              Setup (Max at Slow Process Corner)
  Requirement:            5.000ns  (clk_200M_system_top_clk_wiz_0_0 rise@5.000ns - clk_200M_system_top_clk_wiz_0_0 rise@0.000ns)
  Data Path Delay:        2.193ns  (logic 1.201ns (54.765%)  route 0.992ns (45.235%))
  Logic Levels:           3  (LUT5=1 LUT6=2)
  Clock Path Skew:        -0.145ns (DCD - SCD + CPR)
    Destination Clock Delay (DCD):    8.599ns = ( 13.599 - 5.000 ) 
    Source Clock Delay      (SCD):    8.282ns
    Clock Pessimism Removal (CPR):    -0.462ns
  Clock Uncertainty:      0.062ns  ((TSJ^2 + DJ^2)^1/2) / 2 + PE
    Total System Jitter     (TSJ):    0.071ns
    Discrete Jitter          (DJ):    0.102ns
    Phase Error              (PE):    0.000ns

    Location             Delay type                Incr(ns)  Path(ns)    Netlist Resource(s)
  -------------------------------------------------------------------    -------------------
                         (clock clk_200M_system_top_clk_wiz_0_0 rise edge)
                                                      0.000     0.000 r  
                         PS8                          0.000     0.000 r  system_top_i/zynq_ps/inst/PS8_i/PLCLK[0]
                         net (fo=1, unplaced)         0.229     0.229    system_top_i/zynq_ps/inst/pl_clk_unbuffered[0]
                         BUFG_PS (Prop_BUFG_PS_I_O)
                                                      0.038     0.267 r  system_top_i/zynq_ps/inst/buffer_pl_clk_0.PL_CLK_0_BUFG/O
                         net (fo=1, unplaced)         2.584     2.851    system_top_i/clk_wiz_0/inst/clk_in1
                         BUFGCE (Prop_BUFGCE_I_O)     0.044     2.895 r  system_top_i/clk_wiz_0/inst/clkin1_bufg/O
                         net (fo=1, unplaced)         2.584     5.479    system_top_i/clk_wiz_0/inst/clk_in1_system_top_clk_wiz_0_0
                         MMCME4_ADV (Prop_MMCME4_ADV_CLKIN1_CLKOUT1)
                                                     -0.103     5.376 r  system_top_i/clk_wiz_0/inst/mmcme4_adv_inst/CLKOUT1
                         net (fo=1, unplaced)         0.278     5.654    system_top_i/clk_wiz_0/inst/clk_200M_system_top_clk_wiz_0_0
                         BUFGCE (Prop_BUFGCE_I_O)     0.044     5.698 r  system_top_i/clk_wiz_0/inst/clkout2_buf/O
                         net (fo=844, unplaced)       2.584     8.282    system_top_i/mipi_csi2_rx/inst/phy/inst/inst/bd_a98f_phy_0_rx_support_i/slave_rx.bd_a98f_phy_0_rx_hssio_i/inst/top_inst/bs_ctrl_top_inst/clk
                         BITSLICE_CONTROL                             r  system_top_i/mipi_csi2_rx/inst/phy/inst/inst/bd_a98f_phy_0_rx_support_i/slave_rx.bd_a98f_phy_0_rx_hssio_i/inst/top_inst/bs_ctrl_top_inst/BITSLICE_CTRL[0].bs_ctrl_inst/RIU_CLK
  -------------------------------------------------------------------    -------------------
                         BITSLICE_CONTROL (Prop_BITSLICE_CONTROL_RIU_CLK_VTC_RDY)
                                                      0.897     9.179 r  system_top_i/mipi_csi2_rx/inst/phy/inst/inst/bd_a98f_phy_0_rx_support_i/slave_rx.bd_a98f_phy_0_rx_hssio_i/inst/top_inst/bs_ctrl_top_inst/BITSLICE_CTRL[0].bs_ctrl_inst/VTC_RDY
                         net (fo=5, unplaced)         0.503     9.682    system_top_i/mipi_csi2_rx/inst/phy/inst/inst/bd_a98f_phy_0_rx_support_i/slave_rx.bd_a98f_phy_0_rx_hssio_i/inst/top_inst/clk_rst_top_inst/rst_scheme_inst/sync_cell_dly_rdy_inst/n0_vtc_rdy_out
                         LUT5 (Prop_LUT5_I0_O)        0.188     9.870 r  system_top_i/mipi_csi2_rx/inst/phy/inst/inst/bd_a98f_phy_0_rx_support_i/slave_rx.bd_a98f_phy_0_rx_hssio_i/inst/top_inst/clk_rst_top_inst/rst_scheme_inst/sync_cell_dly_rdy_inst/GEN_RIU_NOT_FROM_PLL.timeout_cntr_rst_i_8/O
                         net (fo=1, unplaced)         0.211    10.081    system_top_i/mipi_csi2_rx/inst/phy/inst/inst/bd_a98f_phy_0_rx_support_i/slave_rx.bd_a98f_phy_0_rx_hssio_i/inst/top_inst/clk_rst_top_inst/rst_scheme_inst/sync_cell_dly_rdy_inst/GEN_RIU_NOT_FROM_PLL.timeout_cntr_rst_i_8_n_0
                         LUT6 (Prop_LUT6_I0_O)        0.058    10.139 r  system_top_i/mipi_csi2_rx/inst/phy/inst/inst/bd_a98f_phy_0_rx_support_i/slave_rx.bd_a98f_phy_0_rx_hssio_i/inst/top_inst/clk_rst_top_inst/rst_scheme_inst/sync_cell_dly_rdy_inst/GEN_RIU_NOT_FROM_PLL.timeout_cntr_rst_i_5/O
                         net (fo=1, unplaced)         0.211    10.350    system_top_i/mipi_csi2_rx/inst/phy/inst/inst/bd_a98f_phy_0_rx_support_i/slave_rx.bd_a98f_phy_0_rx_hssio_i/inst/top_inst/clk_rst_top_inst/rst_scheme_inst/sync_cell_pll0lock_inst/GEN_RIU_NOT_FROM_PLL.timeout_cntr_rst_reg
                         LUT6 (Prop_LUT6_I4_O)        0.058    10.408 r  system_top_i/mipi_csi2_rx/inst/phy/inst/inst/bd_a98f_phy_0_rx_support_i/slave_rx.bd_a98f_phy_0_rx_hssio_i/inst/top_inst/clk_rst_top_inst/rst_scheme_inst/sync_cell_pll0lock_inst/GEN_RIU_NOT_FROM_PLL.timeout_cntr_rst_i_1/O
                         net (fo=1, unplaced)         0.067    10.475    system_top_i/mipi_csi2_rx/inst/phy/inst/inst/bd_a98f_phy_0_rx_support_i/slave_rx.bd_a98f_phy_0_rx_hssio_i/inst/top_inst/clk_rst_top_inst/rst_scheme_inst/sync_cell_pll0lock_inst_n_6
                         FDSE                                         r  system_top_i/mipi_csi2_rx/inst/phy/inst/inst/bd_a98f_phy_0_rx_support_i/slave_rx.bd_a98f_phy_0_rx_hssio_i/inst/top_inst/clk_rst_top_inst/rst_scheme_inst/GEN_RIU_NOT_FROM_PLL.timeout_cntr_rst_reg/D
  -------------------------------------------------------------------    -------------------

                         (clock clk_200M_system_top_clk_wiz_0_0 rise edge)
                                                      5.000     5.000 r  
                         PS8                          0.000     5.000 r  system_top_i/zynq_ps/inst/PS8_i/PLCLK[0]
                         net (fo=1, unplaced)         0.181     5.181    system_top_i/zynq_ps/inst/pl_clk_unbuffered[0]
                         BUFG_PS (Prop_BUFG_PS_I_O)
                                                      0.035     5.216 r  system_top_i/zynq_ps/inst/buffer_pl_clk_0.PL_CLK_0_BUFG/O
                         net (fo=1, unplaced)         2.439     7.655    system_top_i/clk_wiz_0/inst/clk_in1
                         BUFGCE (Prop_BUFGCE_I_O)     0.039     7.694 r  system_top_i/clk_wiz_0/inst/clkin1_bufg/O
                         net (fo=1, unplaced)         2.439    10.133    system_top_i/clk_wiz_0/inst/clk_in1_system_top_clk_wiz_0_0
                         MMCME4_ADV (Prop_MMCME4_ADV_CLKIN1_CLKOUT1)
                                                      0.739    10.872 r  system_top_i/clk_wiz_0/inst/mmcme4_adv_inst/CLKOUT1
                         net (fo=1, unplaced)         0.249    11.121    system_top_i/clk_wiz_0/inst/clk_200M_system_top_clk_wiz_0_0
                         BUFGCE (Prop_BUFGCE_I_O)     0.039    11.160 r  system_top_i/clk_wiz_0/inst/clkout2_buf/O
                         net (fo=844, unplaced)       2.439    13.599    system_top_i/mipi_csi2_rx/inst/phy/inst/inst/bd_a98f_phy_0_rx_support_i/slave_rx.bd_a98f_phy_0_rx_hssio_i/inst/top_inst/clk_rst_top_inst/rst_scheme_inst/clk
                         FDSE                                         r  system_top_i/mipi_csi2_rx/inst/phy/inst/inst/bd_a98f_phy_0_rx_support_i/slave_rx.bd_a98f_phy_0_rx_hssio_i/inst/top_inst/clk_rst_top_inst/rst_scheme_inst/GEN_RIU_NOT_FROM_PLL.timeout_cntr_rst_reg/C
                         clock pessimism             -0.462    13.137    
                         clock uncertainty           -0.062    13.075    
                         FDSE (Setup_FDSE_C_D)        0.044    13.119    system_top_i/mipi_csi2_rx/inst/phy/inst/inst/bd_a98f_phy_0_rx_support_i/slave_rx.bd_a98f_phy_0_rx_hssio_i/inst/top_inst/clk_rst_top_inst/rst_scheme_inst/GEN_RIU_NOT_FROM_PLL.timeout_cntr_rst_reg
  -------------------------------------------------------------------
                         required time                         13.119    
                         arrival time                         -10.475    
  -------------------------------------------------------------------
                         slack                                  2.644    





Min Delay Paths
--------------------------------------------------------------------------------------
Slack (VIOLATED) :        -0.033ns  (arrival time - required time)
  Source:                 system_top_i/mipi_csi2_rx/inst/r_sync/U0/EXT_LPF/ACTIVE_LOW_AUX.ACT_LO_AUX/syncstages_ff_reg[3]/C
                            (rising edge-triggered cell FDRE clocked by clk_200M_system_top_clk_wiz_0_0  {rise@0.000ns fall@2.500ns period=5.000ns})
  Destination:            system_top_i/mipi_csi2_rx/inst/r_sync/U0/EXT_LPF/AUX_LPF[1].asr_lpf_reg[1]/D
                            (rising edge-triggered cell FDRE clocked by clk_200M_system_top_clk_wiz_0_0  {rise@0.000ns fall@2.500ns period=5.000ns})
  Path Group:             clk_200M_system_top_clk_wiz_0_0
  Path Type:              Hold (Min at Fast Process Corner)
  Requirement:            0.000ns  (clk_200M_system_top_clk_wiz_0_0 rise@0.000ns - clk_200M_system_top_clk_wiz_0_0 rise@0.000ns)
  Data Path Delay:        0.156ns  (logic 0.082ns (52.564%)  route 0.074ns (47.436%))
  Logic Levels:           0  
  Clock Path Skew:        0.145ns (DCD - SCD - CPR)
    Destination Clock Delay (DCD):    4.096ns
    Source Clock Delay      (SCD):    4.247ns
    Clock Pessimism Removal (CPR):    -0.296ns

    Location             Delay type                Incr(ns)  Path(ns)    Netlist Resource(s)
  -------------------------------------------------------------------    -------------------
                         (clock clk_200M_system_top_clk_wiz_0_0 rise edge)
                                                      0.000     0.000 r  
                         PS8                          0.000     0.000 r  system_top_i/zynq_ps/inst/PS8_i/PLCLK[0]
                         net (fo=1, unplaced)         0.129     0.129    system_top_i/zynq_ps/inst/pl_clk_unbuffered[0]
                         BUFG_PS (Prop_BUFG_PS_I_O)
                                                      0.022     0.151 r  system_top_i/zynq_ps/inst/buffer_pl_clk_0.PL_CLK_0_BUFG/O
                         net (fo=1, unplaced)         1.114     1.265    system_top_i/clk_wiz_0/inst/clk_in1
                         BUFGCE (Prop_BUFGCE_I_O)     0.023     1.288 r  system_top_i/clk_wiz_0/inst/clkin1_bufg/O
                         net (fo=1, unplaced)         1.114     2.402    system_top_i/clk_wiz_0/inst/clk_in1_system_top_clk_wiz_0_0
                         MMCME4_ADV (Prop_MMCME4_ADV_CLKIN1_CLKOUT1)
                                                      0.566     2.968 r  system_top_i/clk_wiz_0/inst/mmcme4_adv_inst/CLKOUT1
                         net (fo=1, unplaced)         0.142     3.110    system_top_i/clk_wiz_0/inst/clk_200M_system_top_clk_wiz_0_0
                         BUFGCE (Prop_BUFGCE_I_O)     0.023     3.133 r  system_top_i/clk_wiz_0/inst/clkout2_buf/O
                         net (fo=844, unplaced)       1.114     4.247    system_top_i/mipi_csi2_rx/inst/r_sync/U0/EXT_LPF/ACTIVE_LOW_AUX.ACT_LO_AUX/dest_clk
                         FDRE                                         r  system_top_i/mipi_csi2_rx/inst/r_sync/U0/EXT_LPF/ACTIVE_LOW_AUX.ACT_LO_AUX/syncstages_ff_reg[3]/C
  -------------------------------------------------------------------    -------------------
                         FDRE (Prop_FDRE_C_Q)         0.082     4.329 r  system_top_i/mipi_csi2_rx/inst/r_sync/U0/EXT_LPF/ACTIVE_LOW_AUX.ACT_LO_AUX/syncstages_ff_reg[3]/Q
                         net (fo=2, unplaced)         0.074     4.403    system_top_i/mipi_csi2_rx/inst/r_sync/U0/EXT_LPF/p_3_in1_in
                         FDRE                                         r  system_top_i/mipi_csi2_rx/inst/r_sync/U0/EXT_LPF/AUX_LPF[1].asr_lpf_reg[1]/D
  -------------------------------------------------------------------    -------------------

                         (clock clk_200M_system_top_clk_wiz_0_0 rise edge)
                                                      0.000     0.000 r  
                         PS8                          0.000     0.000 r  system_top_i/zynq_ps/inst/PS8_i/PLCLK[0]
                         net (fo=1, unplaced)         0.164     0.164    system_top_i/zynq_ps/inst/pl_clk_unbuffered[0]
                         BUFG_PS (Prop_BUFG_PS_I_O)
                                                      0.023     0.187 r  system_top_i/zynq_ps/inst/buffer_pl_clk_0.PL_CLK_0_BUFG/O
                         net (fo=1, unplaced)         1.259     1.446    system_top_i/clk_wiz_0/inst/clk_in1
                         BUFGCE (Prop_BUFGCE_I_O)     0.026     1.472 r  system_top_i/clk_wiz_0/inst/clkin1_bufg/O
                         net (fo=1, unplaced)         1.259     2.731    system_top_i/clk_wiz_0/inst/clk_in1_system_top_clk_wiz_0_0
                         MMCME4_ADV (Prop_MMCME4_ADV_CLKIN1_CLKOUT1)
                                                     -0.079     2.652 r  system_top_i/clk_wiz_0/inst/mmcme4_adv_inst/CLKOUT1
                         net (fo=1, unplaced)         0.159     2.811    system_top_i/clk_wiz_0/inst/clk_200M_system_top_clk_wiz_0_0
                         BUFGCE (Prop_BUFGCE_I_O)     0.026     2.837 r  system_top_i/clk_wiz_0/inst/clkout2_buf/O
                         net (fo=844, unplaced)       1.259     4.096    system_top_i/mipi_csi2_rx/inst/r_sync/U0/EXT_LPF/slowest_sync_clk
                         FDRE                                         r  system_top_i/mipi_csi2_rx/inst/r_sync/U0/EXT_LPF/AUX_LPF[1].asr_lpf_reg[1]/C
                         clock pessimism              0.296     4.392    
                         FDRE (Hold_FDRE_C_D)         0.044     4.436    system_top_i/mipi_csi2_rx/inst/r_sync/U0/EXT_LPF/AUX_LPF[1].asr_lpf_reg[1]
  -------------------------------------------------------------------
                         required time                         -4.436    
                         arrival time                           4.403    
  -------------------------------------------------------------------
                         slack                                 -0.033    





Pulse Width Checks
--------------------------------------------------------------------------------------
Clock Name:         clk_200M_system_top_clk_wiz_0_0
Waveform(ns):       { 0.000 2.500 }
Period(ns):         5.000
Sources:            { system_top_i/clk_wiz_0/inst/mmcme4_adv_inst/CLKOUT1 }

Check Type        Corner  Lib Pin                   Reference Pin  Required(ns)  Actual(ns)  Slack(ns)  Location  Pin
Min Period        n/a     BITSLICE_CONTROL/RIU_CLK  n/a            3.846         5.000       1.154                system_top_i/mipi_csi2_rx/inst/phy/inst/inst/bd_a98f_phy_0_rx_support_i/slave_rx.bd_a98f_phy_0_rx_hssio_i/inst/top_inst/bs_ctrl_top_inst/BITSLICE_CTRL[0].bs_ctrl_inst/RIU_CLK
Max Period        n/a     PLLE4_ADV/CLKIN           n/a            14.286        5.000       9.286                system_top_i/mipi_csi2_rx/inst/phy/inst/inst/bd_a98f_phy_0_rx_support_i/slave_rx.bd_a98f_phy_0_rx_hssio_i/inst/top_inst/clk_rst_top_inst/clk_scheme_inst/GEN_PLL_IN_IP_USP.plle4_adv_pll0_inst/CLKIN
Low Pulse Width   Slow    PLLE4_ADV/CLKIN           n/a            1.750         2.500       0.750                system_top_i/mipi_csi2_rx/inst/phy/inst/inst/bd_a98f_phy_0_rx_support_i/slave_rx.bd_a98f_phy_0_rx_hssio_i/inst/top_inst/clk_rst_top_inst/clk_scheme_inst/GEN_PLL_IN_IP_USP.plle4_adv_pll0_inst/CLKIN
High Pulse Width  Slow    PLLE4_ADV/CLKIN           n/a            1.750         2.500       0.750                system_top_i/mipi_csi2_rx/inst/phy/inst/inst/bd_a98f_phy_0_rx_support_i/slave_rx.bd_a98f_phy_0_rx_hssio_i/inst/top_inst/clk_rst_top_inst/clk_scheme_inst/GEN_PLL_IN_IP_USP.plle4_adv_pll0_inst/CLKIN



---------------------------------------------------------------------------------------------------
From Clock:  GEN_PLL_IN_IP_USP.pll0_clkout0
  To Clock:  GEN_PLL_IN_IP_USP.pll0_clkout0

Setup :            0  Failing Endpoints,  Worst Slack        3.969ns,  Total Violation        0.000ns
Hold  :           15  Failing Endpoints,  Worst Slack       -0.029ns,  Total Violation       -0.132ns
PW    :            0  Failing Endpoints,  Worst Slack        2.392ns,  Total Violation        0.000ns
---------------------------------------------------------------------------------------------------


Max Delay Paths
--------------------------------------------------------------------------------------
Slack (MET) :             3.969ns  (required time - arrival time)
  Source:                 system_top_i/mipi_csi2_rx/inst/phy/inst/inst/bd_a98f_phy_0_rx_support_i/slave_rx.bd_a98f_phy_0_rx_hssio_i/inst/top_inst/clk_rst_top_inst/rst_scheme_inst/pll0_fab_clk_cntr_reg[3]/C
                            (rising edge-triggered cell FDRE clocked by GEN_PLL_IN_IP_USP.pll0_clkout0  {rise@0.000ns fall@2.667ns period=5.333ns})
  Destination:            system_top_i/mipi_csi2_rx/inst/phy/inst/inst/bd_a98f_phy_0_rx_support_i/slave_rx.bd_a98f_phy_0_rx_hssio_i/inst/top_inst/clk_rst_top_inst/rst_scheme_inst/pll0_fab_clk_cntr_reg[0]/R
                            (rising edge-triggered cell FDRE clocked by GEN_PLL_IN_IP_USP.pll0_clkout0  {rise@0.000ns fall@2.667ns period=5.333ns})
  Path Group:             GEN_PLL_IN_IP_USP.pll0_clkout0
  Path Type:              Setup (Max at Slow Process Corner)
  Requirement:            5.333ns  (GEN_PLL_IN_IP_USP.pll0_clkout0 rise@5.333ns - GEN_PLL_IN_IP_USP.pll0_clkout0 rise@0.000ns)
  Data Path Delay:        1.045ns  (logic 0.397ns (37.990%)  route 0.648ns (62.010%))
  Logic Levels:           2  (LUT3=1 LUT6=1)
  Clock Path Skew:        -0.145ns (DCD - SCD + CPR)
    Destination Clock Delay (DCD):    11.961ns = ( 17.294 - 5.333 ) 
    Source Clock Delay      (SCD):    11.358ns
    Clock Pessimism Removal (CPR):    -0.748ns
  Clock Uncertainty:      0.056ns  ((TSJ^2 + DJ^2)^1/2) / 2 + PE
    Total System Jitter     (TSJ):    0.071ns
    Discrete Jitter          (DJ):    0.087ns
    Phase Error              (PE):    0.000ns

    Location             Delay type                Incr(ns)  Path(ns)    Netlist Resource(s)
  -------------------------------------------------------------------    -------------------
                         (clock GEN_PLL_IN_IP_USP.pll0_clkout0 rise edge)
                                                      0.000     0.000 r  
                         PS8                          0.000     0.000 r  system_top_i/zynq_ps/inst/PS8_i/PLCLK[0]
                         net (fo=1, unplaced)         0.229     0.229    system_top_i/zynq_ps/inst/pl_clk_unbuffered[0]
                         BUFG_PS (Prop_BUFG_PS_I_O)
                                                      0.038     0.267 r  system_top_i/zynq_ps/inst/buffer_pl_clk_0.PL_CLK_0_BUFG/O
                         net (fo=1, unplaced)         2.584     2.851    system_top_i/clk_wiz_0/inst/clk_in1
                         BUFGCE (Prop_BUFGCE_I_O)     0.044     2.895 r  system_top_i/clk_wiz_0/inst/clkin1_bufg/O
                         net (fo=1, unplaced)         2.584     5.479    system_top_i/clk_wiz_0/inst/clk_in1_system_top_clk_wiz_0_0
                         MMCME4_ADV (Prop_MMCME4_ADV_CLKIN1_CLKOUT1)
                                                     -0.103     5.376 r  system_top_i/clk_wiz_0/inst/mmcme4_adv_inst/CLKOUT1
                         net (fo=1, unplaced)         0.278     5.654    system_top_i/clk_wiz_0/inst/clk_200M_system_top_clk_wiz_0_0
                         BUFGCE (Prop_BUFGCE_I_O)     0.044     5.698 r  system_top_i/clk_wiz_0/inst/clkout2_buf/O
                         net (fo=844, unplaced)       2.584     8.282    system_top_i/mipi_csi2_rx/inst/phy/inst/inst/bd_a98f_phy_0_rx_support_i/slave_rx.bd_a98f_phy_0_rx_hssio_i/inst/top_inst/clk_rst_top_inst/clk_scheme_inst/clk
                         PLLE4_ADV (Prop_PLLE4_ADV_CLKIN_CLKOUT0)
                                                      0.147     8.429 r  system_top_i/mipi_csi2_rx/inst/phy/inst/inst/bd_a98f_phy_0_rx_support_i/slave_rx.bd_a98f_phy_0_rx_hssio_i/inst/top_inst/clk_rst_top_inst/clk_scheme_inst/GEN_PLL_IN_IP_USP.plle4_adv_pll0_inst/CLKOUT0
                         net (fo=1, unplaced)         0.301     8.730    system_top_i/mipi_csi2_rx/inst/phy/inst/inst/bd_a98f_phy_0_rx_support_i/slave_rx.bd_a98f_phy_0_rx_hssio_i/inst/top_inst/clk_rst_top_inst/clk_scheme_inst/GEN_PLL_IN_IP_USP.pll0_clkout0
                         BUFGCE (Prop_BUFGCE_I_O)     0.044     8.774 r  system_top_i/mipi_csi2_rx/inst/phy/inst/inst/bd_a98f_phy_0_rx_support_i/slave_rx.bd_a98f_phy_0_rx_hssio_i/inst/top_inst/clk_rst_top_inst/clk_scheme_inst/GEN_PLL_IN_IP_USP.pll0_clkout0_buf/O
                         net (fo=54, unplaced)        2.584    11.358    system_top_i/mipi_csi2_rx/inst/phy/inst/inst/bd_a98f_phy_0_rx_support_i/slave_rx.bd_a98f_phy_0_rx_hssio_i/inst/top_inst/clk_rst_top_inst/rst_scheme_inst/CLK
                         FDRE                                         r  system_top_i/mipi_csi2_rx/inst/phy/inst/inst/bd_a98f_phy_0_rx_support_i/slave_rx.bd_a98f_phy_0_rx_hssio_i/inst/top_inst/clk_rst_top_inst/rst_scheme_inst/pll0_fab_clk_cntr_reg[3]/C
  -------------------------------------------------------------------    -------------------
                         FDRE (Prop_FDRE_C_Q)         0.114    11.472 r  system_top_i/mipi_csi2_rx/inst/phy/inst/inst/bd_a98f_phy_0_rx_support_i/slave_rx.bd_a98f_phy_0_rx_hssio_i/inst/top_inst/clk_rst_top_inst/rst_scheme_inst/pll0_fab_clk_cntr_reg[3]/Q
                         net (fo=5, unplaced)         0.192    11.664    system_top_i/mipi_csi2_rx/inst/phy/inst/inst/bd_a98f_phy_0_rx_support_i/slave_rx.bd_a98f_phy_0_rx_hssio_i/inst/top_inst/clk_rst_top_inst/rst_scheme_inst/pll0_fab_clk_cntr_reg__0[3]
                         LUT6 (Prop_LUT6_I0_O)        0.225    11.889 f  system_top_i/mipi_csi2_rx/inst/phy/inst/inst/bd_a98f_phy_0_rx_support_i/slave_rx.bd_a98f_phy_0_rx_hssio_i/inst/top_inst/clk_rst_top_inst/rst_scheme_inst/pll0_fab_clk_cntr[6]_i_3/O
                         net (fo=1, unplaced)         0.211    12.100    system_top_i/mipi_csi2_rx/inst/phy/inst/inst/bd_a98f_phy_0_rx_support_i/slave_rx.bd_a98f_phy_0_rx_hssio_i/inst/top_inst/clk_rst_top_inst/rst_scheme_inst/sync_cell_start_fab_cntr_pll0_inst/pll0_fab_clk_cntr_reg[0]
                         LUT3 (Prop_LUT3_I2_O)        0.058    12.158 r  system_top_i/mipi_csi2_rx/inst/phy/inst/inst/bd_a98f_phy_0_rx_support_i/slave_rx.bd_a98f_phy_0_rx_hssio_i/inst/top_inst/clk_rst_top_inst/rst_scheme_inst/sync_cell_start_fab_cntr_pll0_inst/pll0_fab_clk_cntr[6]_i_1/O
                         net (fo=7, unplaced)         0.245    12.403    system_top_i/mipi_csi2_rx/inst/phy/inst/inst/bd_a98f_phy_0_rx_support_i/slave_rx.bd_a98f_phy_0_rx_hssio_i/inst/top_inst/clk_rst_top_inst/rst_scheme_inst/sync_cell_start_fab_cntr_pll0_inst_n_0
                         FDRE                                         r  system_top_i/mipi_csi2_rx/inst/phy/inst/inst/bd_a98f_phy_0_rx_support_i/slave_rx.bd_a98f_phy_0_rx_hssio_i/inst/top_inst/clk_rst_top_inst/rst_scheme_inst/pll0_fab_clk_cntr_reg[0]/R
  -------------------------------------------------------------------    -------------------

                         (clock GEN_PLL_IN_IP_USP.pll0_clkout0 rise edge)
                                                      5.333     5.333 r  
                         PS8                          0.000     5.333 r  system_top_i/zynq_ps/inst/PS8_i/PLCLK[0]
                         net (fo=1, unplaced)         0.181     5.514    system_top_i/zynq_ps/inst/pl_clk_unbuffered[0]
                         BUFG_PS (Prop_BUFG_PS_I_O)
                                                      0.035     5.549 r  system_top_i/zynq_ps/inst/buffer_pl_clk_0.PL_CLK_0_BUFG/O
                         net (fo=1, unplaced)         2.439     7.988    system_top_i/clk_wiz_0/inst/clk_in1
                         BUFGCE (Prop_BUFGCE_I_O)     0.039     8.027 r  system_top_i/clk_wiz_0/inst/clkin1_bufg/O
                         net (fo=1, unplaced)         2.439    10.466    system_top_i/clk_wiz_0/inst/clk_in1_system_top_clk_wiz_0_0
                         MMCME4_ADV (Prop_MMCME4_ADV_CLKIN1_CLKOUT1)
                                                      0.739    11.205 r  system_top_i/clk_wiz_0/inst/mmcme4_adv_inst/CLKOUT1
                         net (fo=1, unplaced)         0.249    11.454    system_top_i/clk_wiz_0/inst/clk_200M_system_top_clk_wiz_0_0
                         BUFGCE (Prop_BUFGCE_I_O)     0.039    11.493 r  system_top_i/clk_wiz_0/inst/clkout2_buf/O
                         net (fo=844, unplaced)       2.439    13.932    system_top_i/mipi_csi2_rx/inst/phy/inst/inst/bd_a98f_phy_0_rx_support_i/slave_rx.bd_a98f_phy_0_rx_hssio_i/inst/top_inst/clk_rst_top_inst/clk_scheme_inst/clk
                         PLLE4_ADV (Prop_PLLE4_ADV_CLKIN_CLKOUT0)
                                                      0.615    14.547 r  system_top_i/mipi_csi2_rx/inst/phy/inst/inst/bd_a98f_phy_0_rx_support_i/slave_rx.bd_a98f_phy_0_rx_hssio_i/inst/top_inst/clk_rst_top_inst/clk_scheme_inst/GEN_PLL_IN_IP_USP.plle4_adv_pll0_inst/CLKOUT0
                         net (fo=1, unplaced)         0.269    14.816    system_top_i/mipi_csi2_rx/inst/phy/inst/inst/bd_a98f_phy_0_rx_support_i/slave_rx.bd_a98f_phy_0_rx_hssio_i/inst/top_inst/clk_rst_top_inst/clk_scheme_inst/GEN_PLL_IN_IP_USP.pll0_clkout0
                         BUFGCE (Prop_BUFGCE_I_O)     0.039    14.855 r  system_top_i/mipi_csi2_rx/inst/phy/inst/inst/bd_a98f_phy_0_rx_support_i/slave_rx.bd_a98f_phy_0_rx_hssio_i/inst/top_inst/clk_rst_top_inst/clk_scheme_inst/GEN_PLL_IN_IP_USP.pll0_clkout0_buf/O
                         net (fo=54, unplaced)        2.439    17.294    system_top_i/mipi_csi2_rx/inst/phy/inst/inst/bd_a98f_phy_0_rx_support_i/slave_rx.bd_a98f_phy_0_rx_hssio_i/inst/top_inst/clk_rst_top_inst/rst_scheme_inst/CLK
                         FDRE                                         r  system_top_i/mipi_csi2_rx/inst/phy/inst/inst/bd_a98f_phy_0_rx_support_i/slave_rx.bd_a98f_phy_0_rx_hssio_i/inst/top_inst/clk_rst_top_inst/rst_scheme_inst/pll0_fab_clk_cntr_reg[0]/C
                         clock pessimism             -0.748    16.546    
                         clock uncertainty           -0.056    16.490    
                         FDRE (Setup_FDRE_C_R)       -0.118    16.372    system_top_i/mipi_csi2_rx/inst/phy/inst/inst/bd_a98f_phy_0_rx_support_i/slave_rx.bd_a98f_phy_0_rx_hssio_i/inst/top_inst/clk_rst_top_inst/rst_scheme_inst/pll0_fab_clk_cntr_reg[0]
  -------------------------------------------------------------------
                         required time                         16.372    
                         arrival time                         -12.403    
  -------------------------------------------------------------------
                         slack                                  3.969    





Min Delay Paths
--------------------------------------------------------------------------------------
Slack (VIOLATED) :        -0.029ns  (arrival time - required time)
  Source:                 system_top_i/mipi_csi2_rx/inst/phy/inst/inst/bd_a98f_phy_0_rx_support_i/slave_rx.bd_a98f_phy_0_rx_hssio_i/inst/top_inst/clk_rst_top_inst/rst_scheme_inst/pll0_fab_clk_cntr_reg[6]/C
                            (rising edge-triggered cell FDRE clocked by GEN_PLL_IN_IP_USP.pll0_clkout0  {rise@0.000ns fall@2.667ns period=5.333ns})
  Destination:            system_top_i/mipi_csi2_rx/inst/phy/inst/inst/bd_a98f_phy_0_rx_support_i/slave_rx.bd_a98f_phy_0_rx_hssio_i/inst/top_inst/clk_rst_top_inst/rst_scheme_inst/wait_pll0_x_fab_clk_timeout_reg/D
                            (rising edge-triggered cell FDRE clocked by GEN_PLL_IN_IP_USP.pll0_clkout0  {rise@0.000ns fall@2.667ns period=5.333ns})
  Path Group:             GEN_PLL_IN_IP_USP.pll0_clkout0
  Path Type:              Hold (Min at Fast Process Corner)
  Requirement:            0.000ns  (GEN_PLL_IN_IP_USP.pll0_clkout0 rise@0.000ns - GEN_PLL_IN_IP_USP.pll0_clkout0 rise@0.000ns)
  Data Path Delay:        0.160ns  (logic 0.084ns (52.500%)  route 0.076ns (47.500%))
  Logic Levels:           0  
  Clock Path Skew:        0.145ns (DCD - SCD - CPR)
    Destination Clock Delay (DCD):    5.660ns
    Source Clock Delay      (SCD):    5.865ns
    Clock Pessimism Removal (CPR):    -0.350ns

    Location             Delay type                Incr(ns)  Path(ns)    Netlist Resource(s)
  -------------------------------------------------------------------    -------------------
                         (clock GEN_PLL_IN_IP_USP.pll0_clkout0 rise edge)
                                                      0.000     0.000 r  
                         PS8                          0.000     0.000 r  system_top_i/zynq_ps/inst/PS8_i/PLCLK[0]
                         net (fo=1, unplaced)         0.129     0.129    system_top_i/zynq_ps/inst/pl_clk_unbuffered[0]
                         BUFG_PS (Prop_BUFG_PS_I_O)
                                                      0.022     0.151 r  system_top_i/zynq_ps/inst/buffer_pl_clk_0.PL_CLK_0_BUFG/O
                         net (fo=1, unplaced)         1.114     1.265    system_top_i/clk_wiz_0/inst/clk_in1
                         BUFGCE (Prop_BUFGCE_I_O)     0.023     1.288 r  system_top_i/clk_wiz_0/inst/clkin1_bufg/O
                         net (fo=1, unplaced)         1.114     2.402    system_top_i/clk_wiz_0/inst/clk_in1_system_top_clk_wiz_0_0
                         MMCME4_ADV (Prop_MMCME4_ADV_CLKIN1_CLKOUT1)
                                                      0.566     2.968 r  system_top_i/clk_wiz_0/inst/mmcme4_adv_inst/CLKOUT1
                         net (fo=1, unplaced)         0.142     3.110    system_top_i/clk_wiz_0/inst/clk_200M_system_top_clk_wiz_0_0
                         BUFGCE (Prop_BUFGCE_I_O)     0.023     3.133 r  system_top_i/clk_wiz_0/inst/clkout2_buf/O
                         net (fo=844, unplaced)       1.114     4.247    system_top_i/mipi_csi2_rx/inst/phy/inst/inst/bd_a98f_phy_0_rx_support_i/slave_rx.bd_a98f_phy_0_rx_hssio_i/inst/top_inst/clk_rst_top_inst/clk_scheme_inst/clk
                         PLLE4_ADV (Prop_PLLE4_ADV_CLKIN_CLKOUT0)
                                                      0.328     4.575 r  system_top_i/mipi_csi2_rx/inst/phy/inst/inst/bd_a98f_phy_0_rx_support_i/slave_rx.bd_a98f_phy_0_rx_hssio_i/inst/top_inst/clk_rst_top_inst/clk_scheme_inst/GEN_PLL_IN_IP_USP.plle4_adv_pll0_inst/CLKOUT0
                         net (fo=1, unplaced)         0.153     4.728    system_top_i/mipi_csi2_rx/inst/phy/inst/inst/bd_a98f_phy_0_rx_support_i/slave_rx.bd_a98f_phy_0_rx_hssio_i/inst/top_inst/clk_rst_top_inst/clk_scheme_inst/GEN_PLL_IN_IP_USP.pll0_clkout0
                         BUFGCE (Prop_BUFGCE_I_O)     0.023     4.751 r  system_top_i/mipi_csi2_rx/inst/phy/inst/inst/bd_a98f_phy_0_rx_support_i/slave_rx.bd_a98f_phy_0_rx_hssio_i/inst/top_inst/clk_rst_top_inst/clk_scheme_inst/GEN_PLL_IN_IP_USP.pll0_clkout0_buf/O
                         net (fo=54, unplaced)        1.114     5.865    system_top_i/mipi_csi2_rx/inst/phy/inst/inst/bd_a98f_phy_0_rx_support_i/slave_rx.bd_a98f_phy_0_rx_hssio_i/inst/top_inst/clk_rst_top_inst/rst_scheme_inst/CLK
                         FDRE                                         r  system_top_i/mipi_csi2_rx/inst/phy/inst/inst/bd_a98f_phy_0_rx_support_i/slave_rx.bd_a98f_phy_0_rx_hssio_i/inst/top_inst/clk_rst_top_inst/rst_scheme_inst/pll0_fab_clk_cntr_reg[6]/C
  -------------------------------------------------------------------    -------------------
                         FDRE (Prop_FDRE_C_Q)         0.084     5.949 r  system_top_i/mipi_csi2_rx/inst/phy/inst/inst/bd_a98f_phy_0_rx_support_i/slave_rx.bd_a98f_phy_0_rx_hssio_i/inst/top_inst/clk_rst_top_inst/rst_scheme_inst/pll0_fab_clk_cntr_reg[6]/Q
                         net (fo=3, unplaced)         0.076     6.025    system_top_i/mipi_csi2_rx/inst/phy/inst/inst/bd_a98f_phy_0_rx_support_i/slave_rx.bd_a98f_phy_0_rx_hssio_i/inst/top_inst/clk_rst_top_inst/rst_scheme_inst/pll0_fab_clk_cntr_reg[6]
                         FDRE                                         r  system_top_i/mipi_csi2_rx/inst/phy/inst/inst/bd_a98f_phy_0_rx_support_i/slave_rx.bd_a98f_phy_0_rx_hssio_i/inst/top_inst/clk_rst_top_inst/rst_scheme_inst/wait_pll0_x_fab_clk_timeout_reg/D
  -------------------------------------------------------------------    -------------------

                         (clock GEN_PLL_IN_IP_USP.pll0_clkout0 rise edge)
                                                      0.000     0.000 r  
                         PS8                          0.000     0.000 r  system_top_i/zynq_ps/inst/PS8_i/PLCLK[0]
                         net (fo=1, unplaced)         0.164     0.164    system_top_i/zynq_ps/inst/pl_clk_unbuffered[0]
                         BUFG_PS (Prop_BUFG_PS_I_O)
                                                      0.023     0.187 r  system_top_i/zynq_ps/inst/buffer_pl_clk_0.PL_CLK_0_BUFG/O
                         net (fo=1, unplaced)         1.259     1.446    system_top_i/clk_wiz_0/inst/clk_in1
                         BUFGCE (Prop_BUFGCE_I_O)     0.026     1.472 r  system_top_i/clk_wiz_0/inst/clkin1_bufg/O
                         net (fo=1, unplaced)         1.259     2.731    system_top_i/clk_wiz_0/inst/clk_in1_system_top_clk_wiz_0_0
                         MMCME4_ADV (Prop_MMCME4_ADV_CLKIN1_CLKOUT1)
                                                     -0.079     2.652 r  system_top_i/clk_wiz_0/inst/mmcme4_adv_inst/CLKOUT1
                         net (fo=1, unplaced)         0.159     2.811    system_top_i/clk_wiz_0/inst/clk_200M_system_top_clk_wiz_0_0
                         BUFGCE (Prop_BUFGCE_I_O)     0.026     2.837 r  system_top_i/clk_wiz_0/inst/clkout2_buf/O
                         net (fo=844, unplaced)       1.259     4.096    system_top_i/mipi_csi2_rx/inst/phy/inst/inst/bd_a98f_phy_0_rx_support_i/slave_rx.bd_a98f_phy_0_rx_hssio_i/inst/top_inst/clk_rst_top_inst/clk_scheme_inst/clk
                         PLLE4_ADV (Prop_PLLE4_ADV_CLKIN_CLKOUT0)
                                                      0.109     4.205 r  system_top_i/mipi_csi2_rx/inst/phy/inst/inst/bd_a98f_phy_0_rx_support_i/slave_rx.bd_a98f_phy_0_rx_hssio_i/inst/top_inst/clk_rst_top_inst/clk_scheme_inst/GEN_PLL_IN_IP_USP.plle4_adv_pll0_inst/CLKOUT0
                         net (fo=1, unplaced)         0.170     4.375    system_top_i/mipi_csi2_rx/inst/phy/inst/inst/bd_a98f_phy_0_rx_support_i/slave_rx.bd_a98f_phy_0_rx_hssio_i/inst/top_inst/clk_rst_top_inst/clk_scheme_inst/GEN_PLL_IN_IP_USP.pll0_clkout0
                         BUFGCE (Prop_BUFGCE_I_O)     0.026     4.401 r  system_top_i/mipi_csi2_rx/inst/phy/inst/inst/bd_a98f_phy_0_rx_support_i/slave_rx.bd_a98f_phy_0_rx_hssio_i/inst/top_inst/clk_rst_top_inst/clk_scheme_inst/GEN_PLL_IN_IP_USP.pll0_clkout0_buf/O
                         net (fo=54, unplaced)        1.259     5.660    system_top_i/mipi_csi2_rx/inst/phy/inst/inst/bd_a98f_phy_0_rx_support_i/slave_rx.bd_a98f_phy_0_rx_hssio_i/inst/top_inst/clk_rst_top_inst/rst_scheme_inst/CLK
                         FDRE                                         r  system_top_i/mipi_csi2_rx/inst/phy/inst/inst/bd_a98f_phy_0_rx_support_i/slave_rx.bd_a98f_phy_0_rx_hssio_i/inst/top_inst/clk_rst_top_inst/rst_scheme_inst/wait_pll0_x_fab_clk_timeout_reg/C
                         clock pessimism              0.350     6.010    
                         FDRE (Hold_FDRE_C_D)         0.044     6.054    system_top_i/mipi_csi2_rx/inst/phy/inst/inst/bd_a98f_phy_0_rx_support_i/slave_rx.bd_a98f_phy_0_rx_hssio_i/inst/top_inst/clk_rst_top_inst/rst_scheme_inst/wait_pll0_x_fab_clk_timeout_reg
  -------------------------------------------------------------------
                         required time                         -6.054    
                         arrival time                           6.025    
  -------------------------------------------------------------------
                         slack                                 -0.029    





Pulse Width Checks
--------------------------------------------------------------------------------------
Clock Name:         GEN_PLL_IN_IP_USP.pll0_clkout0
Waveform(ns):       { 0.000 2.667 }
Period(ns):         5.333
Sources:            { system_top_i/mipi_csi2_rx/inst/phy/inst/inst/bd_a98f_phy_0_rx_support_i/slave_rx.bd_a98f_phy_0_rx_hssio_i/inst/top_inst/clk_rst_top_inst/clk_scheme_inst/GEN_PLL_IN_IP_USP.plle4_adv_pll0_inst/CLKOUT0 }

Check Type        Corner  Lib Pin   Reference Pin  Required(ns)  Actual(ns)  Slack(ns)  Location  Pin
Min Period        n/a     BUFGCE/I  n/a            1.379         5.333       3.954                system_top_i/mipi_csi2_rx/inst/phy/inst/inst/bd_a98f_phy_0_rx_support_i/slave_rx.bd_a98f_phy_0_rx_hssio_i/inst/top_inst/clk_rst_top_inst/clk_scheme_inst/GEN_PLL_IN_IP_USP.pll0_clkout0_buf/I
Low Pulse Width   Slow    FDRE/C    n/a            0.275         2.667       2.392                system_top_i/mipi_csi2_rx/inst/phy/inst/inst/bd_a98f_phy_0_rx_support_i/slave_rx.bd_a98f_phy_0_rx_hssio_i/inst/top_inst/GEN_NIB0_TBYTE.n0_tbyte_d_reg[0]/C
High Pulse Width  Slow    FDRE/C    n/a            0.275         2.667       2.392                system_top_i/mipi_csi2_rx/inst/phy/inst/inst/bd_a98f_phy_0_rx_support_i/slave_rx.bd_a98f_phy_0_rx_hssio_i/inst/top_inst/GEN_NIB0_TBYTE.n0_tbyte_d_reg[0]/C



---------------------------------------------------------------------------------------------------
From Clock:  clkoutphy_out
  To Clock:  clkoutphy_out

Setup :           NA  Failing Endpoints,  Worst Slack           NA  ,  Total Violation           NA
Hold  :           NA  Failing Endpoints,  Worst Slack           NA  ,  Total Violation           NA
PW    :            0  Failing Endpoints,  Worst Slack        0.164ns,  Total Violation        0.000ns
---------------------------------------------------------------------------------------------------


Pulse Width Checks
--------------------------------------------------------------------------------------
Clock Name:         clkoutphy_out
Waveform(ns):       { 0.000 0.333 }
Period(ns):         0.667
Sources:            { system_top_i/mipi_csi2_rx/inst/phy/inst/inst/bd_a98f_phy_0_rx_support_i/slave_rx.bd_a98f_phy_0_rx_hssio_i/inst/top_inst/clk_rst_top_inst/clk_scheme_inst/GEN_PLL_IN_IP_USP.plle4_adv_pll0_inst/CLKOUTPHY }

Check Type        Corner  Lib Pin                   Reference Pin  Required(ns)  Actual(ns)  Slack(ns)  Location  Pin
Min Period        n/a     BITSLICE_CONTROL/PLL_CLK  n/a            0.375         0.667       0.292                system_top_i/mipi_csi2_rx/inst/phy/inst/inst/bd_a98f_phy_0_rx_support_i/slave_rx.bd_a98f_phy_0_rx_hssio_i/inst/top_inst/bs_ctrl_top_inst/BITSLICE_CTRL[0].bs_ctrl_inst/PLL_CLK
Low Pulse Width   Slow    BITSLICE_CONTROL/PLL_CLK  n/a            0.169         0.333       0.164                system_top_i/mipi_csi2_rx/inst/phy/inst/inst/bd_a98f_phy_0_rx_support_i/slave_rx.bd_a98f_phy_0_rx_hssio_i/inst/top_inst/bs_ctrl_top_inst/BITSLICE_CTRL[0].bs_ctrl_inst/PLL_CLK
High Pulse Width  Slow    BITSLICE_CONTROL/PLL_CLK  n/a            0.169         0.333       0.164                system_top_i/mipi_csi2_rx/inst/phy/inst/inst/bd_a98f_phy_0_rx_support_i/slave_rx.bd_a98f_phy_0_rx_hssio_i/inst/top_inst/bs_ctrl_top_inst/BITSLICE_CTRL[0].bs_ctrl_inst/PLL_CLK



---------------------------------------------------------------------------------------------------
From Clock:  pll0_clkout1
  To Clock:  pll0_clkout1

Setup :           NA  Failing Endpoints,  Worst Slack           NA  ,  Total Violation           NA
Hold  :           NA  Failing Endpoints,  Worst Slack           NA  ,  Total Violation           NA
PW    :            2  Failing Endpoints,  Worst Slack       -0.712ns,  Total Violation       -1.425ns
---------------------------------------------------------------------------------------------------


Pulse Width Checks
--------------------------------------------------------------------------------------
Clock Name:         pll0_clkout1
Waveform(ns):       { 0.000 0.333 }
Period(ns):         0.667
Sources:            { system_top_i/mipi_csi2_rx/inst/phy/inst/inst/bd_a98f_phy_0_rx_support_i/slave_rx.bd_a98f_phy_0_rx_hssio_i/inst/top_inst/clk_rst_top_inst/clk_scheme_inst/GEN_PLL_IN_IP_USP.plle4_adv_pll0_inst/CLKOUT1 }

Check Type  Corner  Lib Pin   Reference Pin  Required(ns)  Actual(ns)  Slack(ns)  Location  Pin
Min Period  n/a     BUFGCE/I  n/a            1.379         0.667       -0.712               system_top_i/mipi_csi2_rx/inst/phy/inst/inst/bd_a98f_phy_0_rx_support_i/slave_rx.bd_a98f_phy_0_rx_hssio_i/inst/top_inst/clk_rst_top_inst/clk_scheme_inst/GEN_PLL_IN_IP_USP.pll0_clkout1_buf/I



---------------------------------------------------------------------------------------------------
From Clock:  clk_300M_system_top_clk_wiz_0_0
  To Clock:  clk_300M_system_top_clk_wiz_0_0

Setup :            0  Failing Endpoints,  Worst Slack        0.307ns,  Total Violation        0.000ns
Hold  :         6795  Failing Endpoints,  Worst Slack       -0.087ns,  Total Violation     -218.223ns
PW    :            0  Failing Endpoints,  Worst Slack        0.167ns,  Total Violation        0.000ns
---------------------------------------------------------------------------------------------------


Max Delay Paths
--------------------------------------------------------------------------------------
Slack (MET) :             0.307ns  (required time - arrival time)
  Source:                 system_top_wrapper/system_top/system_top_mipi_csi2_rx_0/system_top_mipi_csi2_rx_0_bd_a98f/bd_a98f_rx_0/<hidden>/<hidden>
                            (rising edge-triggered cell FDRE clocked by clk_300M_system_top_clk_wiz_0_0  {rise@0.000ns fall@1.667ns period=3.333ns})
  Destination:            system_top_i/mipi_csi2_rx/inst/vfb_0/inst/VFB_YUV420_FXD_VC.ycomp_odd/fifo_ycomp/xpm_fifo_base_inst/gen_sdpram.xpm_memory_base_inst/gen_wr_a.gen_word_narrow.mem_reg_bram_0/REGCEB
                            (rising edge-triggered cell RAMB36E2 clocked by clk_300M_system_top_clk_wiz_0_0  {rise@0.000ns fall@1.667ns period=3.333ns})
  Path Group:             clk_300M_system_top_clk_wiz_0_0
  Path Type:              Setup (Max at Slow Process Corner)
  Requirement:            3.333ns  (clk_300M_system_top_clk_wiz_0_0 rise@3.333ns - clk_300M_system_top_clk_wiz_0_0 rise@0.000ns)
  Data Path Delay:        2.480ns  (logic 0.629ns (25.363%)  route 1.851ns (74.637%))
  Logic Levels:           6  (LUT2=1 LUT3=2 LUT6=3)
  Clock Path Skew:        -0.145ns (DCD - SCD + CPR)
    Destination Clock Delay (DCD):    8.597ns = ( 11.930 - 3.333 ) 
    Source Clock Delay      (SCD):    8.279ns
    Clock Pessimism Removal (CPR):    -0.463ns
  Clock Uncertainty:      0.059ns  ((TSJ^2 + DJ^2)^1/2) / 2 + PE
    Total System Jitter     (TSJ):    0.071ns
    Discrete Jitter          (DJ):    0.095ns
    Phase Error              (PE):    0.000ns

    Location             Delay type                Incr(ns)  Path(ns)    Netlist Resource(s)
  -------------------------------------------------------------------    -------------------
                         (clock clk_300M_system_top_clk_wiz_0_0 rise edge)
                                                      0.000     0.000 r  
                         PS8                          0.000     0.000 r  system_top_i/zynq_ps/inst/PS8_i/PLCLK[0]
                         net (fo=1, unplaced)         0.229     0.229    system_top_i/zynq_ps/inst/pl_clk_unbuffered[0]
                         BUFG_PS (Prop_BUFG_PS_I_O)
                                                      0.038     0.267 r  system_top_i/zynq_ps/inst/buffer_pl_clk_0.PL_CLK_0_BUFG/O
                         net (fo=1, unplaced)         2.584     2.851    system_top_i/clk_wiz_0/inst/clk_in1
                         BUFGCE (Prop_BUFGCE_I_O)     0.044     2.895 r  system_top_i/clk_wiz_0/inst/clkin1_bufg/O
                         net (fo=1, unplaced)         2.584     5.479    system_top_i/clk_wiz_0/inst/clk_in1_system_top_clk_wiz_0_0
                         MMCME4_ADV (Prop_MMCME4_ADV_CLKIN1_CLKOUT2)
                                                     -0.103     5.376 r  system_top_i/clk_wiz_0/inst/mmcme4_adv_inst/CLKOUT2
                         net (fo=1, unplaced)         0.275     5.651    system_top_i/clk_wiz_0/inst/clk_300M_system_top_clk_wiz_0_0
                         BUFGCE (Prop_BUFGCE_I_O)     0.044     5.695 r  system_top_i/clk_wiz_0/inst/clkout3_buf/O
                         net (fo=8211, unplaced)      2.584     8.279    system_top_wrapper/system_top/system_top_mipi_csi2_rx_0/system_top_mipi_csi2_rx_0_bd_a98f/bd_a98f_rx_0/<hidden>/<hidden>
                         FDRE                                         r  system_top_wrapper/system_top/system_top_mipi_csi2_rx_0/system_top_mipi_csi2_rx_0_bd_a98f/bd_a98f_rx_0/<hidden>/<hidden>
  -------------------------------------------------------------------    -------------------
                         FDRE (Prop_FDRE_C_Q)         0.114     8.393 f  system_top_wrapper/system_top/system_top_mipi_csi2_rx_0/system_top_mipi_csi2_rx_0_bd_a98f/bd_a98f_rx_0/<hidden>/<hidden>
                         net (fo=4, unplaced)         0.186     8.579    system_top_i/mipi_csi2_rx/inst/vfb_0/inst/VFB_MIN.reorder/buf_data_reg[0][73]_0[2]
                         LUT6 (Prop_LUT6_I0_O)        0.225     8.804 f  system_top_i/mipi_csi2_rx/inst/vfb_0/inst/VFB_MIN.reorder/s_axis_tready_INST_0_i_2/O
                         net (fo=5, unplaced)         0.229     9.033    system_top_i/mipi_csi2_rx/inst/vfb_0/inst/VFB_YUV420_FXD_VC.line_selector/buf_data_reg[1][172]
                         LUT3 (Prop_LUT3_I1_O)        0.058     9.091 f  system_top_i/mipi_csi2_rx/inst/vfb_0/inst/VFB_YUV420_FXD_VC.line_selector/fifo_yuv_lines_i_178/O
                         net (fo=107, unplaced)       0.298     9.389    system_top_i/mipi_csi2_rx/inst/vfb_0/inst/VFB_YUV420_FXD_VC.axis_ycomp_dconverter/line_detector/count_value_i_reg[9]
                         LUT6 (Prop_LUT6_I1_O)        0.058     9.447 r  system_top_i/mipi_csi2_rx/inst/vfb_0/inst/VFB_YUV420_FXD_VC.axis_ycomp_dconverter/line_detector/fifo_ycomp_i_1/O
                         net (fo=5, unplaced)         0.229     9.676    system_top_i/mipi_csi2_rx/inst/vfb_0/inst/VFB_YUV420_FXD_VC.axis_ycomp_dconverter/line_detector/s_axis_tvalid
                         LUT6 (Prop_LUT6_I0_O)        0.058     9.734 r  system_top_i/mipi_csi2_rx/inst/vfb_0/inst/VFB_YUV420_FXD_VC.axis_ycomp_dconverter/line_detector/fifo_ycomp_i_139/O
                         net (fo=1, unplaced)         0.211     9.945    system_top_i/mipi_csi2_rx/inst/vfb_0/inst/VFB_YUV420_FXD_VC.ycomp_odd/fifo_ycomp/m_axis_tready
                         LUT2 (Prop_LUT2_I1_O)        0.058    10.003 r  system_top_i/mipi_csi2_rx/inst/vfb_0/inst/VFB_YUV420_FXD_VC.ycomp_odd/fifo_ycomp/xpm_fifo_base_inst_i_1/O
                         net (fo=13, unplaced)        0.250    10.253    system_top_i/mipi_csi2_rx/inst/vfb_0/inst/VFB_YUV420_FXD_VC.ycomp_odd/fifo_ycomp/xpm_fifo_base_inst/rd_en
                         LUT3 (Prop_LUT3_I2_O)        0.058    10.311 r  system_top_i/mipi_csi2_rx/inst/vfb_0/inst/VFB_YUV420_FXD_VC.ycomp_odd/fifo_ycomp/xpm_fifo_base_inst/gen_sdpram.xpm_memory_base_inst_i_3/O
                         net (fo=39, unplaced)        0.448    10.759    system_top_i/mipi_csi2_rx/inst/vfb_0/inst/VFB_YUV420_FXD_VC.ycomp_odd/fifo_ycomp/xpm_fifo_base_inst/gen_sdpram.xpm_memory_base_inst/regceb
                         RAMB36E2                                     r  system_top_i/mipi_csi2_rx/inst/vfb_0/inst/VFB_YUV420_FXD_VC.ycomp_odd/fifo_ycomp/xpm_fifo_base_inst/gen_sdpram.xpm_memory_base_inst/gen_wr_a.gen_word_narrow.mem_reg_bram_0/REGCEB
  -------------------------------------------------------------------    -------------------

                         (clock clk_300M_system_top_clk_wiz_0_0 rise edge)
                                                      3.333     3.333 r  
                         PS8                          0.000     3.333 r  system_top_i/zynq_ps/inst/PS8_i/PLCLK[0]
                         net (fo=1, unplaced)         0.181     3.514    system_top_i/zynq_ps/inst/pl_clk_unbuffered[0]
                         BUFG_PS (Prop_BUFG_PS_I_O)
                                                      0.035     3.549 r  system_top_i/zynq_ps/inst/buffer_pl_clk_0.PL_CLK_0_BUFG/O
                         net (fo=1, unplaced)         2.439     5.988    system_top_i/clk_wiz_0/inst/clk_in1
                         BUFGCE (Prop_BUFGCE_I_O)     0.039     6.027 r  system_top_i/clk_wiz_0/inst/clkin1_bufg/O
                         net (fo=1, unplaced)         2.439     8.466    system_top_i/clk_wiz_0/inst/clk_in1_system_top_clk_wiz_0_0
                         MMCME4_ADV (Prop_MMCME4_ADV_CLKIN1_CLKOUT2)
                                                      0.739     9.205 r  system_top_i/clk_wiz_0/inst/mmcme4_adv_inst/CLKOUT2
                         net (fo=1, unplaced)         0.247     9.452    system_top_i/clk_wiz_0/inst/clk_300M_system_top_clk_wiz_0_0
                         BUFGCE (Prop_BUFGCE_I_O)     0.039     9.491 r  system_top_i/clk_wiz_0/inst/clkout3_buf/O
                         net (fo=8211, unplaced)      2.439    11.930    system_top_i/mipi_csi2_rx/inst/vfb_0/inst/VFB_YUV420_FXD_VC.ycomp_odd/fifo_ycomp/xpm_fifo_base_inst/gen_sdpram.xpm_memory_base_inst/clka
                         RAMB36E2                                     r  system_top_i/mipi_csi2_rx/inst/vfb_0/inst/VFB_YUV420_FXD_VC.ycomp_odd/fifo_ycomp/xpm_fifo_base_inst/gen_sdpram.xpm_memory_base_inst/gen_wr_a.gen_word_narrow.mem_reg_bram_0/CLKBWRCLK
                         clock pessimism             -0.463    11.467    
                         clock uncertainty           -0.059    11.408    
                         RAMB36E2 (Setup_RAMB36E2_CLKBWRCLK_REGCEB)
                                                     -0.342    11.066    system_top_i/mipi_csi2_rx/inst/vfb_0/inst/VFB_YUV420_FXD_VC.ycomp_odd/fifo_ycomp/xpm_fifo_base_inst/gen_sdpram.xpm_memory_base_inst/gen_wr_a.gen_word_narrow.mem_reg_bram_0
  -------------------------------------------------------------------
                         required time                         11.066    
                         arrival time                         -10.759    
  -------------------------------------------------------------------
                         slack                                  0.307    





Min Delay Paths
--------------------------------------------------------------------------------------
Slack (VIOLATED) :        -0.087ns  (arrival time - required time)
  Source:                 system_top_i/smartconnect_video/inst/s00_nodes/s00_b_node/inst/inst_mi_handler/gen_normal_area.inst_fifo_node_payld/gen_xpm_memory_fifo.inst_fifo/gen_mem_rep[0].inst_wr_addra/count_r_reg[3]/C
                            (rising edge-triggered cell FDRE clocked by clk_300M_system_top_clk_wiz_0_0  {rise@0.000ns fall@1.667ns period=3.333ns})
  Destination:            system_top_i/smartconnect_video/inst/s00_nodes/s00_b_node/inst/inst_mi_handler/gen_normal_area.inst_fifo_node_payld/gen_xpm_memory_fifo.inst_fifo/gen_mem_rep[0].inst_xpm_memory/xpm_memory_base_inst/gen_wr_a.gen_word_narrow.mem_reg_0_31_0_13/RAMA/WADR3
                            (rising edge-triggered cell RAMD32 clocked by clk_300M_system_top_clk_wiz_0_0  {rise@0.000ns fall@1.667ns period=3.333ns})
  Path Group:             clk_300M_system_top_clk_wiz_0_0
  Path Type:              Hold (Min at Fast Process Corner)
  Requirement:            0.000ns  (clk_300M_system_top_clk_wiz_0_0 rise@0.000ns - clk_300M_system_top_clk_wiz_0_0 rise@0.000ns)
  Data Path Delay:        0.148ns  (logic 0.084ns (56.757%)  route 0.064ns (43.243%))
  Logic Levels:           0  
  Clock Path Skew:        0.145ns (DCD - SCD - CPR)
    Destination Clock Delay (DCD):    4.093ns
    Source Clock Delay      (SCD):    4.246ns
    Clock Pessimism Removal (CPR):    -0.298ns

    Location             Delay type                Incr(ns)  Path(ns)    Netlist Resource(s)
  -------------------------------------------------------------------    -------------------
                         (clock clk_300M_system_top_clk_wiz_0_0 rise edge)
                                                      0.000     0.000 r  
                         PS8                          0.000     0.000 r  system_top_i/zynq_ps/inst/PS8_i/PLCLK[0]
                         net (fo=1, unplaced)         0.129     0.129    system_top_i/zynq_ps/inst/pl_clk_unbuffered[0]
                         BUFG_PS (Prop_BUFG_PS_I_O)
                                                      0.022     0.151 r  system_top_i/zynq_ps/inst/buffer_pl_clk_0.PL_CLK_0_BUFG/O
                         net (fo=1, unplaced)         1.114     1.265    system_top_i/clk_wiz_0/inst/clk_in1
                         BUFGCE (Prop_BUFGCE_I_O)     0.023     1.288 r  system_top_i/clk_wiz_0/inst/clkin1_bufg/O
                         net (fo=1, unplaced)         1.114     2.402    system_top_i/clk_wiz_0/inst/clk_in1_system_top_clk_wiz_0_0
                         MMCME4_ADV (Prop_MMCME4_ADV_CLKIN1_CLKOUT2)
                                                      0.566     2.968 r  system_top_i/clk_wiz_0/inst/mmcme4_adv_inst/CLKOUT2
                         net (fo=1, unplaced)         0.141     3.109    system_top_i/clk_wiz_0/inst/clk_300M_system_top_clk_wiz_0_0
                         BUFGCE (Prop_BUFGCE_I_O)     0.023     3.132 r  system_top_i/clk_wiz_0/inst/clkout3_buf/O
                         net (fo=8211, unplaced)      1.114     4.246    system_top_i/smartconnect_video/inst/s00_nodes/s00_b_node/inst/inst_mi_handler/gen_normal_area.inst_fifo_node_payld/gen_xpm_memory_fifo.inst_fifo/gen_mem_rep[0].inst_wr_addra/s_sc_aclk
                         FDRE                                         r  system_top_i/smartconnect_video/inst/s00_nodes/s00_b_node/inst/inst_mi_handler/gen_normal_area.inst_fifo_node_payld/gen_xpm_memory_fifo.inst_fifo/gen_mem_rep[0].inst_wr_addra/count_r_reg[3]/C
  -------------------------------------------------------------------    -------------------
                         FDRE (Prop_FDRE_C_Q)         0.084     4.330 r  system_top_i/smartconnect_video/inst/s00_nodes/s00_b_node/inst/inst_mi_handler/gen_normal_area.inst_fifo_node_payld/gen_xpm_memory_fifo.inst_fifo/gen_mem_rep[0].inst_wr_addra/count_r_reg[3]/Q
                         net (fo=13, unplaced)        0.064     4.394    system_top_i/smartconnect_video/inst/s00_nodes/s00_b_node/inst/inst_mi_handler/gen_normal_area.inst_fifo_node_payld/gen_xpm_memory_fifo.inst_fifo/gen_mem_rep[0].inst_xpm_memory/xpm_memory_base_inst/gen_wr_a.gen_word_narrow.mem_reg_0_31_0_13/ADDRD3
                         RAMD32                                       r  system_top_i/smartconnect_video/inst/s00_nodes/s00_b_node/inst/inst_mi_handler/gen_normal_area.inst_fifo_node_payld/gen_xpm_memory_fifo.inst_fifo/gen_mem_rep[0].inst_xpm_memory/xpm_memory_base_inst/gen_wr_a.gen_word_narrow.mem_reg_0_31_0_13/RAMA/WADR3
  -------------------------------------------------------------------    -------------------

                         (clock clk_300M_system_top_clk_wiz_0_0 rise edge)
                                                      0.000     0.000 r  
                         PS8                          0.000     0.000 r  system_top_i/zynq_ps/inst/PS8_i/PLCLK[0]
                         net (fo=1, unplaced)         0.164     0.164    system_top_i/zynq_ps/inst/pl_clk_unbuffered[0]
                         BUFG_PS (Prop_BUFG_PS_I_O)
                                                      0.023     0.187 r  system_top_i/zynq_ps/inst/buffer_pl_clk_0.PL_CLK_0_BUFG/O
                         net (fo=1, unplaced)         1.259     1.446    system_top_i/clk_wiz_0/inst/clk_in1
                         BUFGCE (Prop_BUFGCE_I_O)     0.026     1.472 r  system_top_i/clk_wiz_0/inst/clkin1_bufg/O
                         net (fo=1, unplaced)         1.259     2.731    system_top_i/clk_wiz_0/inst/clk_in1_system_top_clk_wiz_0_0
                         MMCME4_ADV (Prop_MMCME4_ADV_CLKIN1_CLKOUT2)
                                                     -0.079     2.652 r  system_top_i/clk_wiz_0/inst/mmcme4_adv_inst/CLKOUT2
                         net (fo=1, unplaced)         0.156     2.808    system_top_i/clk_wiz_0/inst/clk_300M_system_top_clk_wiz_0_0
                         BUFGCE (Prop_BUFGCE_I_O)     0.026     2.834 r  system_top_i/clk_wiz_0/inst/clkout3_buf/O
                         net (fo=8211, unplaced)      1.259     4.093    system_top_i/smartconnect_video/inst/s00_nodes/s00_b_node/inst/inst_mi_handler/gen_normal_area.inst_fifo_node_payld/gen_xpm_memory_fifo.inst_fifo/gen_mem_rep[0].inst_xpm_memory/xpm_memory_base_inst/gen_wr_a.gen_word_narrow.mem_reg_0_31_0_13/WCLK
                         RAMD32                                       r  system_top_i/smartconnect_video/inst/s00_nodes/s00_b_node/inst/inst_mi_handler/gen_normal_area.inst_fifo_node_payld/gen_xpm_memory_fifo.inst_fifo/gen_mem_rep[0].inst_xpm_memory/xpm_memory_base_inst/gen_wr_a.gen_word_narrow.mem_reg_0_31_0_13/RAMA/CLK
                         clock pessimism              0.298     4.391    
                         RAMD32 (Hold_RAMD32_CLK_WADR3)
                                                      0.090     4.481    system_top_i/smartconnect_video/inst/s00_nodes/s00_b_node/inst/inst_mi_handler/gen_normal_area.inst_fifo_node_payld/gen_xpm_memory_fifo.inst_fifo/gen_mem_rep[0].inst_xpm_memory/xpm_memory_base_inst/gen_wr_a.gen_word_narrow.mem_reg_0_31_0_13/RAMA
  -------------------------------------------------------------------
                         required time                         -4.481    
                         arrival time                           4.394    
  -------------------------------------------------------------------
                         slack                                 -0.087    





Pulse Width Checks
--------------------------------------------------------------------------------------
Clock Name:         clk_300M_system_top_clk_wiz_0_0
Waveform(ns):       { 0.000 1.667 }
Period(ns):         3.333
Sources:            { system_top_i/clk_wiz_0/inst/mmcme4_adv_inst/CLKOUT2 }

Check Type        Corner  Lib Pin          Reference Pin  Required(ns)  Actual(ns)  Slack(ns)  Location  Pin
Min Period        n/a     PS8/SAXIGP3RCLK  n/a            3.000         3.333       0.333                system_top_i/zynq_ps/inst/PS8_i/SAXIGP3RCLK
Low Pulse Width   Slow    PS8/SAXIGP3RCLK  n/a            1.500         1.667       0.167                system_top_i/zynq_ps/inst/PS8_i/SAXIGP3RCLK
High Pulse Width  Slow    PS8/SAXIGP3RCLK  n/a            1.500         1.667       0.167                system_top_i/zynq_ps/inst/PS8_i/SAXIGP3RCLK



---------------------------------------------------------------------------------------------------
From Clock:  clk_60M_system_top_clk_wiz_0_0
  To Clock:  clk_60M_system_top_clk_wiz_0_0

Setup :            0  Failing Endpoints,  Worst Slack        2.034ns,  Total Violation        0.000ns
Hold  :        56583  Failing Endpoints,  Worst Slack       -0.089ns,  Total Violation    -1193.553ns
PW    :            0  Failing Endpoints,  Worst Slack        6.833ns,  Total Violation        0.000ns
---------------------------------------------------------------------------------------------------


Max Delay Paths
--------------------------------------------------------------------------------------
Slack (MET) :             2.034ns  (required time - arrival time)
  Source:                 system_top_i/t1_top/inst/u_t1/laneVec2D_0_0/multiplier/requestReg_opcode_reg[1]/C
                            (rising edge-triggered cell FDRE clocked by clk_60M_system_top_clk_wiz_0_0  {rise@0.000ns fall@8.333ns period=16.667ns})
  Destination:            system_top_i/t1_top/inst/u_t1/laneVec2D_0_0/multiplier/request_pipeResponse_pipe_b_data_reg[48]/S
                            (rising edge-triggered cell FDSE clocked by clk_60M_system_top_clk_wiz_0_0  {rise@0.000ns fall@8.333ns period=16.667ns})
  Path Group:             clk_60M_system_top_clk_wiz_0_0
  Path Type:              Setup (Max at Slow Process Corner)
  Requirement:            16.667ns  (clk_60M_system_top_clk_wiz_0_0 rise@16.667ns - clk_60M_system_top_clk_wiz_0_0 rise@0.000ns)
  Data Path Delay:        14.296ns  (logic 6.196ns (43.341%)  route 8.100ns (56.659%))
  Logic Levels:           46  (CARRY8=4 DSP_A_B_DATA=1 DSP_ALU=2 DSP_M_DATA=1 DSP_MULTIPLIER=1 DSP_OUTPUT=2 DSP_PREADD_DATA=1 LUT2=3 LUT3=3 LUT4=3 LUT5=9 LUT6=16)
  Clock Path Skew:        -0.145ns (DCD - SCD + CPR)
    Destination Clock Delay (DCD):    8.605ns = ( 25.272 - 16.667 ) 
    Source Clock Delay      (SCD):    8.290ns
    Clock Pessimism Removal (CPR):    -0.460ns
  Clock Uncertainty:      0.074ns  ((TSJ^2 + DJ^2)^1/2) / 2 + PE
    Total System Jitter     (TSJ):    0.071ns
    Discrete Jitter          (DJ):    0.129ns
    Phase Error              (PE):    0.000ns

    Location             Delay type                Incr(ns)  Path(ns)    Netlist Resource(s)
  -------------------------------------------------------------------    -------------------
                         (clock clk_60M_system_top_clk_wiz_0_0 rise edge)
                                                      0.000     0.000 r  
                         PS8                          0.000     0.000 r  system_top_i/zynq_ps/inst/PS8_i/PLCLK[0]
                         net (fo=1, unplaced)         0.229     0.229    system_top_i/zynq_ps/inst/pl_clk_unbuffered[0]
                         BUFG_PS (Prop_BUFG_PS_I_O)
                                                      0.038     0.267 r  system_top_i/zynq_ps/inst/buffer_pl_clk_0.PL_CLK_0_BUFG/O
                         net (fo=1, unplaced)         2.584     2.851    system_top_i/clk_wiz_0/inst/clk_in1
                         BUFGCE (Prop_BUFGCE_I_O)     0.044     2.895 r  system_top_i/clk_wiz_0/inst/clkin1_bufg/O
                         net (fo=1, unplaced)         2.584     5.479    system_top_i/clk_wiz_0/inst/clk_in1_system_top_clk_wiz_0_0
                         MMCME4_ADV (Prop_MMCME4_ADV_CLKIN1_CLKOUT3)
                                                     -0.103     5.376 r  system_top_i/clk_wiz_0/inst/mmcme4_adv_inst/CLKOUT3
                         net (fo=1, unplaced)         0.286     5.662    system_top_i/clk_wiz_0/inst/clk_60M_system_top_clk_wiz_0_0
                         BUFGCE (Prop_BUFGCE_I_O)     0.044     5.706 r  system_top_i/clk_wiz_0/inst/clkout4_buf/O
                         net (fo=99994, unplaced)     2.584     8.290    system_top_i/t1_top/inst/u_t1/laneVec2D_0_0/multiplier/aclk
                         FDRE                                         r  system_top_i/t1_top/inst/u_t1/laneVec2D_0_0/multiplier/requestReg_opcode_reg[1]/C
  -------------------------------------------------------------------    -------------------
                         FDRE (Prop_FDRE_C_Q)         0.114     8.404 r  system_top_i/t1_top/inst/u_t1/laneVec2D_0_0/multiplier/requestReg_opcode_reg[1]/Q
                         net (fo=159, unplaced)       0.202     8.606    system_top_i/t1_top/inst/u_t1/laneVec2D_0_0/multiplier/responseVec_fusionMultiplier_1/out32_5[1]
                         LUT3 (Prop_LUT3_I0_O)        0.137     8.743 r  system_top_i/t1_top/inst/u_t1/laneVec2D_0_0/multiplier/responseVec_fusionMultiplier_1/p16_0_i_80__0/O
                         net (fo=135, unplaced)       0.303     9.046    system_top_i/t1_top/inst/u_t1/laneVec2D_0_0/multiplier/responseVec_fusionMultiplier_1/requestReg_opcode_reg[1]
                         LUT3 (Prop_LUT3_I1_O)        0.058     9.104 f  system_top_i/t1_top/inst/u_t1/laneVec2D_0_0/multiplier/responseVec_fusionMultiplier_1/p16_1_i_89/O
                         net (fo=3, unplaced)         0.217     9.321    system_top_i/t1_top/inst/u_t1/laneVec2D_0_0/multiplier/responseVec_fusionMultiplier_1/responseVec_mul1_1[31]
                         LUT6 (Prop_LUT6_I4_O)        0.058     9.379 f  system_top_i/t1_top/inst/u_t1/laneVec2D_0_0/multiplier/responseVec_fusionMultiplier_1/p16_0_i_86__0/O
                         net (fo=1, unplaced)         0.211     9.590    system_top_i/t1_top/inst/u_t1/laneVec2D_0_0/multiplier/responseVec_fusionMultiplier_1/p16_0_i_86__0_n_0
                         LUT5 (Prop_LUT5_I4_O)        0.058     9.648 f  system_top_i/t1_top/inst/u_t1/laneVec2D_0_0/multiplier/responseVec_fusionMultiplier_1/p16_0_i_49/O
                         net (fo=14, unplaced)        0.252     9.900    system_top_i/t1_top/inst/u_t1/laneVec2D_0_0/multiplier/responseVec_fusionMultiplier_1/p16_0_i_49_n_0
                         LUT6 (Prop_LUT6_I2_O)        0.058     9.958 f  system_top_i/t1_top/inst/u_t1/laneVec2D_0_0/multiplier/responseVec_fusionMultiplier_1/p16_0_i_60__0/O
                         net (fo=2, unplaced)         0.211    10.169    system_top_i/t1_top/inst/u_t1/laneVec2D_0_0/multiplier/responseVec_fusionMultiplier_1/p16_0_i_60__0_n_0
                         LUT5 (Prop_LUT5_I4_O)        0.058    10.227 r  system_top_i/t1_top/inst/u_t1/laneVec2D_0_0/multiplier/responseVec_fusionMultiplier_1/p16_0_i_58__0/O
                         net (fo=2, unplaced)         0.211    10.438    system_top_i/t1_top/inst/u_t1/laneVec2D_0_0/multiplier/responseVec_fusionMultiplier_1/p16_0_i_58__0_n_0
                         LUT5 (Prop_LUT5_I4_O)        0.058    10.496 f  system_top_i/t1_top/inst/u_t1/laneVec2D_0_0/multiplier/responseVec_fusionMultiplier_1/p16_0_i_56__0/O
                         net (fo=2, unplaced)         0.211    10.707    system_top_i/t1_top/inst/u_t1/laneVec2D_0_0/multiplier/responseVec_fusionMultiplier_1/p16_0_i_56__0_n_0
                         LUT5 (Prop_LUT5_I4_O)        0.058    10.765 r  system_top_i/t1_top/inst/u_t1/laneVec2D_0_0/multiplier/responseVec_fusionMultiplier_1/p16_0_i_54__0/O
                         net (fo=2, unplaced)         0.211    10.976    system_top_i/t1_top/inst/u_t1/laneVec2D_0_0/multiplier/responseVec_fusionMultiplier_1/p16_0_i_54__0_n_0
                         LUT5 (Prop_LUT5_I4_O)        0.058    11.034 f  system_top_i/t1_top/inst/u_t1/laneVec2D_0_0/multiplier/responseVec_fusionMultiplier_1/p16_0_i_52__0/O
                         net (fo=2, unplaced)         0.211    11.245    system_top_i/t1_top/inst/u_t1/laneVec2D_0_0/multiplier/responseVec_fusionMultiplier_1/p16_0_i_52__0_n_0
                         LUT5 (Prop_LUT5_I4_O)        0.058    11.303 r  system_top_i/t1_top/inst/u_t1/laneVec2D_0_0/multiplier/responseVec_fusionMultiplier_1/p16_0_i_50/O
                         net (fo=2, unplaced)         0.211    11.514    system_top_i/t1_top/inst/u_t1/laneVec2D_0_0/multiplier/responseVec_fusionMultiplier_1/p16_0_i_50_n_0
                         LUT5 (Prop_LUT5_I4_O)        0.095    11.609 f  system_top_i/t1_top/inst/u_t1/laneVec2D_0_0/multiplier/responseVec_fusionMultiplier_1/p16_0_i_77__0/O
                         net (fo=7, unplaced)         0.236    11.845    system_top_i/t1_top/inst/u_t1/laneVec2D_0_0/multiplier/responseVec_fusionMultiplier_1/responseVec_mulAbs1_Abs_1/aRevAddOne_0_1
                         LUT6 (Prop_LUT6_I5_O)        0.058    11.903 f  system_top_i/t1_top/inst/u_t1/laneVec2D_0_0/multiplier/responseVec_fusionMultiplier_1/p16_1_i_87__0/O
                         net (fo=4, unplaced)         0.223    12.126    system_top_i/t1_top/inst/u_t1/laneVec2D_0_0/multiplier/responseVec_fusionMultiplier_1/responseVec_mulAbs1_Abs_1/p_0_in
                         LUT4 (Prop_LUT4_I1_O)        0.095    12.221 f  system_top_i/t1_top/inst/u_t1/laneVec2D_0_0/multiplier/responseVec_fusionMultiplier_1/p16_1_i_54__0/O
                         net (fo=8, unplaced)         0.239    12.460    system_top_i/t1_top/inst/u_t1/laneVec2D_0_0/multiplier/responseVec_fusionMultiplier_1/p16_1_i_54__0_n_0
                         LUT6 (Prop_LUT6_I5_O)        0.058    12.518 f  system_top_i/t1_top/inst/u_t1/laneVec2D_0_0/multiplier/responseVec_fusionMultiplier_1/p16_1_i_16__0/O
                         net (fo=19, unplaced)        0.304    12.822    system_top_i/t1_top/inst/u_t1/laneVec2D_0_0/multiplier/responseVec_fusionMultiplier_1/out32__1/B[16]
                         DSP_A_B_DATA (Prop_DSP_A_B_DATA_B[16]_B2_DATA[16])
                                                      0.216    13.038 r  system_top_i/t1_top/inst/u_t1/laneVec2D_0_0/multiplier/responseVec_fusionMultiplier_1/out32__1/DSP_A_B_DATA_INST/B2_DATA[16]
                         net (fo=1, unplaced)         0.000    13.038    system_top_i/t1_top/inst/u_t1/laneVec2D_0_0/multiplier/responseVec_fusionMultiplier_1/out32__1/DSP_A_B_DATA.B2_DATA<16>
                         DSP_PREADD_DATA (Prop_DSP_PREADD_DATA_B2_DATA[16]_B2B1[16])
                                                      0.097    13.135 r  system_top_i/t1_top/inst/u_t1/laneVec2D_0_0/multiplier/responseVec_fusionMultiplier_1/out32__1/DSP_PREADD_DATA_INST/B2B1[16]
                         net (fo=1, unplaced)         0.000    13.135    system_top_i/t1_top/inst/u_t1/laneVec2D_0_0/multiplier/responseVec_fusionMultiplier_1/out32__1/DSP_PREADD_DATA.B2B1<16>
                         DSP_MULTIPLIER (Prop_DSP_MULTIPLIER_B2B1[16]_U[43])
                                                      0.773    13.908 f  system_top_i/t1_top/inst/u_t1/laneVec2D_0_0/multiplier/responseVec_fusionMultiplier_1/out32__1/DSP_MULTIPLIER_INST/U[43]
                         net (fo=1, unplaced)         0.000    13.908    system_top_i/t1_top/inst/u_t1/laneVec2D_0_0/multiplier/responseVec_fusionMultiplier_1/out32__1/DSP_MULTIPLIER.U<43>
                         DSP_M_DATA (Prop_DSP_M_DATA_U[43]_U_DATA[43])
                                                      0.067    13.975 r  system_top_i/t1_top/inst/u_t1/laneVec2D_0_0/multiplier/responseVec_fusionMultiplier_1/out32__1/DSP_M_DATA_INST/U_DATA[43]
                         net (fo=1, unplaced)         0.000    13.975    system_top_i/t1_top/inst/u_t1/laneVec2D_0_0/multiplier/responseVec_fusionMultiplier_1/out32__1/DSP_M_DATA.U_DATA<43>
                         DSP_ALU (Prop_DSP_ALU_U_DATA[43]_ALU_OUT[47])
                                                      0.727    14.702 f  system_top_i/t1_top/inst/u_t1/laneVec2D_0_0/multiplier/responseVec_fusionMultiplier_1/out32__1/DSP_ALU_INST/ALU_OUT[47]
                         net (fo=1, unplaced)         0.000    14.702    system_top_i/t1_top/inst/u_t1/laneVec2D_0_0/multiplier/responseVec_fusionMultiplier_1/out32__1/DSP_ALU.ALU_OUT<47>
                         DSP_OUTPUT (Prop_DSP_OUTPUT_ALU_OUT[47]_PCOUT[47])
                                                      0.167    14.869 r  system_top_i/t1_top/inst/u_t1/laneVec2D_0_0/multiplier/responseVec_fusionMultiplier_1/out32__1/DSP_OUTPUT_INST/PCOUT[47]
                         net (fo=1, unplaced)         0.014    14.883    system_top_i/t1_top/inst/u_t1/laneVec2D_0_0/multiplier/responseVec_fusionMultiplier_1/out32__2/PCIN[47]
                         DSP_ALU (Prop_DSP_ALU_PCIN[47]_ALU_OUT[0])
                                                      0.739    15.622 f  system_top_i/t1_top/inst/u_t1/laneVec2D_0_0/multiplier/responseVec_fusionMultiplier_1/out32__2/DSP_ALU_INST/ALU_OUT[0]
                         net (fo=1, unplaced)         0.000    15.622    system_top_i/t1_top/inst/u_t1/laneVec2D_0_0/multiplier/responseVec_fusionMultiplier_1/out32__2/DSP_ALU.ALU_OUT<0>
                         DSP_OUTPUT (Prop_DSP_OUTPUT_ALU_OUT[0]_P[0])
                                                      0.146    15.768 r  system_top_i/t1_top/inst/u_t1/laneVec2D_0_0/multiplier/responseVec_fusionMultiplier_1/out32__2/DSP_OUTPUT_INST/P[0]
                         net (fo=2, unplaced)         0.258    16.026    system_top_i/t1_top/inst/u_t1/laneVec2D_0_0/multiplier/responseVec_fusionMultiplier_1/out32__2_n_105
                         LUT2 (Prop_LUT2_I0_O)        0.082    16.108 r  system_top_i/t1_top/inst/u_t1/laneVec2D_0_0/multiplier/responseVec_fusionMultiplier_1/request_pipeResponse_pipe_b_data[42]_i_55/O
                         net (fo=1, unplaced)         0.030    16.138    system_top_i/t1_top/inst/u_t1/laneVec2D_0_0/multiplier/responseVec_fusionMultiplier_1/request_pipeResponse_pipe_b_data[42]_i_55_n_0
                         CARRY8 (Prop_CARRY8_S[1]_CO[7])
                                                      0.275    16.413 r  system_top_i/t1_top/inst/u_t1/laneVec2D_0_0/multiplier/responseVec_fusionMultiplier_1/request_pipeResponse_pipe_b_data_reg[42]_i_26/CO[7]
                         net (fo=1, unplaced)         0.006    16.419    system_top_i/t1_top/inst/u_t1/laneVec2D_0_0/multiplier/responseVec_fusionMultiplier_1/request_pipeResponse_pipe_b_data_reg[42]_i_26_n_0
                         CARRY8 (Prop_CARRY8_CI_O[5])
                                                      0.161    16.580 r  system_top_i/t1_top/inst/u_t1/laneVec2D_0_0/multiplier/responseVec_fusionMultiplier_1/request_pipeResponse_pipe_b_data_reg[47]_i_50/O[5]
                         net (fo=1, unplaced)         0.155    16.735    system_top_i/t1_top/inst/u_t1/laneVec2D_0_0/multiplier/responseVec_fusionMultiplier_1/out32__3[29]
                         LUT6 (Prop_LUT6_I5_O)        0.082    16.817 r  system_top_i/t1_top/inst/u_t1/laneVec2D_0_0/multiplier/responseVec_fusionMultiplier_1/request_pipeResponse_pipe_b_data[47]_i_32/O
                         net (fo=5, unplaced)         0.229    17.046    system_top_i/t1_top/inst/u_t1/laneVec2D_0_0/multiplier/responseVec_fusionMultiplier_1/_responseVec_fusionMultiplier_1_multiplierSum[29]
                         LUT2 (Prop_LUT2_I0_O)        0.095    17.141 r  system_top_i/t1_top/inst/u_t1/laneVec2D_0_0/multiplier/responseVec_fusionMultiplier_1/request_pipeResponse_pipe_b_data[47]_i_59/O
                         net (fo=1, unplaced)         0.211    17.352    system_top_i/t1_top/inst/u_t1/laneVec2D_0_0/multiplier/responseVec_fusionMultiplier_1/p_0_out[29]
                         LUT6 (Prop_LUT6_I2_O)        0.058    17.410 r  system_top_i/t1_top/inst/u_t1/laneVec2D_0_0/multiplier/responseVec_fusionMultiplier_1/request_pipeResponse_pipe_b_data[47]_i_36/O
                         net (fo=2, unplaced)         0.211    17.621    system_top_i/t1_top/inst/u_t1/laneVec2D_0_0/multiplier/responseVec_fusionMultiplier_1/responseVec_adder64_1/tree8Leaf_layer0_1_2_3
                         LUT3 (Prop_LUT3_I2_O)        0.095    17.716 r  system_top_i/t1_top/inst/u_t1/laneVec2D_0_0/multiplier/responseVec_fusionMultiplier_1/request_pipeResponse_pipe_b_data[62]_i_57__0/O
                         net (fo=1, unplaced)         0.211    17.927    system_top_i/t1_top/inst/u_t1/laneVec2D_0_0/multiplier/responseVec_fusionMultiplier_1/request_pipeResponse_pipe_b_data[62]_i_57__0_n_0
                         LUT6 (Prop_LUT6_I4_O)        0.058    17.985 r  system_top_i/t1_top/inst/u_t1/laneVec2D_0_0/multiplier/responseVec_fusionMultiplier_1/request_pipeResponse_pipe_b_data[62]_i_51__0/O
                         net (fo=10, unplaced)        0.244    18.229    system_top_i/t1_top/inst/u_t1/laneVec2D_0_0/multiplier/responseVec_fusionMultiplier_1/responseVec_adder64_1/tree16Leaf1_15_2
                         LUT5 (Prop_LUT5_I1_O)        0.058    18.287 r  system_top_i/t1_top/inst/u_t1/laneVec2D_0_0/multiplier/responseVec_fusionMultiplier_1/request_pipeResponse_pipe_b_data[55]_i_30/O
                         net (fo=8, unplaced)         0.239    18.526    system_top_i/t1_top/inst/u_t1/laneVec2D_0_0/multiplier/responseVec_fusionMultiplier_1/request_pipeResponse_pipe_b_data[55]_i_30_n_0
                         LUT2 (Prop_LUT2_I0_O)        0.058    18.584 r  system_top_i/t1_top/inst/u_t1/laneVec2D_0_0/multiplier/responseVec_fusionMultiplier_1/request_pipeResponse_pipe_b_data[55]_i_17/O
                         net (fo=14, unplaced)        0.252    18.836    system_top_i/t1_top/inst/u_t1/laneVec2D_0_0/multiplier/responseVec_fusionMultiplier_1/request_pipeResponse_pipe_b_data[55]_i_17_n_0
                         LUT6 (Prop_LUT6_I4_O)        0.058    18.894 r  system_top_i/t1_top/inst/u_t1/laneVec2D_0_0/multiplier/responseVec_fusionMultiplier_1/request_pipeResponse_pipe_b_data[41]_i_9__0/O
                         net (fo=12, unplaced)        0.248    19.142    system_top_i/t1_top/inst/u_t1/laneVec2D_0_0/multiplier/responseVec_fusionMultiplier_1/_responseVec_adder64_1_z[41]
                         LUT4 (Prop_LUT4_I3_O)        0.095    19.237 r  system_top_i/t1_top/inst/u_t1/laneVec2D_0_0/multiplier/responseVec_fusionMultiplier_1/request_pipeResponse_pipe_b_data[54]_i_28/O
                         net (fo=1, unplaced)         0.148    19.385    system_top_i/t1_top/inst/u_t1/laneVec2D_0_0/multiplier/responseVec_fusionMultiplier_1/request_pipeResponse_pipe_b_data[54]_i_28_n_0
                         LUT6 (Prop_LUT6_I2_O)        0.082    19.467 r  system_top_i/t1_top/inst/u_t1/laneVec2D_0_0/multiplier/responseVec_fusionMultiplier_1/request_pipeResponse_pipe_b_data[54]_i_27/O
                         net (fo=1, unplaced)         0.211    19.678    system_top_i/t1_top/inst/u_t1/laneVec2D_0_0/multiplier/responseVec_fusionMultiplier_1/request_pipeResponse_pipe_b_data[54]_i_27_n_0
                         LUT5 (Prop_LUT5_I2_O)        0.058    19.736 r  system_top_i/t1_top/inst/u_t1/laneVec2D_0_0/multiplier/responseVec_fusionMultiplier_1/request_pipeResponse_pipe_b_data[54]_i_18/O
                         net (fo=1, unplaced)         0.025    19.761    system_top_i/t1_top/inst/u_t1/laneVec2D_0_0/multiplier/responseVec_fusionMultiplier_1/request_pipeResponse_pipe_b_data[54]_i_18_n_0
                         CARRY8 (Prop_CARRY8_S[0]_CO[7])
                                                      0.289    20.050 r  system_top_i/t1_top/inst/u_t1/laneVec2D_0_0/multiplier/responseVec_fusionMultiplier_1/request_pipeResponse_pipe_b_data_reg[54]_i_8/CO[7]
                         net (fo=1, unplaced)         0.006    20.056    system_top_i/t1_top/inst/u_t1/laneVec2D_0_0/multiplier/responseVec_fusionMultiplier_1/request_pipeResponse_pipe_b_data_reg[54]_i_8_n_0
                         CARRY8 (Prop_CARRY8_CI_O[2])
                                                      0.093    20.149 r  system_top_i/t1_top/inst/u_t1/laneVec2D_0_0/multiplier/responseVec_fusionMultiplier_1/request_pipeResponse_pipe_b_data_reg[62]_i_10/O[2]
                         net (fo=1, unplaced)         0.147    20.296    system_top_i/t1_top/inst/u_t1/laneVec2D_0_0/multiplier/responseVec_fusionMultiplier_1/responseVec_roundResultForSew16_10[10]
                         LUT4 (Prop_LUT4_I0_O)        0.082    20.378 r  system_top_i/t1_top/inst/u_t1/laneVec2D_0_0/multiplier/responseVec_fusionMultiplier_1/request_pipeResponse_pipe_b_data[58]_i_3__0/O
                         net (fo=2, unplaced)         0.211    20.589    system_top_i/t1_top/inst/u_t1/laneVec2D_0_0/multiplier/responseVec_fusionMultiplier_1/request_pipeResponse_pipe_b_data[58]_i_3__0_n_0
                         LUT6 (Prop_LUT6_I5_O)        0.058    20.647 r  system_top_i/t1_top/inst/u_t1/laneVec2D_0_0/multiplier/responseVec_fusionMultiplier_1/request_pipeResponse_pipe_b_data[63]_i_56/O
                         net (fo=1, unplaced)         0.211    20.858    system_top_i/t1_top/inst/u_t1/laneVec2D_0_0/multiplier/responseVec_fusionMultiplier_1/request_pipeResponse_pipe_b_data[63]_i_56_n_0
                         LUT6 (Prop_LUT6_I5_O)        0.058    20.916 r  system_top_i/t1_top/inst/u_t1/laneVec2D_0_0/multiplier/responseVec_fusionMultiplier_1/request_pipeResponse_pipe_b_data[63]_i_34/O
                         net (fo=1, unplaced)         0.211    21.127    system_top_i/t1_top/inst/u_t1/laneVec2D_0_0/multiplier/responseVec_fusionMultiplier_1/request_pipeResponse_pipe_b_data[63]_i_34_n_0
                         LUT6 (Prop_LUT6_I4_O)        0.058    21.185 f  system_top_i/t1_top/inst/u_t1/laneVec2D_0_0/multiplier/responseVec_fusionMultiplier_1/request_pipeResponse_pipe_b_data[63]_i_19/O
                         net (fo=3, unplaced)         0.217    21.402    system_top_i/t1_top/inst/u_t1/laneVec2D_0_0/multiplier/responseVec_fusionMultiplier_1/request_pipeResponse_pipe_b_data[63]_i_19_n_0
                         LUT6 (Prop_LUT6_I5_O)        0.058    21.460 f  system_top_i/t1_top/inst/u_t1/laneVec2D_0_0/multiplier/responseVec_fusionMultiplier_1/request_pipeResponse_pipe_b_data[63]_i_10__0/O
                         net (fo=4, unplaced)         0.223    21.683    system_top_i/t1_top/inst/u_t1/laneVec2D_0_0/multiplier/responseVec_fusionMultiplier_1/request_pipeResponse_pipe_b_data[63]_i_10__0_n_0
                         LUT6 (Prop_LUT6_I4_O)        0.058    21.741 f  system_top_i/t1_top/inst/u_t1/laneVec2D_0_0/multiplier/responseVec_fusionMultiplier_1/request_pipeResponse_pipe_b_data[63]_i_2__1/O
                         net (fo=9, unplaced)         0.242    21.983    system_top_i/t1_top/inst/u_t1/laneVec2D_0_0/multiplier/responseVec_fusionMultiplier_1/request_pipeResponse_pipe_b_data[63]_i_2__1_n_0
                         LUT6 (Prop_LUT6_I5_O)        0.058    22.041 r  system_top_i/t1_top/inst/u_t1/laneVec2D_0_0/multiplier/responseVec_fusionMultiplier_1/request_pipeResponse_pipe_b_data[55]_i_5/O
                         net (fo=9, unplaced)         0.242    22.283    system_top_i/t1_top/inst/u_t1/laneVec2D_0_0/multiplier/responseVec_fusionMultiplier_1/request_pipeResponse_pipe_b_data[55]_i_5_n_0
                         LUT6 (Prop_LUT6_I3_O)        0.058    22.341 r  system_top_i/t1_top/inst/u_t1/laneVec2D_0_0/multiplier/responseVec_fusionMultiplier_1/request_pipeResponse_pipe_b_data[54]_i_1__1/O
                         net (fo=7, unplaced)         0.245    22.586    system_top_i/t1_top/inst/u_t1/laneVec2D_0_0/multiplier/responseVec_fusionMultiplier_1_n_91
                         FDSE                                         r  system_top_i/t1_top/inst/u_t1/laneVec2D_0_0/multiplier/request_pipeResponse_pipe_b_data_reg[48]/S
  -------------------------------------------------------------------    -------------------

                         (clock clk_60M_system_top_clk_wiz_0_0 rise edge)
                                                     16.667    16.667 r  
                         PS8                          0.000    16.667 r  system_top_i/zynq_ps/inst/PS8_i/PLCLK[0]
                         net (fo=1, unplaced)         0.181    16.848    system_top_i/zynq_ps/inst/pl_clk_unbuffered[0]
                         BUFG_PS (Prop_BUFG_PS_I_O)
                                                      0.035    16.883 r  system_top_i/zynq_ps/inst/buffer_pl_clk_0.PL_CLK_0_BUFG/O
                         net (fo=1, unplaced)         2.439    19.322    system_top_i/clk_wiz_0/inst/clk_in1
                         BUFGCE (Prop_BUFGCE_I_O)     0.039    19.361 r  system_top_i/clk_wiz_0/inst/clkin1_bufg/O
                         net (fo=1, unplaced)         2.439    21.800    system_top_i/clk_wiz_0/inst/clk_in1_system_top_clk_wiz_0_0
                         MMCME4_ADV (Prop_MMCME4_ADV_CLKIN1_CLKOUT3)
                                                      0.739    22.539 r  system_top_i/clk_wiz_0/inst/mmcme4_adv_inst/CLKOUT3
                         net (fo=1, unplaced)         0.255    22.794    system_top_i/clk_wiz_0/inst/clk_60M_system_top_clk_wiz_0_0
                         BUFGCE (Prop_BUFGCE_I_O)     0.039    22.833 r  system_top_i/clk_wiz_0/inst/clkout4_buf/O
                         net (fo=99994, unplaced)     2.439    25.272    system_top_i/t1_top/inst/u_t1/laneVec2D_0_0/multiplier/aclk
                         FDSE                                         r  system_top_i/t1_top/inst/u_t1/laneVec2D_0_0/multiplier/request_pipeResponse_pipe_b_data_reg[48]/C
                         clock pessimism             -0.460    24.812    
                         clock uncertainty           -0.074    24.738    
                         FDSE (Setup_FDSE_C_S)       -0.118    24.620    system_top_i/t1_top/inst/u_t1/laneVec2D_0_0/multiplier/request_pipeResponse_pipe_b_data_reg[48]
  -------------------------------------------------------------------
                         required time                         24.620    
                         arrival time                         -22.586    
  -------------------------------------------------------------------
                         slack                                  2.034    





Min Delay Paths
--------------------------------------------------------------------------------------
Slack (VIOLATED) :        -0.089ns  (arrival time - required time)
  Source:                 system_top_i/smartconnect_hb/inst/s00_nodes/s00_b_node/inst/inst_mi_handler/gen_normal_area.inst_fifo_node_payld/gen_xpm_memory_fifo.inst_fifo/gen_mem_rep[0].inst_wr_addra/count_r_reg[3]/C
                            (rising edge-triggered cell FDRE clocked by clk_60M_system_top_clk_wiz_0_0  {rise@0.000ns fall@8.333ns period=16.667ns})
  Destination:            system_top_i/smartconnect_hb/inst/s00_nodes/s00_b_node/inst/inst_mi_handler/gen_normal_area.inst_fifo_node_payld/gen_xpm_memory_fifo.inst_fifo/gen_mem_rep[0].inst_xpm_memory/xpm_memory_base_inst/gen_wr_a.gen_word_narrow.mem_reg_0_31_0_13/DP/WADR3
                            (rising edge-triggered cell RAMD32 clocked by clk_60M_system_top_clk_wiz_0_0  {rise@0.000ns fall@8.333ns period=16.667ns})
  Path Group:             clk_60M_system_top_clk_wiz_0_0
  Path Type:              Hold (Min at Fast Process Corner)
  Requirement:            0.000ns  (clk_60M_system_top_clk_wiz_0_0 rise@0.000ns - clk_60M_system_top_clk_wiz_0_0 rise@0.000ns)
  Data Path Delay:        0.146ns  (logic 0.084ns (57.534%)  route 0.062ns (42.466%))
  Logic Levels:           0  
  Clock Path Skew:        0.145ns (DCD - SCD - CPR)
    Destination Clock Delay (DCD):    4.099ns
    Source Clock Delay      (SCD):    4.251ns
    Clock Pessimism Removal (CPR):    -0.297ns

    Location             Delay type                Incr(ns)  Path(ns)    Netlist Resource(s)
  -------------------------------------------------------------------    -------------------
                         (clock clk_60M_system_top_clk_wiz_0_0 rise edge)
                                                      0.000     0.000 r  
                         PS8                          0.000     0.000 r  system_top_i/zynq_ps/inst/PS8_i/PLCLK[0]
                         net (fo=1, unplaced)         0.129     0.129    system_top_i/zynq_ps/inst/pl_clk_unbuffered[0]
                         BUFG_PS (Prop_BUFG_PS_I_O)
                                                      0.022     0.151 r  system_top_i/zynq_ps/inst/buffer_pl_clk_0.PL_CLK_0_BUFG/O
                         net (fo=1, unplaced)         1.114     1.265    system_top_i/clk_wiz_0/inst/clk_in1
                         BUFGCE (Prop_BUFGCE_I_O)     0.023     1.288 r  system_top_i/clk_wiz_0/inst/clkin1_bufg/O
                         net (fo=1, unplaced)         1.114     2.402    system_top_i/clk_wiz_0/inst/clk_in1_system_top_clk_wiz_0_0
                         MMCME4_ADV (Prop_MMCME4_ADV_CLKIN1_CLKOUT3)
                                                      0.566     2.968 r  system_top_i/clk_wiz_0/inst/mmcme4_adv_inst/CLKOUT3
                         net (fo=1, unplaced)         0.146     3.114    system_top_i/clk_wiz_0/inst/clk_60M_system_top_clk_wiz_0_0
                         BUFGCE (Prop_BUFGCE_I_O)     0.023     3.137 r  system_top_i/clk_wiz_0/inst/clkout4_buf/O
                         net (fo=99994, unplaced)     1.114     4.251    system_top_i/smartconnect_hb/inst/s00_nodes/s00_b_node/inst/inst_mi_handler/gen_normal_area.inst_fifo_node_payld/gen_xpm_memory_fifo.inst_fifo/gen_mem_rep[0].inst_wr_addra/s_sc_aclk
                         FDRE                                         r  system_top_i/smartconnect_hb/inst/s00_nodes/s00_b_node/inst/inst_mi_handler/gen_normal_area.inst_fifo_node_payld/gen_xpm_memory_fifo.inst_fifo/gen_mem_rep[0].inst_wr_addra/count_r_reg[3]/C
  -------------------------------------------------------------------    -------------------
                         FDRE (Prop_FDRE_C_Q)         0.084     4.335 r  system_top_i/smartconnect_hb/inst/s00_nodes/s00_b_node/inst/inst_mi_handler/gen_normal_area.inst_fifo_node_payld/gen_xpm_memory_fifo.inst_fifo/gen_mem_rep[0].inst_wr_addra/count_r_reg[3]/Q
                         net (fo=11, unplaced)        0.062     4.397    system_top_i/smartconnect_hb/inst/s00_nodes/s00_b_node/inst/inst_mi_handler/gen_normal_area.inst_fifo_node_payld/gen_xpm_memory_fifo.inst_fifo/gen_mem_rep[0].inst_xpm_memory/xpm_memory_base_inst/gen_wr_a.gen_word_narrow.mem_reg_0_31_0_13/A3
                         RAMD32                                       r  system_top_i/smartconnect_hb/inst/s00_nodes/s00_b_node/inst/inst_mi_handler/gen_normal_area.inst_fifo_node_payld/gen_xpm_memory_fifo.inst_fifo/gen_mem_rep[0].inst_xpm_memory/xpm_memory_base_inst/gen_wr_a.gen_word_narrow.mem_reg_0_31_0_13/DP/WADR3
  -------------------------------------------------------------------    -------------------

                         (clock clk_60M_system_top_clk_wiz_0_0 rise edge)
                                                      0.000     0.000 r  
                         PS8                          0.000     0.000 r  system_top_i/zynq_ps/inst/PS8_i/PLCLK[0]
                         net (fo=1, unplaced)         0.164     0.164    system_top_i/zynq_ps/inst/pl_clk_unbuffered[0]
                         BUFG_PS (Prop_BUFG_PS_I_O)
                                                      0.023     0.187 r  system_top_i/zynq_ps/inst/buffer_pl_clk_0.PL_CLK_0_BUFG/O
                         net (fo=1, unplaced)         1.259     1.446    system_top_i/clk_wiz_0/inst/clk_in1
                         BUFGCE (Prop_BUFGCE_I_O)     0.026     1.472 r  system_top_i/clk_wiz_0/inst/clkin1_bufg/O
                         net (fo=1, unplaced)         1.259     2.731    system_top_i/clk_wiz_0/inst/clk_in1_system_top_clk_wiz_0_0
                         MMCME4_ADV (Prop_MMCME4_ADV_CLKIN1_CLKOUT3)
                                                     -0.079     2.652 r  system_top_i/clk_wiz_0/inst/mmcme4_adv_inst/CLKOUT3
                         net (fo=1, unplaced)         0.162     2.814    system_top_i/clk_wiz_0/inst/clk_60M_system_top_clk_wiz_0_0
                         BUFGCE (Prop_BUFGCE_I_O)     0.026     2.840 r  system_top_i/clk_wiz_0/inst/clkout4_buf/O
                         net (fo=99994, unplaced)     1.259     4.099    system_top_i/smartconnect_hb/inst/s00_nodes/s00_b_node/inst/inst_mi_handler/gen_normal_area.inst_fifo_node_payld/gen_xpm_memory_fifo.inst_fifo/gen_mem_rep[0].inst_xpm_memory/xpm_memory_base_inst/gen_wr_a.gen_word_narrow.mem_reg_0_31_0_13/WCLK
                         RAMD32                                       r  system_top_i/smartconnect_hb/inst/s00_nodes/s00_b_node/inst/inst_mi_handler/gen_normal_area.inst_fifo_node_payld/gen_xpm_memory_fifo.inst_fifo/gen_mem_rep[0].inst_xpm_memory/xpm_memory_base_inst/gen_wr_a.gen_word_narrow.mem_reg_0_31_0_13/DP/CLK
                         clock pessimism              0.297     4.396    
                         RAMD32 (Hold_RAMD32_CLK_WADR3)
                                                      0.090     4.486    system_top_i/smartconnect_hb/inst/s00_nodes/s00_b_node/inst/inst_mi_handler/gen_normal_area.inst_fifo_node_payld/gen_xpm_memory_fifo.inst_fifo/gen_mem_rep[0].inst_xpm_memory/xpm_memory_base_inst/gen_wr_a.gen_word_narrow.mem_reg_0_31_0_13/DP
  -------------------------------------------------------------------
                         required time                         -4.486    
                         arrival time                           4.397    
  -------------------------------------------------------------------
                         slack                                 -0.089    





Pulse Width Checks
--------------------------------------------------------------------------------------
Clock Name:         clk_60M_system_top_clk_wiz_0_0
Waveform(ns):       { 0.000 8.333 }
Period(ns):         16.667
Sources:            { system_top_i/clk_wiz_0/inst/mmcme4_adv_inst/CLKOUT3 }

Check Type        Corner  Lib Pin          Reference Pin  Required(ns)  Actual(ns)  Slack(ns)  Location  Pin
Min Period        n/a     PS8/MAXIGP0ACLK  n/a            3.000         16.667      13.667               system_top_i/zynq_ps/inst/PS8_i/MAXIGP0ACLK
Low Pulse Width   Slow    PS8/MAXIGP0ACLK  n/a            1.500         8.333       6.833                system_top_i/zynq_ps/inst/PS8_i/MAXIGP0ACLK
High Pulse Width  Slow    PS8/MAXIGP0ACLK  n/a            1.500         8.333       6.833                system_top_i/zynq_ps/inst/PS8_i/MAXIGP0ACLK



---------------------------------------------------------------------------------------------------
From Clock:  mipi_phy_if_clk_p
  To Clock:  mipi_phy_if_clk_p

Setup :           NA  Failing Endpoints,  Worst Slack           NA  ,  Total Violation           NA
Hold  :           NA  Failing Endpoints,  Worst Slack           NA  ,  Total Violation           NA
PW    :            0  Failing Endpoints,  Worst Slack        0.827ns,  Total Violation        0.000ns
---------------------------------------------------------------------------------------------------


Pulse Width Checks
--------------------------------------------------------------------------------------
Clock Name:         mipi_phy_if_clk_p
Waveform(ns):       { 0.000 1.116 }
Period(ns):         2.232
Sources:            { mipi_phy_if_clk_p }

Check Type        Corner  Lib Pin                         Reference Pin  Required(ns)  Actual(ns)  Slack(ns)  Location               Pin
Min Period        n/a     RX_BITSLICE/RX_BIT_CTRL_IN[20]  n/a            0.643         2.232       1.589      BITSLICE_RX_TX_X0Y156  system_top_i/mipi_csi2_rx/inst/phy/inst/inst/bd_a98f_phy_0_rx_support_i/slave_rx.bd_a98f_phy_0_rx_hssio_i/inst/top_inst/bs_top_inst/u_rx_bs/RX_BS[0].rx_bitslice_if_bs/RX_BIT_CTRL_IN[20]
Low Pulse Width   Slow    RX_BITSLICE/RX_BIT_CTRL_IN[20]  n/a            0.289         1.116       0.827      BITSLICE_RX_TX_X0Y156  system_top_i/mipi_csi2_rx/inst/phy/inst/inst/bd_a98f_phy_0_rx_support_i/slave_rx.bd_a98f_phy_0_rx_hssio_i/inst/top_inst/bs_top_inst/u_rx_bs/RX_BS[0].rx_bitslice_if_bs/RX_BIT_CTRL_IN[20]
High Pulse Width  Slow    RX_BITSLICE/RX_BIT_CTRL_IN[20]  n/a            0.289         1.116       0.827      BITSLICE_RX_TX_X0Y156  system_top_i/mipi_csi2_rx/inst/phy/inst/inst/bd_a98f_phy_0_rx_support_i/slave_rx.bd_a98f_phy_0_rx_hssio_i/inst/top_inst/bs_top_inst/u_rx_bs/RX_BS[0].rx_bitslice_if_bs/RX_BIT_CTRL_IN[20]



---------------------------------------------------------------------------------------------------
From Clock:  mipi_phy_if_clk_p_FIFO_WRCLK_OUT
  To Clock:  mipi_phy_if_clk_p_FIFO_WRCLK_OUT

Setup :            0  Failing Endpoints,  Worst Slack        7.015ns,  Total Violation        0.000ns
Hold  :          941  Failing Endpoints,  Worst Slack       -0.083ns,  Total Violation      -38.387ns
PW    :            0  Failing Endpoints,  Worst Slack        3.702ns,  Total Violation        0.000ns
---------------------------------------------------------------------------------------------------


Max Delay Paths
--------------------------------------------------------------------------------------
Slack (MET) :             7.015ns  (required time - arrival time)
  Source:                 system_top_wrapper/system_top/system_top_mipi_csi2_rx_0/system_top_mipi_csi2_rx_0_bd_a98f/bd_a98f_rx_0/<hidden>/<hidden>
                            (rising edge-triggered cell FDSE clocked by mipi_phy_if_clk_p_FIFO_WRCLK_OUT  {rise@0.000ns fall@4.464ns period=8.928ns})
  Destination:            system_top_wrapper/system_top/system_top_mipi_csi2_rx_0/system_top_mipi_csi2_rx_0_bd_a98f/bd_a98f_rx_0/<hidden>/<hidden>
                            (rising edge-triggered cell FDRE clocked by mipi_phy_if_clk_p_FIFO_WRCLK_OUT  {rise@0.000ns fall@4.464ns period=8.928ns})
  Path Group:             mipi_phy_if_clk_p_FIFO_WRCLK_OUT
  Path Type:              Setup (Max at Slow Process Corner)
  Requirement:            8.928ns  (mipi_phy_if_clk_p_FIFO_WRCLK_OUT rise@8.928ns - mipi_phy_if_clk_p_FIFO_WRCLK_OUT rise@0.000ns)
  Data Path Delay:        1.654ns  (logic 0.513ns (31.016%)  route 1.141ns (68.984%))
  Logic Levels:           4  (LUT3=1 LUT6=3)
  Clock Path Skew:        -0.145ns (DCD - SCD + CPR)
    Destination Clock Delay (DCD):    4.349ns = ( 13.277 - 8.928 ) 
    Source Clock Delay      (SCD):    5.623ns
    Clock Pessimism Removal (CPR):    1.129ns
  Clock Uncertainty:      0.035ns  ((TSJ^2 + TIJ^2)^1/2 + DJ) / 2 + PE
    Total System Jitter     (TSJ):    0.071ns
    Total Input Jitter      (TIJ):    0.000ns
    Discrete Jitter          (DJ):    0.000ns
    Phase Error              (PE):    0.000ns

    Location             Delay type                Incr(ns)  Path(ns)    Netlist Resource(s)
  -------------------------------------------------------------------    -------------------
                         (clock mipi_phy_if_clk_p_FIFO_WRCLK_OUT rise edge)
                                                      0.000     0.000 r  
    G1                                                0.000     0.000 f  mipi_phy_if_clk_p (IN)
                         net (fo=0)                   0.000     0.000    system_top_i/mipi_csi2_rx/inst/phy/inst/inst/bd_a98f_phy_0_rx_support_i/slave_rx.bd_a98f_phy_0_rx_hssio_i/inst/top_inst/iobuf_top_inst/io_gen[0].ibufds_dphy/I
    HPIOBDIFFINBUF_X0Y72 DPHY_DIFFINBUF (Prop_DPHY_DIFFINBUF_HPIOBDIFFINBUF_I_HSRX_O)
                                                      0.386     0.386 f  system_top_i/mipi_csi2_rx/inst/phy/inst/inst/bd_a98f_phy_0_rx_support_i/slave_rx.bd_a98f_phy_0_rx_hssio_i/inst/top_inst/iobuf_top_inst/io_gen[0].ibufds_dphy/DIFFINBUF_INST/HSRX_O
                         net (fo=1, estimated)        0.050     0.436    system_top_i/mipi_csi2_rx/inst/phy/inst/inst/bd_a98f_phy_0_rx_support_i/slave_rx.bd_a98f_phy_0_rx_hssio_i/inst/top_inst/iobuf_top_inst/io_gen[0].ibufds_dphy/OUT
    G1                   IBUFCTRL (Prop_IBUFCTRL_HPIOB_M_I_O)
                                                      0.000     0.436 f  system_top_i/mipi_csi2_rx/inst/phy/inst/inst/bd_a98f_phy_0_rx_support_i/slave_rx.bd_a98f_phy_0_rx_hssio_i/inst/top_inst/iobuf_top_inst/io_gen[0].ibufds_dphy/IBUFCTRL_INST/O
                         net (fo=1, estimated)        0.003     0.439    system_top_i/mipi_csi2_rx/inst/phy/inst/inst/bd_a98f_phy_0_rx_support_i/slave_rx.bd_a98f_phy_0_rx_hssio_i/inst/top_inst/bs_top_inst/u_rx_bs/data_to_bs_out[0]
    BITSLICE_RX_TX_X0Y156
                         RX_BITSLICE (Prop_RX_BITSLICE_BITSLICE_RXTX_RX_DATAIN_RX_BIT_CTRL_OUT[9])
                                                      0.050     0.489 r  system_top_i/mipi_csi2_rx/inst/phy/inst/inst/bd_a98f_phy_0_rx_support_i/slave_rx.bd_a98f_phy_0_rx_hssio_i/inst/top_inst/bs_top_inst/u_rx_bs/RX_BS[0].rx_bitslice_if_bs/RX_BIT_CTRL_OUT[9]
                         net (fo=1, unplaced)         0.006     0.495    system_top_i/mipi_csi2_rx/inst/phy/inst/inst/bd_a98f_phy_0_rx_support_i/slave_rx.bd_a98f_phy_0_rx_hssio_i/inst/top_inst/bs_ctrl_top_inst/rx_bs0_rx_bit_ctrl_out[9]
                         BITSLICE_CONTROL (Prop_BITSLICE_CONTROL_RX_BIT_CTRL_IN0[9]_RX_BIT_CTRL_OUT0[20])
                                                      0.712     1.207 r  system_top_i/mipi_csi2_rx/inst/phy/inst/inst/bd_a98f_phy_0_rx_support_i/slave_rx.bd_a98f_phy_0_rx_hssio_i/inst/top_inst/bs_ctrl_top_inst/BITSLICE_CTRL[0].bs_ctrl_inst/RX_BIT_CTRL_OUT0[20]
                         net (fo=1, unplaced)         0.013     1.220    system_top_i/mipi_csi2_rx/inst/phy/inst/inst/bd_a98f_phy_0_rx_support_i/slave_rx.bd_a98f_phy_0_rx_hssio_i/inst/top_inst/bs_top_inst/u_rx_bs/rx_bs0_rx_bit_ctrl_in[20]
    BITSLICE_RX_TX_X0Y156
                         RX_BITSLICE (Prop_RX_BITSLICE_BITSLICE_RXTX_RX_RX_BIT_CTRL_IN[20]_FIFO_WRCLK_OUT)
                                                      0.745     1.965 r  system_top_i/mipi_csi2_rx/inst/phy/inst/inst/bd_a98f_phy_0_rx_support_i/slave_rx.bd_a98f_phy_0_rx_hssio_i/inst/top_inst/bs_top_inst/u_rx_bs/RX_BS[0].rx_bitslice_if_bs/FIFO_WRCLK_OUT
                         net (fo=1, unplaced)         0.752     2.717    system_top_i/mipi_csi2_rx/inst/phy/inst/inst/bd_a98f_phy_0_rx_support_i/div4_clk_t
                         BUFGCE (Prop_BUFGCE_I_O)     0.044     2.761 r  system_top_i/mipi_csi2_rx/inst/phy/inst/inst/bd_a98f_phy_0_rx_support_i/slave_rx.rxbyteclkhs_buf/O
                         net (fo=849, unplaced)       2.862     5.623    system_top_wrapper/system_top/system_top_mipi_csi2_rx_0/system_top_mipi_csi2_rx_0_bd_a98f/bd_a98f_rx_0/<hidden>/<hidden>
                         FDSE                                         r  system_top_wrapper/system_top/system_top_mipi_csi2_rx_0/system_top_mipi_csi2_rx_0_bd_a98f/bd_a98f_rx_0/<hidden>/<hidden>
  -------------------------------------------------------------------    -------------------
                         FDSE (Prop_FDSE_C_Q)         0.114     5.737 f  system_top_wrapper/system_top/system_top_mipi_csi2_rx_0/system_top_mipi_csi2_rx_0_bd_a98f/bd_a98f_rx_0/<hidden>/<hidden>
                         net (fo=79, unplaced)        0.254     5.991    system_top_wrapper/system_top/system_top_mipi_csi2_rx_0/system_top_mipi_csi2_rx_0_bd_a98f/bd_a98f_rx_0/<hidden>/<hidden>
                         LUT6 (Prop_LUT6_I0_O)        0.225     6.216 f  system_top_wrapper/system_top/system_top_mipi_csi2_rx_0/system_top_mipi_csi2_rx_0_bd_a98f/bd_a98f_rx_0/<hidden>/<hidden>
                         net (fo=6, unplaced)         0.233     6.449    system_top_wrapper/system_top/system_top_mipi_csi2_rx_0/system_top_mipi_csi2_rx_0_bd_a98f/bd_a98f_rx_0/<hidden>/<hidden>
                         LUT3 (Prop_LUT3_I1_O)        0.058     6.507 r  system_top_wrapper/system_top/system_top_mipi_csi2_rx_0/system_top_mipi_csi2_rx_0_bd_a98f/bd_a98f_rx_0/<hidden>/<hidden>
                         net (fo=1, unplaced)         0.211     6.718    system_top_wrapper/system_top/system_top_mipi_csi2_rx_0/system_top_mipi_csi2_rx_0_bd_a98f/bd_a98f_rx_0/<hidden>/<hidden>
                         LUT6 (Prop_LUT6_I3_O)        0.058     6.776 r  system_top_wrapper/system_top/system_top_mipi_csi2_rx_0/system_top_mipi_csi2_rx_0_bd_a98f/bd_a98f_rx_0/<hidden>/<hidden>
                         net (fo=8, unplaced)         0.239     7.015    system_top_wrapper/system_top/system_top_mipi_csi2_rx_0/system_top_mipi_csi2_rx_0_bd_a98f/bd_a98f_rx_0/<hidden>/<hidden>
                         LUT6 (Prop_LUT6_I3_O)        0.058     7.073 r  system_top_wrapper/system_top/system_top_mipi_csi2_rx_0/system_top_mipi_csi2_rx_0_bd_a98f/bd_a98f_rx_0/<hidden>/<hidden>
                         net (fo=11, unplaced)        0.204     7.277    system_top_wrapper/system_top/system_top_mipi_csi2_rx_0/system_top_mipi_csi2_rx_0_bd_a98f/bd_a98f_rx_0/<hidden>/<hidden>
                         FDRE                                         r  system_top_wrapper/system_top/system_top_mipi_csi2_rx_0/system_top_mipi_csi2_rx_0_bd_a98f/bd_a98f_rx_0/<hidden>/<hidden>
  -------------------------------------------------------------------    -------------------

                         (clock mipi_phy_if_clk_p_FIFO_WRCLK_OUT rise edge)
                                                      8.928     8.928 f  
    G1                                                0.000     8.928 f  mipi_phy_if_clk_p (IN)
                         net (fo=0)                   0.000     8.928    system_top_i/mipi_csi2_rx/inst/phy/inst/inst/bd_a98f_phy_0_rx_support_i/slave_rx.bd_a98f_phy_0_rx_hssio_i/inst/top_inst/iobuf_top_inst/io_gen[0].ibufds_dphy/I
    HPIOBDIFFINBUF_X0Y72 DPHY_DIFFINBUF (Prop_DPHY_DIFFINBUF_HPIOBDIFFINBUF_I_HSRX_O)
                                                      0.305     9.233 f  system_top_i/mipi_csi2_rx/inst/phy/inst/inst/bd_a98f_phy_0_rx_support_i/slave_rx.bd_a98f_phy_0_rx_hssio_i/inst/top_inst/iobuf_top_inst/io_gen[0].ibufds_dphy/DIFFINBUF_INST/HSRX_O
                         net (fo=1, estimated)        0.040     9.273    system_top_i/mipi_csi2_rx/inst/phy/inst/inst/bd_a98f_phy_0_rx_support_i/slave_rx.bd_a98f_phy_0_rx_hssio_i/inst/top_inst/iobuf_top_inst/io_gen[0].ibufds_dphy/OUT
    G1                   IBUFCTRL (Prop_IBUFCTRL_HPIOB_M_I_O)
                                                      0.000     9.273 f  system_top_i/mipi_csi2_rx/inst/phy/inst/inst/bd_a98f_phy_0_rx_support_i/slave_rx.bd_a98f_phy_0_rx_hssio_i/inst/top_inst/iobuf_top_inst/io_gen[0].ibufds_dphy/IBUFCTRL_INST/O
                         net (fo=1, estimated)        0.000     9.273    system_top_i/mipi_csi2_rx/inst/phy/inst/inst/bd_a98f_phy_0_rx_support_i/slave_rx.bd_a98f_phy_0_rx_hssio_i/inst/top_inst/bs_top_inst/u_rx_bs/data_to_bs_out[0]
    BITSLICE_RX_TX_X0Y156
                         RX_BITSLICE (Prop_RX_BITSLICE_BITSLICE_RXTX_RX_DATAIN_RX_BIT_CTRL_OUT[9])
                                                      0.025     9.298 r  system_top_i/mipi_csi2_rx/inst/phy/inst/inst/bd_a98f_phy_0_rx_support_i/slave_rx.bd_a98f_phy_0_rx_hssio_i/inst/top_inst/bs_top_inst/u_rx_bs/RX_BS[0].rx_bitslice_if_bs/RX_BIT_CTRL_OUT[9]
                         net (fo=1, unplaced)         0.003     9.301    system_top_i/mipi_csi2_rx/inst/phy/inst/inst/bd_a98f_phy_0_rx_support_i/slave_rx.bd_a98f_phy_0_rx_hssio_i/inst/top_inst/bs_ctrl_top_inst/rx_bs0_rx_bit_ctrl_out[9]
                         BITSLICE_CONTROL (Prop_BITSLICE_CONTROL_RX_BIT_CTRL_IN0[9]_RX_BIT_CTRL_OUT0[20])
                                                      0.242     9.543 r  system_top_i/mipi_csi2_rx/inst/phy/inst/inst/bd_a98f_phy_0_rx_support_i/slave_rx.bd_a98f_phy_0_rx_hssio_i/inst/top_inst/bs_ctrl_top_inst/BITSLICE_CTRL[0].bs_ctrl_inst/RX_BIT_CTRL_OUT0[20]
                         net (fo=1, unplaced)         0.006     9.549    system_top_i/mipi_csi2_rx/inst/phy/inst/inst/bd_a98f_phy_0_rx_support_i/slave_rx.bd_a98f_phy_0_rx_hssio_i/inst/top_inst/bs_top_inst/u_rx_bs/rx_bs0_rx_bit_ctrl_in[20]
    BITSLICE_RX_TX_X0Y156
                         RX_BITSLICE (Prop_RX_BITSLICE_BITSLICE_RXTX_RX_RX_BIT_CTRL_IN[20]_FIFO_WRCLK_OUT)
                                                      0.382     9.931 r  system_top_i/mipi_csi2_rx/inst/phy/inst/inst/bd_a98f_phy_0_rx_support_i/slave_rx.bd_a98f_phy_0_rx_hssio_i/inst/top_inst/bs_top_inst/u_rx_bs/RX_BS[0].rx_bitslice_if_bs/FIFO_WRCLK_OUT
                         net (fo=1, unplaced)         0.590    10.521    system_top_i/mipi_csi2_rx/inst/phy/inst/inst/bd_a98f_phy_0_rx_support_i/div4_clk_t
                         BUFGCE (Prop_BUFGCE_I_O)     0.039    10.560 r  system_top_i/mipi_csi2_rx/inst/phy/inst/inst/bd_a98f_phy_0_rx_support_i/slave_rx.rxbyteclkhs_buf/O
                         net (fo=849, unplaced)       2.717    13.277    system_top_wrapper/system_top/system_top_mipi_csi2_rx_0/system_top_mipi_csi2_rx_0_bd_a98f/bd_a98f_rx_0/<hidden>/<hidden>
                         FDRE                                         r  system_top_wrapper/system_top/system_top_mipi_csi2_rx_0/system_top_mipi_csi2_rx_0_bd_a98f/bd_a98f_rx_0/<hidden>/<hidden>
                         clock pessimism              1.129    14.406    
                         clock uncertainty           -0.035    14.370    
                         FDRE (Setup_FDRE_C_CE)      -0.079    14.291    system_top_wrapper/system_top/system_top_mipi_csi2_rx_0/system_top_mipi_csi2_rx_0_bd_a98f/bd_a98f_rx_0/<hidden>/<hidden>
  -------------------------------------------------------------------
                         required time                         14.291    
                         arrival time                          -7.277    
  -------------------------------------------------------------------
                         slack                                  7.015    





Min Delay Paths
--------------------------------------------------------------------------------------
Slack (VIOLATED) :        -0.083ns  (arrival time - required time)
  Source:                 system_top_wrapper/system_top/system_top_mipi_csi2_rx_0/system_top_mipi_csi2_rx_0_bd_a98f/bd_a98f_rx_0/<hidden>/<hidden>/<hidden>/<hidden>/<hidden>
                            (rising edge-triggered cell FDRE clocked by mipi_phy_if_clk_p_FIFO_WRCLK_OUT  {rise@0.000ns fall@4.464ns period=8.928ns})
  Destination:            system_top_wrapper/system_top/system_top_mipi_csi2_rx_0/system_top_mipi_csi2_rx_0_bd_a98f/bd_a98f_rx_0/<hidden>/<hidden>/<hidden>/<hidden>/<hidden>/<hidden>
                            (rising edge-triggered cell RAMD32 clocked by mipi_phy_if_clk_p_FIFO_WRCLK_OUT  {rise@0.000ns fall@4.464ns period=8.928ns})
  Path Group:             mipi_phy_if_clk_p_FIFO_WRCLK_OUT
  Path Type:              Hold (Min at Fast Process Corner)
  Requirement:            0.000ns  (mipi_phy_if_clk_p_FIFO_WRCLK_OUT rise@0.000ns - mipi_phy_if_clk_p_FIFO_WRCLK_OUT rise@0.000ns)
  Data Path Delay:        0.152ns  (logic 0.084ns (55.263%)  route 0.068ns (44.737%))
  Logic Levels:           0  
  Clock Path Skew:        0.145ns (DCD - SCD - CPR)
    Destination Clock Delay (DCD):    3.413ns
    Source Clock Delay      (SCD):    2.576ns
    Clock Pessimism Removal (CPR):    0.692ns

    Location             Delay type                Incr(ns)  Path(ns)    Netlist Resource(s)
  -------------------------------------------------------------------    -------------------
                         (clock mipi_phy_if_clk_p_FIFO_WRCLK_OUT rise edge)
                                                      0.000     0.000 r  
    G1                                                0.000     0.000 f  mipi_phy_if_clk_p (IN)
                         net (fo=0)                   0.000     0.000    system_top_i/mipi_csi2_rx/inst/phy/inst/inst/bd_a98f_phy_0_rx_support_i/slave_rx.bd_a98f_phy_0_rx_hssio_i/inst/top_inst/iobuf_top_inst/io_gen[0].ibufds_dphy/I
    HPIOBDIFFINBUF_X0Y72 DPHY_DIFFINBUF (Prop_DPHY_DIFFINBUF_HPIOBDIFFINBUF_I_HSRX_O)
                                                      0.186     0.186 f  system_top_i/mipi_csi2_rx/inst/phy/inst/inst/bd_a98f_phy_0_rx_support_i/slave_rx.bd_a98f_phy_0_rx_hssio_i/inst/top_inst/iobuf_top_inst/io_gen[0].ibufds_dphy/DIFFINBUF_INST/HSRX_O
                         net (fo=1, estimated)        0.040     0.226    system_top_i/mipi_csi2_rx/inst/phy/inst/inst/bd_a98f_phy_0_rx_support_i/slave_rx.bd_a98f_phy_0_rx_hssio_i/inst/top_inst/iobuf_top_inst/io_gen[0].ibufds_dphy/OUT
    G1                   IBUFCTRL (Prop_IBUFCTRL_HPIOB_M_I_O)
                                                      0.000     0.226 f  system_top_i/mipi_csi2_rx/inst/phy/inst/inst/bd_a98f_phy_0_rx_support_i/slave_rx.bd_a98f_phy_0_rx_hssio_i/inst/top_inst/iobuf_top_inst/io_gen[0].ibufds_dphy/IBUFCTRL_INST/O
                         net (fo=1, estimated)        0.000     0.226    system_top_i/mipi_csi2_rx/inst/phy/inst/inst/bd_a98f_phy_0_rx_support_i/slave_rx.bd_a98f_phy_0_rx_hssio_i/inst/top_inst/bs_top_inst/u_rx_bs/data_to_bs_out[0]
    BITSLICE_RX_TX_X0Y156
                         RX_BITSLICE (Prop_RX_BITSLICE_BITSLICE_RXTX_RX_DATAIN_RX_BIT_CTRL_OUT[9])
                                                      0.025     0.251 r  system_top_i/mipi_csi2_rx/inst/phy/inst/inst/bd_a98f_phy_0_rx_support_i/slave_rx.bd_a98f_phy_0_rx_hssio_i/inst/top_inst/bs_top_inst/u_rx_bs/RX_BS[0].rx_bitslice_if_bs/RX_BIT_CTRL_OUT[9]
                         net (fo=1, unplaced)         0.003     0.254    system_top_i/mipi_csi2_rx/inst/phy/inst/inst/bd_a98f_phy_0_rx_support_i/slave_rx.bd_a98f_phy_0_rx_hssio_i/inst/top_inst/bs_ctrl_top_inst/rx_bs0_rx_bit_ctrl_out[9]
                         BITSLICE_CONTROL (Prop_BITSLICE_CONTROL_RX_BIT_CTRL_IN0[9]_RX_BIT_CTRL_OUT0[20])
                                                      0.220     0.474 r  system_top_i/mipi_csi2_rx/inst/phy/inst/inst/bd_a98f_phy_0_rx_support_i/slave_rx.bd_a98f_phy_0_rx_hssio_i/inst/top_inst/bs_ctrl_top_inst/BITSLICE_CTRL[0].bs_ctrl_inst/RX_BIT_CTRL_OUT0[20]
                         net (fo=1, unplaced)         0.006     0.480    system_top_i/mipi_csi2_rx/inst/phy/inst/inst/bd_a98f_phy_0_rx_support_i/slave_rx.bd_a98f_phy_0_rx_hssio_i/inst/top_inst/bs_top_inst/u_rx_bs/rx_bs0_rx_bit_ctrl_in[20]
    BITSLICE_RX_TX_X0Y156
                         RX_BITSLICE (Prop_RX_BITSLICE_BITSLICE_RXTX_RX_RX_BIT_CTRL_IN[20]_FIFO_WRCLK_OUT)
                                                      0.200     0.680 r  system_top_i/mipi_csi2_rx/inst/phy/inst/inst/bd_a98f_phy_0_rx_support_i/slave_rx.bd_a98f_phy_0_rx_hssio_i/inst/top_inst/bs_top_inst/u_rx_bs/RX_BS[0].rx_bitslice_if_bs/FIFO_WRCLK_OUT
                         net (fo=1, unplaced)         0.319     0.999    system_top_i/mipi_csi2_rx/inst/phy/inst/inst/bd_a98f_phy_0_rx_support_i/div4_clk_t
                         BUFGCE (Prop_BUFGCE_I_O)     0.023     1.022 r  system_top_i/mipi_csi2_rx/inst/phy/inst/inst/bd_a98f_phy_0_rx_support_i/slave_rx.rxbyteclkhs_buf/O
                         net (fo=849, unplaced)       1.554     2.576    system_top_wrapper/system_top/system_top_mipi_csi2_rx_0/system_top_mipi_csi2_rx_0_bd_a98f/bd_a98f_rx_0/<hidden>/<hidden>/<hidden>/<hidden>/<hidden>
                         FDRE                                         r  system_top_wrapper/system_top/system_top_mipi_csi2_rx_0/system_top_mipi_csi2_rx_0_bd_a98f/bd_a98f_rx_0/<hidden>/<hidden>/<hidden>/<hidden>/<hidden>
  -------------------------------------------------------------------    -------------------
                         FDRE (Prop_FDRE_C_Q)         0.084     2.660 r  system_top_wrapper/system_top/system_top_mipi_csi2_rx_0/system_top_mipi_csi2_rx_0_bd_a98f/bd_a98f_rx_0/<hidden>/<hidden>/<hidden>/<hidden>/<hidden>
                         net (fo=19, unplaced)        0.068     2.728    system_top_wrapper/system_top/system_top_mipi_csi2_rx_0/system_top_mipi_csi2_rx_0_bd_a98f/bd_a98f_rx_0/<hidden>/<hidden>/<hidden>/<hidden>/<hidden>/<hidden>
                         RAMD32                                       r  system_top_wrapper/system_top/system_top_mipi_csi2_rx_0/system_top_mipi_csi2_rx_0_bd_a98f/bd_a98f_rx_0/<hidden>/<hidden>/<hidden>/<hidden>/<hidden>/<hidden>
  -------------------------------------------------------------------    -------------------

                         (clock mipi_phy_if_clk_p_FIFO_WRCLK_OUT rise edge)
                                                      0.000     0.000 f  
    G1                                                0.000     0.000 f  mipi_phy_if_clk_p (IN)
                         net (fo=0)                   0.000     0.000    system_top_i/mipi_csi2_rx/inst/phy/inst/inst/bd_a98f_phy_0_rx_support_i/slave_rx.bd_a98f_phy_0_rx_hssio_i/inst/top_inst/iobuf_top_inst/io_gen[0].ibufds_dphy/I
    HPIOBDIFFINBUF_X0Y72 DPHY_DIFFINBUF (Prop_DPHY_DIFFINBUF_HPIOBDIFFINBUF_I_HSRX_O)
                                                      0.285     0.285 f  system_top_i/mipi_csi2_rx/inst/phy/inst/inst/bd_a98f_phy_0_rx_support_i/slave_rx.bd_a98f_phy_0_rx_hssio_i/inst/top_inst/iobuf_top_inst/io_gen[0].ibufds_dphy/DIFFINBUF_INST/HSRX_O
                         net (fo=1, estimated)        0.050     0.335    system_top_i/mipi_csi2_rx/inst/phy/inst/inst/bd_a98f_phy_0_rx_support_i/slave_rx.bd_a98f_phy_0_rx_hssio_i/inst/top_inst/iobuf_top_inst/io_gen[0].ibufds_dphy/OUT
    G1                   IBUFCTRL (Prop_IBUFCTRL_HPIOB_M_I_O)
                                                      0.000     0.335 f  system_top_i/mipi_csi2_rx/inst/phy/inst/inst/bd_a98f_phy_0_rx_support_i/slave_rx.bd_a98f_phy_0_rx_hssio_i/inst/top_inst/iobuf_top_inst/io_gen[0].ibufds_dphy/IBUFCTRL_INST/O
                         net (fo=1, estimated)        0.002     0.337    system_top_i/mipi_csi2_rx/inst/phy/inst/inst/bd_a98f_phy_0_rx_support_i/slave_rx.bd_a98f_phy_0_rx_hssio_i/inst/top_inst/bs_top_inst/u_rx_bs/data_to_bs_out[0]
    BITSLICE_RX_TX_X0Y156
                         RX_BITSLICE (Prop_RX_BITSLICE_BITSLICE_RXTX_RX_DATAIN_RX_BIT_CTRL_OUT[9])
                                                      0.041     0.378 r  system_top_i/mipi_csi2_rx/inst/phy/inst/inst/bd_a98f_phy_0_rx_support_i/slave_rx.bd_a98f_phy_0_rx_hssio_i/inst/top_inst/bs_top_inst/u_rx_bs/RX_BS[0].rx_bitslice_if_bs/RX_BIT_CTRL_OUT[9]
                         net (fo=1, unplaced)         0.005     0.383    system_top_i/mipi_csi2_rx/inst/phy/inst/inst/bd_a98f_phy_0_rx_support_i/slave_rx.bd_a98f_phy_0_rx_hssio_i/inst/top_inst/bs_ctrl_top_inst/rx_bs0_rx_bit_ctrl_out[9]
                         BITSLICE_CONTROL (Prop_BITSLICE_CONTROL_RX_BIT_CTRL_IN0[9]_RX_BIT_CTRL_OUT0[20])
                                                      0.543     0.926 r  system_top_i/mipi_csi2_rx/inst/phy/inst/inst/bd_a98f_phy_0_rx_support_i/slave_rx.bd_a98f_phy_0_rx_hssio_i/inst/top_inst/bs_ctrl_top_inst/BITSLICE_CTRL[0].bs_ctrl_inst/RX_BIT_CTRL_OUT0[20]
                         net (fo=1, unplaced)         0.011     0.937    system_top_i/mipi_csi2_rx/inst/phy/inst/inst/bd_a98f_phy_0_rx_support_i/slave_rx.bd_a98f_phy_0_rx_hssio_i/inst/top_inst/bs_top_inst/u_rx_bs/rx_bs0_rx_bit_ctrl_in[20]
    BITSLICE_RX_TX_X0Y156
                         RX_BITSLICE (Prop_RX_BITSLICE_BITSLICE_RXTX_RX_RX_BIT_CTRL_IN[20]_FIFO_WRCLK_OUT)
                                                      0.362     1.299 r  system_top_i/mipi_csi2_rx/inst/phy/inst/inst/bd_a98f_phy_0_rx_support_i/slave_rx.bd_a98f_phy_0_rx_hssio_i/inst/top_inst/bs_top_inst/u_rx_bs/RX_BS[0].rx_bitslice_if_bs/FIFO_WRCLK_OUT
                         net (fo=1, unplaced)         0.389     1.688    system_top_i/mipi_csi2_rx/inst/phy/inst/inst/bd_a98f_phy_0_rx_support_i/div4_clk_t
                         BUFGCE (Prop_BUFGCE_I_O)     0.026     1.714 r  system_top_i/mipi_csi2_rx/inst/phy/inst/inst/bd_a98f_phy_0_rx_support_i/slave_rx.rxbyteclkhs_buf/O
                         net (fo=849, unplaced)       1.699     3.413    system_top_wrapper/system_top/system_top_mipi_csi2_rx_0/system_top_mipi_csi2_rx_0_bd_a98f/bd_a98f_rx_0/<hidden>/<hidden>/<hidden>/<hidden>/<hidden>/<hidden>
                         RAMD32                                       r  system_top_wrapper/system_top/system_top_mipi_csi2_rx_0/system_top_mipi_csi2_rx_0_bd_a98f/bd_a98f_rx_0/<hidden>/<hidden>/<hidden>/<hidden>/<hidden>/<hidden>
                         clock pessimism             -0.692     2.721    
                         RAMD32 (Hold_RAMD32_CLK_WADR3)
                                                      0.090     2.811    system_top_wrapper/system_top/system_top_mipi_csi2_rx_0/system_top_mipi_csi2_rx_0_bd_a98f/bd_a98f_rx_0/<hidden>/<hidden>/<hidden>/<hidden>/<hidden>/<hidden>
  -------------------------------------------------------------------
                         required time                         -2.811    
                         arrival time                           2.728    
  -------------------------------------------------------------------
                         slack                                 -0.083    





Pulse Width Checks
--------------------------------------------------------------------------------------
Clock Name:         mipi_phy_if_clk_p_FIFO_WRCLK_OUT
Waveform(ns):       { 0.000 4.464 }
Period(ns):         8.928
Sources:            { system_top_i/mipi_csi2_rx/inst/phy/inst/inst/bd_a98f_phy_0_rx_support_i/slave_rx.bd_a98f_phy_0_rx_hssio_i/inst/top_inst/bs_top_inst/u_rx_bs/RX_BS[0].rx_bitslice_if_bs/FIFO_WRCLK_OUT }

Check Type        Corner  Lib Pin                  Reference Pin  Required(ns)  Actual(ns)  Slack(ns)  Location               Pin
Min Period        n/a     RX_BITSLICE/FIFO_RD_CLK  n/a            1.694         8.928       7.234      BITSLICE_RX_TX_X0Y156  system_top_i/mipi_csi2_rx/inst/phy/inst/inst/bd_a98f_phy_0_rx_support_i/slave_rx.bd_a98f_phy_0_rx_hssio_i/inst/top_inst/bs_top_inst/u_rx_bs/RX_BS[0].rx_bitslice_if_bs/FIFO_RD_CLK
Low Pulse Width   Slow    RX_BITSLICE/FIFO_RD_CLK  n/a            0.762         4.464       3.702      BITSLICE_RX_TX_X0Y156  system_top_i/mipi_csi2_rx/inst/phy/inst/inst/bd_a98f_phy_0_rx_support_i/slave_rx.bd_a98f_phy_0_rx_hssio_i/inst/top_inst/bs_top_inst/u_rx_bs/RX_BS[0].rx_bitslice_if_bs/FIFO_RD_CLK
High Pulse Width  Slow    RX_BITSLICE/FIFO_RD_CLK  n/a            0.762         4.464       3.702      BITSLICE_RX_TX_X0Y156  system_top_i/mipi_csi2_rx/inst/phy/inst/inst/bd_a98f_phy_0_rx_support_i/slave_rx.bd_a98f_phy_0_rx_hssio_i/inst/top_inst/bs_top_inst/u_rx_bs/RX_BS[0].rx_bitslice_if_bs/FIFO_RD_CLK



---------------------------------------------------------------------------------------------------
From Clock:  clk_300M_system_top_clk_wiz_0_0
  To Clock:  clk_100M_system_top_clk_wiz_0_0

Setup :            0  Failing Endpoints,  Worst Slack        2.715ns,  Total Violation        0.000ns
Hold  :           NA  Failing Endpoints,  Worst Slack           NA  ,  Total Violation           NA
---------------------------------------------------------------------------------------------------


Max Delay Paths
--------------------------------------------------------------------------------------
Slack (MET) :             2.715ns  (required time - arrival time)
  Source:                 system_top_wrapper/system_top/system_top_mipi_csi2_rx_0/system_top_mipi_csi2_rx_0_bd_a98f/bd_a98f_rx_0/<hidden>/<hidden>/<hidden>/<hidden>/<hidden>/<hidden>/<hidden>
                            (rising edge-triggered cell RAMD32 clocked by clk_300M_system_top_clk_wiz_0_0  {rise@0.000ns fall@1.667ns period=3.333ns})
  Destination:            system_top_wrapper/system_top/system_top_mipi_csi2_rx_0/system_top_mipi_csi2_rx_0_bd_a98f/bd_a98f_rx_0/<hidden>/<hidden>/<hidden>/<hidden>/<hidden>/<hidden>
                            (rising edge-triggered cell FDRE clocked by clk_100M_system_top_clk_wiz_0_0  {rise@0.000ns fall@5.000ns period=10.000ns})
  Path Group:             clk_100M_system_top_clk_wiz_0_0
  Path Type:              Setup (Max at Slow Process Corner)
  Requirement:            3.333ns  (MaxDelay Path 3.333ns)
  Data Path Delay:        0.662ns  (logic 0.433ns (65.408%)  route 0.229ns (34.592%))
  Logic Levels:           0  
  Timing Exception:       MaxDelay Path 3.333ns -datapath_only

    Location             Delay type                Incr(ns)  Path(ns)    Netlist Resource(s)
  -------------------------------------------------------------------    -------------------
                                                      0.000     0.000 r  system_top_wrapper/system_top/system_top_mipi_csi2_rx_0/system_top_mipi_csi2_rx_0_bd_a98f/bd_a98f_rx_0/<hidden>/<hidden>/<hidden>/<hidden>/<hidden>/<hidden>/<hidden>
                         RAMD32 (Prop_RAMD32_CLK_O)
                                                      0.433     0.433 r  system_top_wrapper/system_top/system_top_mipi_csi2_rx_0/system_top_mipi_csi2_rx_0_bd_a98f/bd_a98f_rx_0/<hidden>/<hidden>/<hidden>/<hidden>/<hidden>/<hidden>/<hidden>
                         net (fo=1, unplaced)         0.229     0.662    system_top_wrapper/system_top/system_top_mipi_csi2_rx_0/system_top_mipi_csi2_rx_0_bd_a98f/bd_a98f_rx_0/<hidden>/<hidden>/<hidden>/<hidden>/<hidden>/<hidden>
                         FDRE                                         r  system_top_wrapper/system_top/system_top_mipi_csi2_rx_0/system_top_mipi_csi2_rx_0_bd_a98f/bd_a98f_rx_0/<hidden>/<hidden>/<hidden>/<hidden>/<hidden>/<hidden>
  -------------------------------------------------------------------    -------------------

                         max delay                    3.333     3.333    
                         FDRE (Setup_FDRE_C_D)        0.044     3.377    system_top_wrapper/system_top/system_top_mipi_csi2_rx_0/system_top_mipi_csi2_rx_0_bd_a98f/bd_a98f_rx_0/<hidden>/<hidden>/<hidden>/<hidden>/<hidden>/<hidden>
  -------------------------------------------------------------------
                         required time                          3.377    
                         arrival time                          -0.662    
  -------------------------------------------------------------------
                         slack                                  2.715    





---------------------------------------------------------------------------------------------------
From Clock:  GEN_PLL_IN_IP_USP.pll0_clkout0
  To Clock:  clkoutphy_out_DIV

Setup :            0  Failing Endpoints,  Worst Slack        4.195ns,  Total Violation        0.000ns
Hold  :            8  Failing Endpoints,  Worst Slack       -0.409ns,  Total Violation       -3.154ns
---------------------------------------------------------------------------------------------------


Max Delay Paths
--------------------------------------------------------------------------------------
Slack (MET) :             4.195ns  (required time - arrival time)
  Source:                 system_top_i/mipi_csi2_rx/inst/phy/inst/inst/bd_a98f_phy_0_rx_support_i/slave_rx.bd_a98f_phy_0_rx_hssio_i/inst/top_inst/GEN_NIB0_TBYTE.n0_tbyte_d_reg[0]/C
                            (rising edge-triggered cell FDRE clocked by GEN_PLL_IN_IP_USP.pll0_clkout0  {rise@0.000ns fall@2.667ns period=5.333ns})
  Destination:            system_top_i/mipi_csi2_rx/inst/phy/inst/inst/bd_a98f_phy_0_rx_support_i/slave_rx.bd_a98f_phy_0_rx_hssio_i/inst/top_inst/bs_ctrl_top_inst/BITSLICE_CTRL[0].bs_ctrl_inst/TBYTE_IN[0]
                            (rising edge-triggered cell BITSLICE_CONTROL clocked by clkoutphy_out_DIV  {rise@0.000ns fall@2.667ns period=5.333ns})
  Path Group:             clkoutphy_out_DIV
  Path Type:              Setup (Max at Slow Process Corner)
  Requirement:            5.333ns  (clkoutphy_out_DIV rise@5.333ns - GEN_PLL_IN_IP_USP.pll0_clkout0 rise@0.000ns)
  Data Path Delay:        0.505ns  (logic 0.114ns (22.574%)  route 0.391ns (77.426%))
  Logic Levels:           0  
  Clock Path Skew:        -0.400ns (DCD - SCD + CPR)
    Destination Clock Delay (DCD):    9.319ns = ( 14.652 - 5.333 ) 
    Source Clock Delay      (SCD):    11.358ns
    Clock Pessimism Removal (CPR):    1.639ns
  Clock Uncertainty:      0.175ns  ((TSJ^2 + DJ^2)^1/2) / 2 + PE
    Total System Jitter     (TSJ):    0.071ns
    Discrete Jitter          (DJ):    0.084ns
    Phase Error              (PE):    0.120ns

    Location             Delay type                Incr(ns)  Path(ns)    Netlist Resource(s)
  -------------------------------------------------------------------    -------------------
                         (clock GEN_PLL_IN_IP_USP.pll0_clkout0 rise edge)
                                                      0.000     0.000 r  
                         PS8                          0.000     0.000 r  system_top_i/zynq_ps/inst/PS8_i/PLCLK[0]
                         net (fo=1, unplaced)         0.229     0.229    system_top_i/zynq_ps/inst/pl_clk_unbuffered[0]
                         BUFG_PS (Prop_BUFG_PS_I_O)
                                                      0.038     0.267 r  system_top_i/zynq_ps/inst/buffer_pl_clk_0.PL_CLK_0_BUFG/O
                         net (fo=1, unplaced)         2.584     2.851    system_top_i/clk_wiz_0/inst/clk_in1
                         BUFGCE (Prop_BUFGCE_I_O)     0.044     2.895 r  system_top_i/clk_wiz_0/inst/clkin1_bufg/O
                         net (fo=1, unplaced)         2.584     5.479    system_top_i/clk_wiz_0/inst/clk_in1_system_top_clk_wiz_0_0
                         MMCME4_ADV (Prop_MMCME4_ADV_CLKIN1_CLKOUT1)
                                                     -0.103     5.376 r  system_top_i/clk_wiz_0/inst/mmcme4_adv_inst/CLKOUT1
                         net (fo=1, unplaced)         0.278     5.654    system_top_i/clk_wiz_0/inst/clk_200M_system_top_clk_wiz_0_0
                         BUFGCE (Prop_BUFGCE_I_O)     0.044     5.698 r  system_top_i/clk_wiz_0/inst/clkout2_buf/O
                         net (fo=844, unplaced)       2.584     8.282    system_top_i/mipi_csi2_rx/inst/phy/inst/inst/bd_a98f_phy_0_rx_support_i/slave_rx.bd_a98f_phy_0_rx_hssio_i/inst/top_inst/clk_rst_top_inst/clk_scheme_inst/clk
                         PLLE4_ADV (Prop_PLLE4_ADV_CLKIN_CLKOUT0)
                                                      0.147     8.429 r  system_top_i/mipi_csi2_rx/inst/phy/inst/inst/bd_a98f_phy_0_rx_support_i/slave_rx.bd_a98f_phy_0_rx_hssio_i/inst/top_inst/clk_rst_top_inst/clk_scheme_inst/GEN_PLL_IN_IP_USP.plle4_adv_pll0_inst/CLKOUT0
                         net (fo=1, unplaced)         0.301     8.730    system_top_i/mipi_csi2_rx/inst/phy/inst/inst/bd_a98f_phy_0_rx_support_i/slave_rx.bd_a98f_phy_0_rx_hssio_i/inst/top_inst/clk_rst_top_inst/clk_scheme_inst/GEN_PLL_IN_IP_USP.pll0_clkout0
                         BUFGCE (Prop_BUFGCE_I_O)     0.044     8.774 r  system_top_i/mipi_csi2_rx/inst/phy/inst/inst/bd_a98f_phy_0_rx_support_i/slave_rx.bd_a98f_phy_0_rx_hssio_i/inst/top_inst/clk_rst_top_inst/clk_scheme_inst/GEN_PLL_IN_IP_USP.pll0_clkout0_buf/O
                         net (fo=54, unplaced)        2.584    11.358    system_top_i/mipi_csi2_rx/inst/phy/inst/inst/bd_a98f_phy_0_rx_support_i/slave_rx.bd_a98f_phy_0_rx_hssio_i/inst/top_inst/clk_rst_top_inst_n_11
                         FDRE                                         r  system_top_i/mipi_csi2_rx/inst/phy/inst/inst/bd_a98f_phy_0_rx_support_i/slave_rx.bd_a98f_phy_0_rx_hssio_i/inst/top_inst/GEN_NIB0_TBYTE.n0_tbyte_d_reg[0]/C
  -------------------------------------------------------------------    -------------------
                         FDRE (Prop_FDRE_C_Q)         0.114    11.472 r  system_top_i/mipi_csi2_rx/inst/phy/inst/inst/bd_a98f_phy_0_rx_support_i/slave_rx.bd_a98f_phy_0_rx_hssio_i/inst/top_inst/GEN_NIB0_TBYTE.n0_tbyte_d_reg[0]/Q
                         net (fo=1, unplaced)         0.391    11.863    system_top_i/mipi_csi2_rx/inst/phy/inst/inst/bd_a98f_phy_0_rx_support_i/slave_rx.bd_a98f_phy_0_rx_hssio_i/inst/top_inst/bs_ctrl_top_inst/n0_tbyte_in[0]
                         BITSLICE_CONTROL                             r  system_top_i/mipi_csi2_rx/inst/phy/inst/inst/bd_a98f_phy_0_rx_support_i/slave_rx.bd_a98f_phy_0_rx_hssio_i/inst/top_inst/bs_ctrl_top_inst/BITSLICE_CTRL[0].bs_ctrl_inst/TBYTE_IN[0]
  -------------------------------------------------------------------    -------------------

                         (clock clkoutphy_out_DIV rise edge)
                                                      5.333     5.333 r  
                         PS8                          0.000     5.333 r  system_top_i/zynq_ps/inst/PS8_i/PLCLK[0]
                         net (fo=1, unplaced)         0.181     5.514    system_top_i/zynq_ps/inst/pl_clk_unbuffered[0]
                         BUFG_PS (Prop_BUFG_PS_I_O)
                                                      0.035     5.549 r  system_top_i/zynq_ps/inst/buffer_pl_clk_0.PL_CLK_0_BUFG/O
                         net (fo=1, unplaced)         2.439     7.988    system_top_i/clk_wiz_0/inst/clk_in1
                         BUFGCE (Prop_BUFGCE_I_O)     0.039     8.027 r  system_top_i/clk_wiz_0/inst/clkin1_bufg/O
                         net (fo=1, unplaced)         2.439    10.466    system_top_i/clk_wiz_0/inst/clk_in1_system_top_clk_wiz_0_0
                         MMCME4_ADV (Prop_MMCME4_ADV_CLKIN1_CLKOUT1)
                                                      0.739    11.205 r  system_top_i/clk_wiz_0/inst/mmcme4_adv_inst/CLKOUT1
                         net (fo=1, unplaced)         0.249    11.454    system_top_i/clk_wiz_0/inst/clk_200M_system_top_clk_wiz_0_0
                         BUFGCE (Prop_BUFGCE_I_O)     0.039    11.493 r  system_top_i/clk_wiz_0/inst/clkout2_buf/O
                         net (fo=844, unplaced)       2.439    13.932    system_top_i/mipi_csi2_rx/inst/phy/inst/inst/bd_a98f_phy_0_rx_support_i/slave_rx.bd_a98f_phy_0_rx_hssio_i/inst/top_inst/clk_rst_top_inst/clk_scheme_inst/clk
                         PLLE4_ADV (Prop_PLLE4_ADV_CLKIN_CLKOUTPHY)
                                                      0.429    14.361 r  system_top_i/mipi_csi2_rx/inst/phy/inst/inst/bd_a98f_phy_0_rx_support_i/slave_rx.bd_a98f_phy_0_rx_hssio_i/inst/top_inst/clk_rst_top_inst/clk_scheme_inst/GEN_PLL_IN_IP_USP.plle4_adv_pll0_inst/CLKOUTPHY
                         net (fo=2, unplaced)         0.110    14.471    system_top_i/mipi_csi2_rx/inst/phy/inst/inst/bd_a98f_phy_0_rx_support_i/slave_rx.bd_a98f_phy_0_rx_hssio_i/inst/top_inst/bs_ctrl_top_inst/shared_pll0_clkoutphy_out
                         BITSLICE_CONTROL (Prop_BITSLICE_CONTROL_PLL_CLK_TX_DIV2_CLK_Q)
                                                      0.106    14.577 r  system_top_i/mipi_csi2_rx/inst/phy/inst/inst/bd_a98f_phy_0_rx_support_i/slave_rx.bd_a98f_phy_0_rx_hssio_i/inst/top_inst/bs_ctrl_top_inst/BITSLICE_CTRL[0].bs_ctrl_inst/TX_DIV2_CLK_Q
                         BITSLICE_CONTROL (Prop_BITSLICE_CONTROL_TX_DIV2_CLK_Q_TX_DIV4_CLK_Q)
                                                      0.075    14.652 r  system_top_i/mipi_csi2_rx/inst/phy/inst/inst/bd_a98f_phy_0_rx_support_i/slave_rx.bd_a98f_phy_0_rx_hssio_i/inst/top_inst/bs_ctrl_top_inst/BITSLICE_CTRL[0].bs_ctrl_inst/TX_DIV4_CLK_Q
                         clock pessimism              1.639    16.291    
                         clock uncertainty           -0.175    16.116    
                         BITSLICE_CONTROL (Setup_BITSLICE_CONTROL_TX_DIV4_CLK_Q_TBYTE_IN[0])
                                                     -0.058    16.058    system_top_i/mipi_csi2_rx/inst/phy/inst/inst/bd_a98f_phy_0_rx_support_i/slave_rx.bd_a98f_phy_0_rx_hssio_i/inst/top_inst/bs_ctrl_top_inst/BITSLICE_CTRL[0].bs_ctrl_inst
  -------------------------------------------------------------------
                         required time                         16.058    
                         arrival time                         -11.863    
  -------------------------------------------------------------------
                         slack                                  4.195    





Min Delay Paths
--------------------------------------------------------------------------------------
Slack (VIOLATED) :        -0.409ns  (arrival time - required time)
  Source:                 system_top_i/mipi_csi2_rx/inst/phy/inst/inst/bd_a98f_phy_0_rx_support_i/slave_rx.bd_a98f_phy_0_rx_hssio_i/inst/top_inst/GEN_NIB0_TBYTE.n0_tbyte_d_reg[2]/C
                            (rising edge-triggered cell FDRE clocked by GEN_PLL_IN_IP_USP.pll0_clkout0  {rise@0.000ns fall@2.667ns period=5.333ns})
  Destination:            system_top_i/mipi_csi2_rx/inst/phy/inst/inst/bd_a98f_phy_0_rx_support_i/slave_rx.bd_a98f_phy_0_rx_hssio_i/inst/top_inst/bs_ctrl_top_inst/BITSLICE_CTRL[0].bs_ctrl_inst/TBYTE_IN[2]
                            (rising edge-triggered cell BITSLICE_CONTROL clocked by clkoutphy_out_DIV  {rise@0.000ns fall@2.667ns period=5.333ns})
  Path Group:             clkoutphy_out_DIV
  Path Type:              Hold (Min at Fast Process Corner)
  Requirement:            0.000ns  (clkoutphy_out_DIV rise@0.000ns - GEN_PLL_IN_IP_USP.pll0_clkout0 rise@0.000ns)
  Data Path Delay:        0.237ns  (logic 0.084ns (35.443%)  route 0.153ns (64.557%))
  Logic Levels:           0  
  Clock Path Skew:        0.400ns (DCD - SCD - CPR)
    Destination Clock Delay (DCD):    4.425ns
    Source Clock Delay      (SCD):    5.865ns
    Clock Pessimism Removal (CPR):    -1.840ns
  Clock Uncertainty:      0.175ns  ((TSJ^2 + DJ^2)^1/2) / 2 + PE
    Total System Jitter     (TSJ):    0.071ns
    Discrete Jitter          (DJ):    0.084ns
    Phase Error              (PE):    0.120ns

    Location             Delay type                Incr(ns)  Path(ns)    Netlist Resource(s)
  -------------------------------------------------------------------    -------------------
                         (clock GEN_PLL_IN_IP_USP.pll0_clkout0 rise edge)
                                                      0.000     0.000 r  
                         PS8                          0.000     0.000 r  system_top_i/zynq_ps/inst/PS8_i/PLCLK[0]
                         net (fo=1, unplaced)         0.129     0.129    system_top_i/zynq_ps/inst/pl_clk_unbuffered[0]
                         BUFG_PS (Prop_BUFG_PS_I_O)
                                                      0.022     0.151 r  system_top_i/zynq_ps/inst/buffer_pl_clk_0.PL_CLK_0_BUFG/O
                         net (fo=1, unplaced)         1.114     1.265    system_top_i/clk_wiz_0/inst/clk_in1
                         BUFGCE (Prop_BUFGCE_I_O)     0.023     1.288 r  system_top_i/clk_wiz_0/inst/clkin1_bufg/O
                         net (fo=1, unplaced)         1.114     2.402    system_top_i/clk_wiz_0/inst/clk_in1_system_top_clk_wiz_0_0
                         MMCME4_ADV (Prop_MMCME4_ADV_CLKIN1_CLKOUT1)
                                                      0.566     2.968 r  system_top_i/clk_wiz_0/inst/mmcme4_adv_inst/CLKOUT1
                         net (fo=1, unplaced)         0.142     3.110    system_top_i/clk_wiz_0/inst/clk_200M_system_top_clk_wiz_0_0
                         BUFGCE (Prop_BUFGCE_I_O)     0.023     3.133 r  system_top_i/clk_wiz_0/inst/clkout2_buf/O
                         net (fo=844, unplaced)       1.114     4.247    system_top_i/mipi_csi2_rx/inst/phy/inst/inst/bd_a98f_phy_0_rx_support_i/slave_rx.bd_a98f_phy_0_rx_hssio_i/inst/top_inst/clk_rst_top_inst/clk_scheme_inst/clk
                         PLLE4_ADV (Prop_PLLE4_ADV_CLKIN_CLKOUT0)
                                                      0.328     4.575 r  system_top_i/mipi_csi2_rx/inst/phy/inst/inst/bd_a98f_phy_0_rx_support_i/slave_rx.bd_a98f_phy_0_rx_hssio_i/inst/top_inst/clk_rst_top_inst/clk_scheme_inst/GEN_PLL_IN_IP_USP.plle4_adv_pll0_inst/CLKOUT0
                         net (fo=1, unplaced)         0.153     4.728    system_top_i/mipi_csi2_rx/inst/phy/inst/inst/bd_a98f_phy_0_rx_support_i/slave_rx.bd_a98f_phy_0_rx_hssio_i/inst/top_inst/clk_rst_top_inst/clk_scheme_inst/GEN_PLL_IN_IP_USP.pll0_clkout0
                         BUFGCE (Prop_BUFGCE_I_O)     0.023     4.751 r  system_top_i/mipi_csi2_rx/inst/phy/inst/inst/bd_a98f_phy_0_rx_support_i/slave_rx.bd_a98f_phy_0_rx_hssio_i/inst/top_inst/clk_rst_top_inst/clk_scheme_inst/GEN_PLL_IN_IP_USP.pll0_clkout0_buf/O
                         net (fo=54, unplaced)        1.114     5.865    system_top_i/mipi_csi2_rx/inst/phy/inst/inst/bd_a98f_phy_0_rx_support_i/slave_rx.bd_a98f_phy_0_rx_hssio_i/inst/top_inst/clk_rst_top_inst_n_11
                         FDRE                                         r  system_top_i/mipi_csi2_rx/inst/phy/inst/inst/bd_a98f_phy_0_rx_support_i/slave_rx.bd_a98f_phy_0_rx_hssio_i/inst/top_inst/GEN_NIB0_TBYTE.n0_tbyte_d_reg[2]/C
  -------------------------------------------------------------------    -------------------
                         FDRE (Prop_FDRE_C_Q)         0.084     5.949 r  system_top_i/mipi_csi2_rx/inst/phy/inst/inst/bd_a98f_phy_0_rx_support_i/slave_rx.bd_a98f_phy_0_rx_hssio_i/inst/top_inst/GEN_NIB0_TBYTE.n0_tbyte_d_reg[2]/Q
                         net (fo=1, unplaced)         0.153     6.102    system_top_i/mipi_csi2_rx/inst/phy/inst/inst/bd_a98f_phy_0_rx_support_i/slave_rx.bd_a98f_phy_0_rx_hssio_i/inst/top_inst/bs_ctrl_top_inst/n0_tbyte_in[2]
                         BITSLICE_CONTROL                             r  system_top_i/mipi_csi2_rx/inst/phy/inst/inst/bd_a98f_phy_0_rx_support_i/slave_rx.bd_a98f_phy_0_rx_hssio_i/inst/top_inst/bs_ctrl_top_inst/BITSLICE_CTRL[0].bs_ctrl_inst/TBYTE_IN[2]
  -------------------------------------------------------------------    -------------------

                         (clock clkoutphy_out_DIV rise edge)
                                                      0.000     0.000 r  
                         PS8                          0.000     0.000 r  system_top_i/zynq_ps/inst/PS8_i/PLCLK[0]
                         net (fo=1, unplaced)         0.164     0.164    system_top_i/zynq_ps/inst/pl_clk_unbuffered[0]
                         BUFG_PS (Prop_BUFG_PS_I_O)
                                                      0.023     0.187 r  system_top_i/zynq_ps/inst/buffer_pl_clk_0.PL_CLK_0_BUFG/O
                         net (fo=1, unplaced)         1.259     1.446    system_top_i/clk_wiz_0/inst/clk_in1
                         BUFGCE (Prop_BUFGCE_I_O)     0.026     1.472 r  system_top_i/clk_wiz_0/inst/clkin1_bufg/O
                         net (fo=1, unplaced)         1.259     2.731    system_top_i/clk_wiz_0/inst/clk_in1_system_top_clk_wiz_0_0
                         MMCME4_ADV (Prop_MMCME4_ADV_CLKIN1_CLKOUT1)
                                                     -0.079     2.652 r  system_top_i/clk_wiz_0/inst/mmcme4_adv_inst/CLKOUT1
                         net (fo=1, unplaced)         0.159     2.811    system_top_i/clk_wiz_0/inst/clk_200M_system_top_clk_wiz_0_0
                         BUFGCE (Prop_BUFGCE_I_O)     0.026     2.837 r  system_top_i/clk_wiz_0/inst/clkout2_buf/O
                         net (fo=844, unplaced)       1.259     4.096    system_top_i/mipi_csi2_rx/inst/phy/inst/inst/bd_a98f_phy_0_rx_support_i/slave_rx.bd_a98f_phy_0_rx_hssio_i/inst/top_inst/clk_rst_top_inst/clk_scheme_inst/clk
                         PLLE4_ADV (Prop_PLLE4_ADV_CLKIN_CLKOUTPHY)
                                                     -0.008     4.088 r  system_top_i/mipi_csi2_rx/inst/phy/inst/inst/bd_a98f_phy_0_rx_support_i/slave_rx.bd_a98f_phy_0_rx_hssio_i/inst/top_inst/clk_rst_top_inst/clk_scheme_inst/GEN_PLL_IN_IP_USP.plle4_adv_pll0_inst/CLKOUTPHY
                         net (fo=2, unplaced)         0.119     4.207    system_top_i/mipi_csi2_rx/inst/phy/inst/inst/bd_a98f_phy_0_rx_support_i/slave_rx.bd_a98f_phy_0_rx_hssio_i/inst/top_inst/bs_ctrl_top_inst/shared_pll0_clkoutphy_out
                         BITSLICE_CONTROL (Prop_BITSLICE_CONTROL_PLL_CLK_TX_DIV2_CLK_Q)
                                                      0.127     4.334 r  system_top_i/mipi_csi2_rx/inst/phy/inst/inst/bd_a98f_phy_0_rx_support_i/slave_rx.bd_a98f_phy_0_rx_hssio_i/inst/top_inst/bs_ctrl_top_inst/BITSLICE_CTRL[0].bs_ctrl_inst/TX_DIV2_CLK_Q
                         BITSLICE_CONTROL (Prop_BITSLICE_CONTROL_TX_DIV2_CLK_Q_TX_DIV4_CLK_Q)
                                                      0.091     4.425 r  system_top_i/mipi_csi2_rx/inst/phy/inst/inst/bd_a98f_phy_0_rx_support_i/slave_rx.bd_a98f_phy_0_rx_hssio_i/inst/top_inst/bs_ctrl_top_inst/BITSLICE_CTRL[0].bs_ctrl_inst/TX_DIV4_CLK_Q
                         clock pessimism              1.840     6.265    
                         clock uncertainty            0.175     6.440    
                         BITSLICE_CONTROL (Hold_BITSLICE_CONTROL_TX_DIV4_CLK_Q_TBYTE_IN[2])
                                                      0.071     6.511    system_top_i/mipi_csi2_rx/inst/phy/inst/inst/bd_a98f_phy_0_rx_support_i/slave_rx.bd_a98f_phy_0_rx_hssio_i/inst/top_inst/bs_ctrl_top_inst/BITSLICE_CTRL[0].bs_ctrl_inst
  -------------------------------------------------------------------
                         required time                         -6.511    
                         arrival time                           6.102    
  -------------------------------------------------------------------
                         slack                                 -0.409    





---------------------------------------------------------------------------------------------------
From Clock:  clk_100M_system_top_clk_wiz_0_0
  To Clock:  clk_300M_system_top_clk_wiz_0_0

Setup :            0  Failing Endpoints,  Worst Slack        3.091ns,  Total Violation        0.000ns
Hold  :           NA  Failing Endpoints,  Worst Slack           NA  ,  Total Violation           NA
---------------------------------------------------------------------------------------------------


Max Delay Paths
--------------------------------------------------------------------------------------
Slack (MET) :             3.091ns  (required time - arrival time)
  Source:                 system_top_i/smartconnect_lpd/inst/m01_nodes/m01_ar_node/inst/inst_mi_handler/gen_normal_area.inst_fifo_node_payld/gen_reg_fifo_async.inst_reg_fifo_async/gen_xpm_cdc_handshake_array[0].inst_cdc_handshake/src_hsdata_ff_reg[100]/C
                            (rising edge-triggered cell FDRE clocked by clk_100M_system_top_clk_wiz_0_0  {rise@0.000ns fall@5.000ns period=10.000ns})
  Destination:            system_top_i/smartconnect_lpd/inst/m01_nodes/m01_ar_node/inst/inst_mi_handler/gen_normal_area.inst_fifo_node_payld/gen_reg_fifo_async.inst_reg_fifo_async/gen_xpm_cdc_handshake_array[0].inst_cdc_handshake/dest_hsdata_ff_reg[100]/D
                            (rising edge-triggered cell FDRE clocked by clk_300M_system_top_clk_wiz_0_0  {rise@0.000ns fall@1.667ns period=3.333ns})
  Path Group:             clk_300M_system_top_clk_wiz_0_0
  Path Type:              Setup (Max at Slow Process Corner)
  Requirement:            3.333ns  (MaxDelay Path 3.333ns)
  Data Path Delay:        0.286ns  (logic 0.114ns (39.860%)  route 0.172ns (60.140%))
  Logic Levels:           0  
  Timing Exception:       MaxDelay Path 3.333ns -datapath_only

    Location             Delay type                Incr(ns)  Path(ns)    Netlist Resource(s)
  -------------------------------------------------------------------    -------------------
                                                      0.000     0.000 r  system_top_i/smartconnect_lpd/inst/m01_nodes/m01_ar_node/inst/inst_mi_handler/gen_normal_area.inst_fifo_node_payld/gen_reg_fifo_async.inst_reg_fifo_async/gen_xpm_cdc_handshake_array[0].inst_cdc_handshake/src_hsdata_ff_reg[100]/C
                         FDRE (Prop_FDRE_C_Q)         0.114     0.114 r  system_top_i/smartconnect_lpd/inst/m01_nodes/m01_ar_node/inst/inst_mi_handler/gen_normal_area.inst_fifo_node_payld/gen_reg_fifo_async.inst_reg_fifo_async/gen_xpm_cdc_handshake_array[0].inst_cdc_handshake/src_hsdata_ff_reg[100]/Q
                         net (fo=1, unplaced)         0.172     0.286    system_top_i/smartconnect_lpd/inst/m01_nodes/m01_ar_node/inst/inst_mi_handler/gen_normal_area.inst_fifo_node_payld/gen_reg_fifo_async.inst_reg_fifo_async/gen_xpm_cdc_handshake_array[0].inst_cdc_handshake/src_hsdata_ff[100]
                         FDRE                                         r  system_top_i/smartconnect_lpd/inst/m01_nodes/m01_ar_node/inst/inst_mi_handler/gen_normal_area.inst_fifo_node_payld/gen_reg_fifo_async.inst_reg_fifo_async/gen_xpm_cdc_handshake_array[0].inst_cdc_handshake/dest_hsdata_ff_reg[100]/D
  -------------------------------------------------------------------    -------------------

                         max delay                    3.333     3.333    
                         FDRE (Setup_FDRE_C_D)        0.044     3.377    system_top_i/smartconnect_lpd/inst/m01_nodes/m01_ar_node/inst/inst_mi_handler/gen_normal_area.inst_fifo_node_payld/gen_reg_fifo_async.inst_reg_fifo_async/gen_xpm_cdc_handshake_array[0].inst_cdc_handshake/dest_hsdata_ff_reg[100]
  -------------------------------------------------------------------
                         required time                          3.377    
                         arrival time                          -0.286    
  -------------------------------------------------------------------
                         slack                                  3.091    





---------------------------------------------------------------------------------------------------
Path Group:  **async_default**
From Clock:  clk_200M_system_top_clk_wiz_0_0
  To Clock:  clk_200M_system_top_clk_wiz_0_0

Setup :            0  Failing Endpoints,  Worst Slack        4.216ns,  Total Violation        0.000ns
Hold  :            0  Failing Endpoints,  Worst Slack        0.074ns,  Total Violation        0.000ns
---------------------------------------------------------------------------------------------------


Max Delay Paths
--------------------------------------------------------------------------------------
Slack (MET) :             4.216ns  (required time - arrival time)
  Source:                 system_top_wrapper/system_top/system_top_mipi_csi2_rx_0/system_top_mipi_csi2_rx_0_bd_a98f/bd_a98f_phy_0/bd_a98f_phy_0_core/bd_a98f_phy_0_c1/bd_a98f_phy_0_support/<hidden>
                            (rising edge-triggered cell FDRE clocked by clk_200M_system_top_clk_wiz_0_0  {rise@0.000ns fall@2.500ns period=5.000ns})
  Destination:            system_top_wrapper/system_top/system_top_mipi_csi2_rx_0/system_top_mipi_csi2_rx_0_bd_a98f/bd_a98f_phy_0/bd_a98f_phy_0_core/bd_a98f_phy_0_c1/bd_a98f_phy_0_support/<hidden>
                            (recovery check against rising-edge clock clk_200M_system_top_clk_wiz_0_0  {rise@0.000ns fall@2.500ns period=5.000ns})
  Path Group:             **async_default**
  Path Type:              Recovery (Max at Slow Process Corner)
  Requirement:            5.000ns  (clk_200M_system_top_clk_wiz_0_0 rise@5.000ns - clk_200M_system_top_clk_wiz_0_0 rise@0.000ns)
  Data Path Delay:        0.484ns  (logic 0.113ns (23.347%)  route 0.371ns (76.653%))
  Logic Levels:           0  
  Clock Path Skew:        -0.145ns (DCD - SCD + CPR)
    Destination Clock Delay (DCD):    8.599ns = ( 13.599 - 5.000 ) 
    Source Clock Delay      (SCD):    8.282ns
    Clock Pessimism Removal (CPR):    -0.462ns
  Clock Uncertainty:      0.062ns  ((TSJ^2 + DJ^2)^1/2) / 2 + PE
    Total System Jitter     (TSJ):    0.071ns
    Discrete Jitter          (DJ):    0.102ns
    Phase Error              (PE):    0.000ns

    Location             Delay type                Incr(ns)  Path(ns)    Netlist Resource(s)
  -------------------------------------------------------------------    -------------------
                         (clock clk_200M_system_top_clk_wiz_0_0 rise edge)
                                                      0.000     0.000 r  
                         PS8                          0.000     0.000 r  system_top_i/zynq_ps/inst/PS8_i/PLCLK[0]
                         net (fo=1, unplaced)         0.229     0.229    system_top_i/zynq_ps/inst/pl_clk_unbuffered[0]
                         BUFG_PS (Prop_BUFG_PS_I_O)
                                                      0.038     0.267 r  system_top_i/zynq_ps/inst/buffer_pl_clk_0.PL_CLK_0_BUFG/O
                         net (fo=1, unplaced)         2.584     2.851    system_top_i/clk_wiz_0/inst/clk_in1
                         BUFGCE (Prop_BUFGCE_I_O)     0.044     2.895 r  system_top_i/clk_wiz_0/inst/clkin1_bufg/O
                         net (fo=1, unplaced)         2.584     5.479    system_top_i/clk_wiz_0/inst/clk_in1_system_top_clk_wiz_0_0
                         MMCME4_ADV (Prop_MMCME4_ADV_CLKIN1_CLKOUT1)
                                                     -0.103     5.376 r  system_top_i/clk_wiz_0/inst/mmcme4_adv_inst/CLKOUT1
                         net (fo=1, unplaced)         0.278     5.654    system_top_i/clk_wiz_0/inst/clk_200M_system_top_clk_wiz_0_0
                         BUFGCE (Prop_BUFGCE_I_O)     0.044     5.698 r  system_top_i/clk_wiz_0/inst/clkout2_buf/O
                         net (fo=844, unplaced)       2.584     8.282    system_top_wrapper/system_top/system_top_mipi_csi2_rx_0/system_top_mipi_csi2_rx_0_bd_a98f/bd_a98f_phy_0/bd_a98f_phy_0_core/bd_a98f_phy_0_c1/bd_a98f_phy_0_support/<hidden>
                         FDRE                                         r  system_top_wrapper/system_top/system_top_mipi_csi2_rx_0/system_top_mipi_csi2_rx_0_bd_a98f/bd_a98f_phy_0/bd_a98f_phy_0_core/bd_a98f_phy_0_c1/bd_a98f_phy_0_support/<hidden>
  -------------------------------------------------------------------    -------------------
                         FDRE (Prop_FDRE_C_Q)         0.113     8.395 f  system_top_wrapper/system_top/system_top_mipi_csi2_rx_0/system_top_mipi_csi2_rx_0_bd_a98f/bd_a98f_phy_0/bd_a98f_phy_0_core/bd_a98f_phy_0_c1/bd_a98f_phy_0_support/<hidden>
                         net (fo=73, unplaced)        0.371     8.766    system_top_wrapper/system_top/system_top_mipi_csi2_rx_0/system_top_mipi_csi2_rx_0_bd_a98f/bd_a98f_phy_0/bd_a98f_phy_0_core/bd_a98f_phy_0_c1/bd_a98f_phy_0_support/<hidden>
                         FDCE                                         f  system_top_wrapper/system_top/system_top_mipi_csi2_rx_0/system_top_mipi_csi2_rx_0_bd_a98f/bd_a98f_phy_0/bd_a98f_phy_0_core/bd_a98f_phy_0_c1/bd_a98f_phy_0_support/<hidden>
  -------------------------------------------------------------------    -------------------

                         (clock clk_200M_system_top_clk_wiz_0_0 rise edge)
                                                      5.000     5.000 r  
                         PS8                          0.000     5.000 r  system_top_i/zynq_ps/inst/PS8_i/PLCLK[0]
                         net (fo=1, unplaced)         0.181     5.181    system_top_i/zynq_ps/inst/pl_clk_unbuffered[0]
                         BUFG_PS (Prop_BUFG_PS_I_O)
                                                      0.035     5.216 r  system_top_i/zynq_ps/inst/buffer_pl_clk_0.PL_CLK_0_BUFG/O
                         net (fo=1, unplaced)         2.439     7.655    system_top_i/clk_wiz_0/inst/clk_in1
                         BUFGCE (Prop_BUFGCE_I_O)     0.039     7.694 r  system_top_i/clk_wiz_0/inst/clkin1_bufg/O
                         net (fo=1, unplaced)         2.439    10.133    system_top_i/clk_wiz_0/inst/clk_in1_system_top_clk_wiz_0_0
                         MMCME4_ADV (Prop_MMCME4_ADV_CLKIN1_CLKOUT1)
                                                      0.739    10.872 r  system_top_i/clk_wiz_0/inst/mmcme4_adv_inst/CLKOUT1
                         net (fo=1, unplaced)         0.249    11.121    system_top_i/clk_wiz_0/inst/clk_200M_system_top_clk_wiz_0_0
                         BUFGCE (Prop_BUFGCE_I_O)     0.039    11.160 r  system_top_i/clk_wiz_0/inst/clkout2_buf/O
                         net (fo=844, unplaced)       2.439    13.599    system_top_wrapper/system_top/system_top_mipi_csi2_rx_0/system_top_mipi_csi2_rx_0_bd_a98f/bd_a98f_phy_0/bd_a98f_phy_0_core/bd_a98f_phy_0_c1/bd_a98f_phy_0_support/<hidden>
                         FDCE                                         r  system_top_wrapper/system_top/system_top_mipi_csi2_rx_0/system_top_mipi_csi2_rx_0_bd_a98f/bd_a98f_phy_0/bd_a98f_phy_0_core/bd_a98f_phy_0_c1/bd_a98f_phy_0_support/<hidden>
                         clock pessimism             -0.462    13.137    
                         clock uncertainty           -0.062    13.075    
                         FDCE (Recov_FDCE_C_CLR)     -0.093    12.982    system_top_wrapper/system_top/system_top_mipi_csi2_rx_0/system_top_mipi_csi2_rx_0_bd_a98f/bd_a98f_phy_0/bd_a98f_phy_0_core/bd_a98f_phy_0_c1/bd_a98f_phy_0_support/<hidden>
  -------------------------------------------------------------------
                         required time                         12.982    
                         arrival time                          -8.766    
  -------------------------------------------------------------------
                         slack                                  4.216    





Min Delay Paths
--------------------------------------------------------------------------------------
Slack (MET) :             0.074ns  (arrival time - required time)
  Source:                 system_top_wrapper/system_top/system_top_mipi_csi2_rx_0/system_top_mipi_csi2_rx_0_bd_a98f/bd_a98f_phy_0/bd_a98f_phy_0_core/bd_a98f_phy_0_c1/bd_a98f_phy_0_support/<hidden>/<hidden>/<hidden>
                            (rising edge-triggered cell FDRE clocked by clk_200M_system_top_clk_wiz_0_0  {rise@0.000ns fall@2.500ns period=5.000ns})
  Destination:            system_top_wrapper/system_top/system_top_mipi_csi2_rx_0/system_top_mipi_csi2_rx_0_bd_a98f/bd_a98f_phy_0/bd_a98f_phy_0_core/bd_a98f_phy_0_c1/bd_a98f_phy_0_support/<hidden>/<hidden>
                            (removal check against rising-edge clock clk_200M_system_top_clk_wiz_0_0  {rise@0.000ns fall@2.500ns period=5.000ns})
  Path Group:             **async_default**
  Path Type:              Removal (Min at Fast Process Corner)
  Requirement:            0.000ns  (clk_200M_system_top_clk_wiz_0_0 rise@0.000ns - clk_200M_system_top_clk_wiz_0_0 rise@0.000ns)
  Data Path Delay:        0.201ns  (logic 0.082ns (40.796%)  route 0.119ns (59.204%))
  Logic Levels:           0  
  Clock Path Skew:        0.145ns (DCD - SCD - CPR)
    Destination Clock Delay (DCD):    4.096ns
    Source Clock Delay      (SCD):    4.247ns
    Clock Pessimism Removal (CPR):    -0.296ns

    Location             Delay type                Incr(ns)  Path(ns)    Netlist Resource(s)
  -------------------------------------------------------------------    -------------------
                         (clock clk_200M_system_top_clk_wiz_0_0 rise edge)
                                                      0.000     0.000 r  
                         PS8                          0.000     0.000 r  system_top_i/zynq_ps/inst/PS8_i/PLCLK[0]
                         net (fo=1, unplaced)         0.129     0.129    system_top_i/zynq_ps/inst/pl_clk_unbuffered[0]
                         BUFG_PS (Prop_BUFG_PS_I_O)
                                                      0.022     0.151 r  system_top_i/zynq_ps/inst/buffer_pl_clk_0.PL_CLK_0_BUFG/O
                         net (fo=1, unplaced)         1.114     1.265    system_top_i/clk_wiz_0/inst/clk_in1
                         BUFGCE (Prop_BUFGCE_I_O)     0.023     1.288 r  system_top_i/clk_wiz_0/inst/clkin1_bufg/O
                         net (fo=1, unplaced)         1.114     2.402    system_top_i/clk_wiz_0/inst/clk_in1_system_top_clk_wiz_0_0
                         MMCME4_ADV (Prop_MMCME4_ADV_CLKIN1_CLKOUT1)
                                                      0.566     2.968 r  system_top_i/clk_wiz_0/inst/mmcme4_adv_inst/CLKOUT1
                         net (fo=1, unplaced)         0.142     3.110    system_top_i/clk_wiz_0/inst/clk_200M_system_top_clk_wiz_0_0
                         BUFGCE (Prop_BUFGCE_I_O)     0.023     3.133 r  system_top_i/clk_wiz_0/inst/clkout2_buf/O
                         net (fo=844, unplaced)       1.114     4.247    system_top_wrapper/system_top/system_top_mipi_csi2_rx_0/system_top_mipi_csi2_rx_0_bd_a98f/bd_a98f_phy_0/bd_a98f_phy_0_core/bd_a98f_phy_0_c1/bd_a98f_phy_0_support/<hidden>/<hidden>/<hidden>
                         FDRE                                         r  system_top_wrapper/system_top/system_top_mipi_csi2_rx_0/system_top_mipi_csi2_rx_0_bd_a98f/bd_a98f_phy_0/bd_a98f_phy_0_core/bd_a98f_phy_0_c1/bd_a98f_phy_0_support/<hidden>/<hidden>/<hidden>
  -------------------------------------------------------------------    -------------------
                         FDRE (Prop_FDRE_C_Q)         0.082     4.329 f  system_top_wrapper/system_top/system_top_mipi_csi2_rx_0/system_top_mipi_csi2_rx_0_bd_a98f/bd_a98f_phy_0/bd_a98f_phy_0_core/bd_a98f_phy_0_c1/bd_a98f_phy_0_support/<hidden>/<hidden>/<hidden>
                         net (fo=6, unplaced)         0.119     4.448    system_top_wrapper/system_top/system_top_mipi_csi2_rx_0/system_top_mipi_csi2_rx_0_bd_a98f/bd_a98f_phy_0/bd_a98f_phy_0_core/bd_a98f_phy_0_c1/bd_a98f_phy_0_support/<hidden>/<hidden>
                         FDCE                                         f  system_top_wrapper/system_top/system_top_mipi_csi2_rx_0/system_top_mipi_csi2_rx_0_bd_a98f/bd_a98f_phy_0/bd_a98f_phy_0_core/bd_a98f_phy_0_c1/bd_a98f_phy_0_support/<hidden>/<hidden>
  -------------------------------------------------------------------    -------------------

                         (clock clk_200M_system_top_clk_wiz_0_0 rise edge)
                                                      0.000     0.000 r  
                         PS8                          0.000     0.000 r  system_top_i/zynq_ps/inst/PS8_i/PLCLK[0]
                         net (fo=1, unplaced)         0.164     0.164    system_top_i/zynq_ps/inst/pl_clk_unbuffered[0]
                         BUFG_PS (Prop_BUFG_PS_I_O)
                                                      0.023     0.187 r  system_top_i/zynq_ps/inst/buffer_pl_clk_0.PL_CLK_0_BUFG/O
                         net (fo=1, unplaced)         1.259     1.446    system_top_i/clk_wiz_0/inst/clk_in1
                         BUFGCE (Prop_BUFGCE_I_O)     0.026     1.472 r  system_top_i/clk_wiz_0/inst/clkin1_bufg/O
                         net (fo=1, unplaced)         1.259     2.731    system_top_i/clk_wiz_0/inst/clk_in1_system_top_clk_wiz_0_0
                         MMCME4_ADV (Prop_MMCME4_ADV_CLKIN1_CLKOUT1)
                                                     -0.079     2.652 r  system_top_i/clk_wiz_0/inst/mmcme4_adv_inst/CLKOUT1
                         net (fo=1, unplaced)         0.159     2.811    system_top_i/clk_wiz_0/inst/clk_200M_system_top_clk_wiz_0_0
                         BUFGCE (Prop_BUFGCE_I_O)     0.026     2.837 r  system_top_i/clk_wiz_0/inst/clkout2_buf/O
                         net (fo=844, unplaced)       1.259     4.096    system_top_wrapper/system_top/system_top_mipi_csi2_rx_0/system_top_mipi_csi2_rx_0_bd_a98f/bd_a98f_phy_0/bd_a98f_phy_0_core/bd_a98f_phy_0_c1/bd_a98f_phy_0_support/<hidden>/<hidden>
                         FDCE                                         r  system_top_wrapper/system_top/system_top_mipi_csi2_rx_0/system_top_mipi_csi2_rx_0_bd_a98f/bd_a98f_phy_0/bd_a98f_phy_0_core/bd_a98f_phy_0_c1/bd_a98f_phy_0_support/<hidden>/<hidden>
                         clock pessimism              0.296     4.392    
                         FDCE (Remov_FDCE_C_CLR)     -0.018     4.374    system_top_wrapper/system_top/system_top_mipi_csi2_rx_0/system_top_mipi_csi2_rx_0_bd_a98f/bd_a98f_phy_0/bd_a98f_phy_0_core/bd_a98f_phy_0_c1/bd_a98f_phy_0_support/<hidden>/<hidden>
  -------------------------------------------------------------------
                         required time                         -4.374    
                         arrival time                           4.448    
  -------------------------------------------------------------------
                         slack                                  0.074    





---------------------------------------------------------------------------------------------------
Path Group:  **async_default**
From Clock:  clk_300M_system_top_clk_wiz_0_0
  To Clock:  clk_300M_system_top_clk_wiz_0_0

Setup :            0  Failing Endpoints,  Worst Slack        2.268ns,  Total Violation        0.000ns
Hold  :            0  Failing Endpoints,  Worst Slack        0.231ns,  Total Violation        0.000ns
---------------------------------------------------------------------------------------------------


Max Delay Paths
--------------------------------------------------------------------------------------
Slack (MET) :             2.268ns  (required time - arrival time)
  Source:                 system_top_wrapper/system_top/system_top_mipi_csi2_rx_0/system_top_mipi_csi2_rx_0_bd_a98f/bd_a98f_rx_0/<hidden>
                            (rising edge-triggered cell FDRE clocked by clk_300M_system_top_clk_wiz_0_0  {rise@0.000ns fall@1.667ns period=3.333ns})
  Destination:            system_top_wrapper/system_top/system_top_mipi_csi2_rx_0/system_top_mipi_csi2_rx_0_bd_a98f/bd_a98f_rx_0/<hidden>/<hidden>/<hidden>
                            (recovery check against rising-edge clock clk_300M_system_top_clk_wiz_0_0  {rise@0.000ns fall@1.667ns period=3.333ns})
  Path Group:             **async_default**
  Path Type:              Recovery (Max at Slow Process Corner)
  Requirement:            3.333ns  (clk_300M_system_top_clk_wiz_0_0 rise@3.333ns - clk_300M_system_top_clk_wiz_0_0 rise@0.000ns)
  Data Path Delay:        0.768ns  (logic 0.172ns (22.396%)  route 0.596ns (77.604%))
  Logic Levels:           1  (LUT1=1)
  Clock Path Skew:        -0.145ns (DCD - SCD + CPR)
    Destination Clock Delay (DCD):    8.597ns = ( 11.930 - 3.333 ) 
    Source Clock Delay      (SCD):    8.279ns
    Clock Pessimism Removal (CPR):    -0.463ns
  Clock Uncertainty:      0.059ns  ((TSJ^2 + DJ^2)^1/2) / 2 + PE
    Total System Jitter     (TSJ):    0.071ns
    Discrete Jitter          (DJ):    0.095ns
    Phase Error              (PE):    0.000ns

    Location             Delay type                Incr(ns)  Path(ns)    Netlist Resource(s)
  -------------------------------------------------------------------    -------------------
                         (clock clk_300M_system_top_clk_wiz_0_0 rise edge)
                                                      0.000     0.000 r  
                         PS8                          0.000     0.000 r  system_top_i/zynq_ps/inst/PS8_i/PLCLK[0]
                         net (fo=1, unplaced)         0.229     0.229    system_top_i/zynq_ps/inst/pl_clk_unbuffered[0]
                         BUFG_PS (Prop_BUFG_PS_I_O)
                                                      0.038     0.267 r  system_top_i/zynq_ps/inst/buffer_pl_clk_0.PL_CLK_0_BUFG/O
                         net (fo=1, unplaced)         2.584     2.851    system_top_i/clk_wiz_0/inst/clk_in1
                         BUFGCE (Prop_BUFGCE_I_O)     0.044     2.895 r  system_top_i/clk_wiz_0/inst/clkin1_bufg/O
                         net (fo=1, unplaced)         2.584     5.479    system_top_i/clk_wiz_0/inst/clk_in1_system_top_clk_wiz_0_0
                         MMCME4_ADV (Prop_MMCME4_ADV_CLKIN1_CLKOUT2)
                                                     -0.103     5.376 r  system_top_i/clk_wiz_0/inst/mmcme4_adv_inst/CLKOUT2
                         net (fo=1, unplaced)         0.275     5.651    system_top_i/clk_wiz_0/inst/clk_300M_system_top_clk_wiz_0_0
                         BUFGCE (Prop_BUFGCE_I_O)     0.044     5.695 r  system_top_i/clk_wiz_0/inst/clkout3_buf/O
                         net (fo=8211, unplaced)      2.584     8.279    system_top_wrapper/system_top/system_top_mipi_csi2_rx_0/system_top_mipi_csi2_rx_0_bd_a98f/bd_a98f_rx_0/<hidden>
                         FDRE                                         r  system_top_wrapper/system_top/system_top_mipi_csi2_rx_0/system_top_mipi_csi2_rx_0_bd_a98f/bd_a98f_rx_0/<hidden>
  -------------------------------------------------------------------    -------------------
                         FDRE (Prop_FDRE_C_Q)         0.114     8.393 r  system_top_wrapper/system_top/system_top_mipi_csi2_rx_0/system_top_mipi_csi2_rx_0_bd_a98f/bd_a98f_rx_0/<hidden>
                         net (fo=127, unplaced)       0.245     8.638    system_top_wrapper/system_top/system_top_mipi_csi2_rx_0/system_top_mipi_csi2_rx_0_bd_a98f/bd_a98f_rx_0/<hidden>/<hidden>
                         LUT1 (Prop_LUT1_I0_O)        0.058     8.696 f  system_top_wrapper/system_top/system_top_mipi_csi2_rx_0/system_top_mipi_csi2_rx_0_bd_a98f/bd_a98f_rx_0/<hidden>/<hidden>
                         net (fo=745, unplaced)       0.351     9.047    system_top_wrapper/system_top/system_top_mipi_csi2_rx_0/system_top_mipi_csi2_rx_0_bd_a98f/bd_a98f_rx_0/<hidden>/<hidden>/<hidden>
                         FDPE                                         f  system_top_wrapper/system_top/system_top_mipi_csi2_rx_0/system_top_mipi_csi2_rx_0_bd_a98f/bd_a98f_rx_0/<hidden>/<hidden>/<hidden>
  -------------------------------------------------------------------    -------------------

                         (clock clk_300M_system_top_clk_wiz_0_0 rise edge)
                                                      3.333     3.333 r  
                         PS8                          0.000     3.333 r  system_top_i/zynq_ps/inst/PS8_i/PLCLK[0]
                         net (fo=1, unplaced)         0.181     3.514    system_top_i/zynq_ps/inst/pl_clk_unbuffered[0]
                         BUFG_PS (Prop_BUFG_PS_I_O)
                                                      0.035     3.549 r  system_top_i/zynq_ps/inst/buffer_pl_clk_0.PL_CLK_0_BUFG/O
                         net (fo=1, unplaced)         2.439     5.988    system_top_i/clk_wiz_0/inst/clk_in1
                         BUFGCE (Prop_BUFGCE_I_O)     0.039     6.027 r  system_top_i/clk_wiz_0/inst/clkin1_bufg/O
                         net (fo=1, unplaced)         2.439     8.466    system_top_i/clk_wiz_0/inst/clk_in1_system_top_clk_wiz_0_0
                         MMCME4_ADV (Prop_MMCME4_ADV_CLKIN1_CLKOUT2)
                                                      0.739     9.205 r  system_top_i/clk_wiz_0/inst/mmcme4_adv_inst/CLKOUT2
                         net (fo=1, unplaced)         0.247     9.452    system_top_i/clk_wiz_0/inst/clk_300M_system_top_clk_wiz_0_0
                         BUFGCE (Prop_BUFGCE_I_O)     0.039     9.491 r  system_top_i/clk_wiz_0/inst/clkout3_buf/O
                         net (fo=8211, unplaced)      2.439    11.930    system_top_wrapper/system_top/system_top_mipi_csi2_rx_0/system_top_mipi_csi2_rx_0_bd_a98f/bd_a98f_rx_0/<hidden>/<hidden>/<hidden>
                         FDPE                                         r  system_top_wrapper/system_top/system_top_mipi_csi2_rx_0/system_top_mipi_csi2_rx_0_bd_a98f/bd_a98f_rx_0/<hidden>/<hidden>/<hidden>
                         clock pessimism             -0.463    11.467    
                         clock uncertainty           -0.059    11.408    
                         FDPE (Recov_FDPE_C_PRE)     -0.093    11.315    system_top_wrapper/system_top/system_top_mipi_csi2_rx_0/system_top_mipi_csi2_rx_0_bd_a98f/bd_a98f_rx_0/<hidden>/<hidden>/<hidden>
  -------------------------------------------------------------------
                         required time                         11.315    
                         arrival time                          -9.047    
  -------------------------------------------------------------------
                         slack                                  2.268    





Min Delay Paths
--------------------------------------------------------------------------------------
Slack (MET) :             0.231ns  (arrival time - required time)
  Source:                 system_top_wrapper/system_top/system_top_mipi_csi2_rx_0/system_top_mipi_csi2_rx_0_bd_a98f/bd_a98f_rx_0/<hidden>
                            (rising edge-triggered cell FDRE clocked by clk_300M_system_top_clk_wiz_0_0  {rise@0.000ns fall@1.667ns period=3.333ns})
  Destination:            system_top_wrapper/system_top/system_top_mipi_csi2_rx_0/system_top_mipi_csi2_rx_0_bd_a98f/bd_a98f_rx_0/<hidden>/<hidden>/<hidden>
                            (removal check against rising-edge clock clk_300M_system_top_clk_wiz_0_0  {rise@0.000ns fall@1.667ns period=3.333ns})
  Path Group:             **async_default**
  Path Type:              Removal (Min at Fast Process Corner)
  Requirement:            0.000ns  (clk_300M_system_top_clk_wiz_0_0 rise@0.000ns - clk_300M_system_top_clk_wiz_0_0 rise@0.000ns)
  Data Path Delay:        0.358ns  (logic 0.105ns (29.330%)  route 0.253ns (70.670%))
  Logic Levels:           1  (LUT1=1)
  Clock Path Skew:        0.145ns (DCD - SCD - CPR)
    Destination Clock Delay (DCD):    4.093ns
    Source Clock Delay      (SCD):    4.246ns
    Clock Pessimism Removal (CPR):    -0.298ns

    Location             Delay type                Incr(ns)  Path(ns)    Netlist Resource(s)
  -------------------------------------------------------------------    -------------------
                         (clock clk_300M_system_top_clk_wiz_0_0 rise edge)
                                                      0.000     0.000 r  
                         PS8                          0.000     0.000 r  system_top_i/zynq_ps/inst/PS8_i/PLCLK[0]
                         net (fo=1, unplaced)         0.129     0.129    system_top_i/zynq_ps/inst/pl_clk_unbuffered[0]
                         BUFG_PS (Prop_BUFG_PS_I_O)
                                                      0.022     0.151 r  system_top_i/zynq_ps/inst/buffer_pl_clk_0.PL_CLK_0_BUFG/O
                         net (fo=1, unplaced)         1.114     1.265    system_top_i/clk_wiz_0/inst/clk_in1
                         BUFGCE (Prop_BUFGCE_I_O)     0.023     1.288 r  system_top_i/clk_wiz_0/inst/clkin1_bufg/O
                         net (fo=1, unplaced)         1.114     2.402    system_top_i/clk_wiz_0/inst/clk_in1_system_top_clk_wiz_0_0
                         MMCME4_ADV (Prop_MMCME4_ADV_CLKIN1_CLKOUT2)
                                                      0.566     2.968 r  system_top_i/clk_wiz_0/inst/mmcme4_adv_inst/CLKOUT2
                         net (fo=1, unplaced)         0.141     3.109    system_top_i/clk_wiz_0/inst/clk_300M_system_top_clk_wiz_0_0
                         BUFGCE (Prop_BUFGCE_I_O)     0.023     3.132 r  system_top_i/clk_wiz_0/inst/clkout3_buf/O
                         net (fo=8211, unplaced)      1.114     4.246    system_top_wrapper/system_top/system_top_mipi_csi2_rx_0/system_top_mipi_csi2_rx_0_bd_a98f/bd_a98f_rx_0/<hidden>
                         FDRE                                         r  system_top_wrapper/system_top/system_top_mipi_csi2_rx_0/system_top_mipi_csi2_rx_0_bd_a98f/bd_a98f_rx_0/<hidden>
  -------------------------------------------------------------------    -------------------
                         FDRE (Prop_FDRE_C_Q)         0.084     4.330 r  system_top_wrapper/system_top/system_top_mipi_csi2_rx_0/system_top_mipi_csi2_rx_0_bd_a98f/bd_a98f_rx_0/<hidden>
                         net (fo=127, unplaced)       0.113     4.443    system_top_wrapper/system_top/system_top_mipi_csi2_rx_0/system_top_mipi_csi2_rx_0_bd_a98f/bd_a98f_rx_0/<hidden>/<hidden>
                         LUT1 (Prop_LUT1_I0_O)        0.021     4.464 f  system_top_wrapper/system_top/system_top_mipi_csi2_rx_0/system_top_mipi_csi2_rx_0_bd_a98f/bd_a98f_rx_0/<hidden>/<hidden>
                         net (fo=745, unplaced)       0.140     4.604    system_top_wrapper/system_top/system_top_mipi_csi2_rx_0/system_top_mipi_csi2_rx_0_bd_a98f/bd_a98f_rx_0/<hidden>/<hidden>/<hidden>
                         FDPE                                         f  system_top_wrapper/system_top/system_top_mipi_csi2_rx_0/system_top_mipi_csi2_rx_0_bd_a98f/bd_a98f_rx_0/<hidden>/<hidden>/<hidden>
  -------------------------------------------------------------------    -------------------

                         (clock clk_300M_system_top_clk_wiz_0_0 rise edge)
                                                      0.000     0.000 r  
                         PS8                          0.000     0.000 r  system_top_i/zynq_ps/inst/PS8_i/PLCLK[0]
                         net (fo=1, unplaced)         0.164     0.164    system_top_i/zynq_ps/inst/pl_clk_unbuffered[0]
                         BUFG_PS (Prop_BUFG_PS_I_O)
                                                      0.023     0.187 r  system_top_i/zynq_ps/inst/buffer_pl_clk_0.PL_CLK_0_BUFG/O
                         net (fo=1, unplaced)         1.259     1.446    system_top_i/clk_wiz_0/inst/clk_in1
                         BUFGCE (Prop_BUFGCE_I_O)     0.026     1.472 r  system_top_i/clk_wiz_0/inst/clkin1_bufg/O
                         net (fo=1, unplaced)         1.259     2.731    system_top_i/clk_wiz_0/inst/clk_in1_system_top_clk_wiz_0_0
                         MMCME4_ADV (Prop_MMCME4_ADV_CLKIN1_CLKOUT2)
                                                     -0.079     2.652 r  system_top_i/clk_wiz_0/inst/mmcme4_adv_inst/CLKOUT2
                         net (fo=1, unplaced)         0.156     2.808    system_top_i/clk_wiz_0/inst/clk_300M_system_top_clk_wiz_0_0
                         BUFGCE (Prop_BUFGCE_I_O)     0.026     2.834 r  system_top_i/clk_wiz_0/inst/clkout3_buf/O
                         net (fo=8211, unplaced)      1.259     4.093    system_top_wrapper/system_top/system_top_mipi_csi2_rx_0/system_top_mipi_csi2_rx_0_bd_a98f/bd_a98f_rx_0/<hidden>/<hidden>/<hidden>
                         FDPE                                         r  system_top_wrapper/system_top/system_top_mipi_csi2_rx_0/system_top_mipi_csi2_rx_0_bd_a98f/bd_a98f_rx_0/<hidden>/<hidden>/<hidden>
                         clock pessimism              0.298     4.391    
                         FDPE (Remov_FDPE_C_PRE)     -0.018     4.373    system_top_wrapper/system_top/system_top_mipi_csi2_rx_0/system_top_mipi_csi2_rx_0_bd_a98f/bd_a98f_rx_0/<hidden>/<hidden>/<hidden>
  -------------------------------------------------------------------
                         required time                         -4.373    
                         arrival time                           4.604    
  -------------------------------------------------------------------
                         slack                                  0.231    





---------------------------------------------------------------------------------------------------
Path Group:  **async_default**
From Clock:  clk_60M_system_top_clk_wiz_0_0
  To Clock:  clk_60M_system_top_clk_wiz_0_0

Setup :            0  Failing Endpoints,  Worst Slack       15.488ns,  Total Violation        0.000ns
Hold  :            0  Failing Endpoints,  Worst Slack        0.281ns,  Total Violation        0.000ns
---------------------------------------------------------------------------------------------------


Max Delay Paths
--------------------------------------------------------------------------------------
Slack (MET) :             15.488ns  (required time - arrival time)
  Source:                 system_top_i/proc_sys_reset/U0/ACTIVE_LOW_PR_OUT_DFF[0].FDRE_PER_N/C
                            (rising edge-triggered cell FDRE clocked by clk_60M_system_top_clk_wiz_0_0  {rise@0.000ns fall@8.333ns period=16.667ns})
  Destination:            system_top_i/t1_top/inst/u_axi_lite_wrapper/aw_addr_reg_reg[2]/CLR
                            (recovery check against rising-edge clock clk_60M_system_top_clk_wiz_0_0  {rise@0.000ns fall@8.333ns period=16.667ns})
  Path Group:             **async_default**
  Path Type:              Recovery (Max at Slow Process Corner)
  Requirement:            16.667ns  (clk_60M_system_top_clk_wiz_0_0 rise@16.667ns - clk_60M_system_top_clk_wiz_0_0 rise@0.000ns)
  Data Path Delay:        0.867ns  (logic 0.172ns (19.839%)  route 0.695ns (80.161%))
  Logic Levels:           1  (LUT1=1)
  Clock Path Skew:        -0.145ns (DCD - SCD + CPR)
    Destination Clock Delay (DCD):    8.605ns = ( 25.272 - 16.667 ) 
    Source Clock Delay      (SCD):    8.290ns
    Clock Pessimism Removal (CPR):    -0.460ns
  Clock Uncertainty:      0.074ns  ((TSJ^2 + DJ^2)^1/2) / 2 + PE
    Total System Jitter     (TSJ):    0.071ns
    Discrete Jitter          (DJ):    0.129ns
    Phase Error              (PE):    0.000ns

    Location             Delay type                Incr(ns)  Path(ns)    Netlist Resource(s)
  -------------------------------------------------------------------    -------------------
                         (clock clk_60M_system_top_clk_wiz_0_0 rise edge)
                                                      0.000     0.000 r  
                         PS8                          0.000     0.000 r  system_top_i/zynq_ps/inst/PS8_i/PLCLK[0]
                         net (fo=1, unplaced)         0.229     0.229    system_top_i/zynq_ps/inst/pl_clk_unbuffered[0]
                         BUFG_PS (Prop_BUFG_PS_I_O)
                                                      0.038     0.267 r  system_top_i/zynq_ps/inst/buffer_pl_clk_0.PL_CLK_0_BUFG/O
                         net (fo=1, unplaced)         2.584     2.851    system_top_i/clk_wiz_0/inst/clk_in1
                         BUFGCE (Prop_BUFGCE_I_O)     0.044     2.895 r  system_top_i/clk_wiz_0/inst/clkin1_bufg/O
                         net (fo=1, unplaced)         2.584     5.479    system_top_i/clk_wiz_0/inst/clk_in1_system_top_clk_wiz_0_0
                         MMCME4_ADV (Prop_MMCME4_ADV_CLKIN1_CLKOUT3)
                                                     -0.103     5.376 r  system_top_i/clk_wiz_0/inst/mmcme4_adv_inst/CLKOUT3
                         net (fo=1, unplaced)         0.286     5.662    system_top_i/clk_wiz_0/inst/clk_60M_system_top_clk_wiz_0_0
                         BUFGCE (Prop_BUFGCE_I_O)     0.044     5.706 r  system_top_i/clk_wiz_0/inst/clkout4_buf/O
                         net (fo=99994, unplaced)     2.584     8.290    system_top_i/proc_sys_reset/U0/slowest_sync_clk
                         FDRE                                         r  system_top_i/proc_sys_reset/U0/ACTIVE_LOW_PR_OUT_DFF[0].FDRE_PER_N/C
  -------------------------------------------------------------------    -------------------
                         FDRE (Prop_FDRE_C_Q)         0.114     8.404 r  system_top_i/proc_sys_reset/U0/ACTIVE_LOW_PR_OUT_DFF[0].FDRE_PER_N/Q
                         net (fo=330, unplaced)       0.267     8.671    system_top_i/t1_top/inst/u_t1/lsu2D_0/loadUnit/aresetn
                         LUT1 (Prop_LUT1_I0_O)        0.058     8.729 f  system_top_i/t1_top/inst/u_t1/lsu2D_0/loadUnit/s_axi_bvalid_i_2/O
                         net (fo=22359, unplaced)     0.428     9.157    system_top_i/t1_top/inst/u_axi_lite_wrapper/t1_reset
                         FDCE                                         f  system_top_i/t1_top/inst/u_axi_lite_wrapper/aw_addr_reg_reg[2]/CLR
  -------------------------------------------------------------------    -------------------

                         (clock clk_60M_system_top_clk_wiz_0_0 rise edge)
                                                     16.667    16.667 r  
                         PS8                          0.000    16.667 r  system_top_i/zynq_ps/inst/PS8_i/PLCLK[0]
                         net (fo=1, unplaced)         0.181    16.848    system_top_i/zynq_ps/inst/pl_clk_unbuffered[0]
                         BUFG_PS (Prop_BUFG_PS_I_O)
                                                      0.035    16.883 r  system_top_i/zynq_ps/inst/buffer_pl_clk_0.PL_CLK_0_BUFG/O
                         net (fo=1, unplaced)         2.439    19.322    system_top_i/clk_wiz_0/inst/clk_in1
                         BUFGCE (Prop_BUFGCE_I_O)     0.039    19.361 r  system_top_i/clk_wiz_0/inst/clkin1_bufg/O
                         net (fo=1, unplaced)         2.439    21.800    system_top_i/clk_wiz_0/inst/clk_in1_system_top_clk_wiz_0_0
                         MMCME4_ADV (Prop_MMCME4_ADV_CLKIN1_CLKOUT3)
                                                      0.739    22.539 r  system_top_i/clk_wiz_0/inst/mmcme4_adv_inst/CLKOUT3
                         net (fo=1, unplaced)         0.255    22.794    system_top_i/clk_wiz_0/inst/clk_60M_system_top_clk_wiz_0_0
                         BUFGCE (Prop_BUFGCE_I_O)     0.039    22.833 r  system_top_i/clk_wiz_0/inst/clkout4_buf/O
                         net (fo=99994, unplaced)     2.439    25.272    system_top_i/t1_top/inst/u_axi_lite_wrapper/aclk
                         FDCE                                         r  system_top_i/t1_top/inst/u_axi_lite_wrapper/aw_addr_reg_reg[2]/C
                         clock pessimism             -0.460    24.812    
                         clock uncertainty           -0.074    24.738    
                         FDCE (Recov_FDCE_C_CLR)     -0.093    24.645    system_top_i/t1_top/inst/u_axi_lite_wrapper/aw_addr_reg_reg[2]
  -------------------------------------------------------------------
                         required time                         24.645    
                         arrival time                          -9.157    
  -------------------------------------------------------------------
                         slack                                 15.488    





Min Delay Paths
--------------------------------------------------------------------------------------
Slack (MET) :             0.281ns  (arrival time - required time)
  Source:                 system_top_i/proc_sys_reset/U0/ACTIVE_LOW_PR_OUT_DFF[0].FDRE_PER_N/C
                            (rising edge-triggered cell FDRE clocked by clk_60M_system_top_clk_wiz_0_0  {rise@0.000ns fall@8.333ns period=16.667ns})
  Destination:            system_top_i/t1_top/inst/u_axi_lite_wrapper/aw_addr_reg_reg[2]/CLR
                            (removal check against rising-edge clock clk_60M_system_top_clk_wiz_0_0  {rise@0.000ns fall@8.333ns period=16.667ns})
  Path Group:             **async_default**
  Path Type:              Removal (Min at Fast Process Corner)
  Requirement:            0.000ns  (clk_60M_system_top_clk_wiz_0_0 rise@0.000ns - clk_60M_system_top_clk_wiz_0_0 rise@0.000ns)
  Data Path Delay:        0.408ns  (logic 0.105ns (25.735%)  route 0.303ns (74.265%))
  Logic Levels:           1  (LUT1=1)
  Clock Path Skew:        0.145ns (DCD - SCD - CPR)
    Destination Clock Delay (DCD):    4.099ns
    Source Clock Delay      (SCD):    4.251ns
    Clock Pessimism Removal (CPR):    -0.297ns

    Location             Delay type                Incr(ns)  Path(ns)    Netlist Resource(s)
  -------------------------------------------------------------------    -------------------
                         (clock clk_60M_system_top_clk_wiz_0_0 rise edge)
                                                      0.000     0.000 r  
                         PS8                          0.000     0.000 r  system_top_i/zynq_ps/inst/PS8_i/PLCLK[0]
                         net (fo=1, unplaced)         0.129     0.129    system_top_i/zynq_ps/inst/pl_clk_unbuffered[0]
                         BUFG_PS (Prop_BUFG_PS_I_O)
                                                      0.022     0.151 r  system_top_i/zynq_ps/inst/buffer_pl_clk_0.PL_CLK_0_BUFG/O
                         net (fo=1, unplaced)         1.114     1.265    system_top_i/clk_wiz_0/inst/clk_in1
                         BUFGCE (Prop_BUFGCE_I_O)     0.023     1.288 r  system_top_i/clk_wiz_0/inst/clkin1_bufg/O
                         net (fo=1, unplaced)         1.114     2.402    system_top_i/clk_wiz_0/inst/clk_in1_system_top_clk_wiz_0_0
                         MMCME4_ADV (Prop_MMCME4_ADV_CLKIN1_CLKOUT3)
                                                      0.566     2.968 r  system_top_i/clk_wiz_0/inst/mmcme4_adv_inst/CLKOUT3
                         net (fo=1, unplaced)         0.146     3.114    system_top_i/clk_wiz_0/inst/clk_60M_system_top_clk_wiz_0_0
                         BUFGCE (Prop_BUFGCE_I_O)     0.023     3.137 r  system_top_i/clk_wiz_0/inst/clkout4_buf/O
                         net (fo=99994, unplaced)     1.114     4.251    system_top_i/proc_sys_reset/U0/slowest_sync_clk
                         FDRE                                         r  system_top_i/proc_sys_reset/U0/ACTIVE_LOW_PR_OUT_DFF[0].FDRE_PER_N/C
  -------------------------------------------------------------------    -------------------
                         FDRE (Prop_FDRE_C_Q)         0.084     4.335 r  system_top_i/proc_sys_reset/U0/ACTIVE_LOW_PR_OUT_DFF[0].FDRE_PER_N/Q
                         net (fo=330, unplaced)       0.124     4.459    system_top_i/t1_top/inst/u_t1/lsu2D_0/loadUnit/aresetn
                         LUT1 (Prop_LUT1_I0_O)        0.021     4.480 f  system_top_i/t1_top/inst/u_t1/lsu2D_0/loadUnit/s_axi_bvalid_i_2/O
                         net (fo=22359, unplaced)     0.179     4.659    system_top_i/t1_top/inst/u_axi_lite_wrapper/t1_reset
                         FDCE                                         f  system_top_i/t1_top/inst/u_axi_lite_wrapper/aw_addr_reg_reg[2]/CLR
  -------------------------------------------------------------------    -------------------

                         (clock clk_60M_system_top_clk_wiz_0_0 rise edge)
                                                      0.000     0.000 r  
                         PS8                          0.000     0.000 r  system_top_i/zynq_ps/inst/PS8_i/PLCLK[0]
                         net (fo=1, unplaced)         0.164     0.164    system_top_i/zynq_ps/inst/pl_clk_unbuffered[0]
                         BUFG_PS (Prop_BUFG_PS_I_O)
                                                      0.023     0.187 r  system_top_i/zynq_ps/inst/buffer_pl_clk_0.PL_CLK_0_BUFG/O
                         net (fo=1, unplaced)         1.259     1.446    system_top_i/clk_wiz_0/inst/clk_in1
                         BUFGCE (Prop_BUFGCE_I_O)     0.026     1.472 r  system_top_i/clk_wiz_0/inst/clkin1_bufg/O
                         net (fo=1, unplaced)         1.259     2.731    system_top_i/clk_wiz_0/inst/clk_in1_system_top_clk_wiz_0_0
                         MMCME4_ADV (Prop_MMCME4_ADV_CLKIN1_CLKOUT3)
                                                     -0.079     2.652 r  system_top_i/clk_wiz_0/inst/mmcme4_adv_inst/CLKOUT3
                         net (fo=1, unplaced)         0.162     2.814    system_top_i/clk_wiz_0/inst/clk_60M_system_top_clk_wiz_0_0
                         BUFGCE (Prop_BUFGCE_I_O)     0.026     2.840 r  system_top_i/clk_wiz_0/inst/clkout4_buf/O
                         net (fo=99994, unplaced)     1.259     4.099    system_top_i/t1_top/inst/u_axi_lite_wrapper/aclk
                         FDCE                                         r  system_top_i/t1_top/inst/u_axi_lite_wrapper/aw_addr_reg_reg[2]/C
                         clock pessimism              0.297     4.396    
                         FDCE (Remov_FDCE_C_CLR)     -0.018     4.378    system_top_i/t1_top/inst/u_axi_lite_wrapper/aw_addr_reg_reg[2]
  -------------------------------------------------------------------
                         required time                         -4.378    
                         arrival time                           4.659    
  -------------------------------------------------------------------
                         slack                                  0.281    





---------------------------------------------------------------------------------------------------
Path Group:  **async_default**
From Clock:  mipi_phy_if_clk_p_FIFO_WRCLK_OUT
  To Clock:  mipi_phy_if_clk_p_FIFO_WRCLK_OUT

Setup :            0  Failing Endpoints,  Worst Slack        8.048ns,  Total Violation        0.000ns
Hold  :            0  Failing Endpoints,  Worst Slack        0.079ns,  Total Violation        0.000ns
---------------------------------------------------------------------------------------------------


Max Delay Paths
--------------------------------------------------------------------------------------
Slack (MET) :             8.048ns  (required time - arrival time)
  Source:                 system_top_wrapper/system_top/system_top_mipi_csi2_rx_0/system_top_mipi_csi2_rx_0_bd_a98f/bd_a98f_rx_0/<hidden>/<hidden>
                            (rising edge-triggered cell FDCE clocked by mipi_phy_if_clk_p_FIFO_WRCLK_OUT  {rise@0.000ns fall@4.464ns period=8.928ns})
  Destination:            system_top_wrapper/system_top/system_top_mipi_csi2_rx_0/system_top_mipi_csi2_rx_0_bd_a98f/bd_a98f_rx_0/<hidden>/<hidden>
                            (recovery check against rising-edge clock mipi_phy_if_clk_p_FIFO_WRCLK_OUT  {rise@0.000ns fall@4.464ns period=8.928ns})
  Path Group:             **async_default**
  Path Type:              Recovery (Max at Slow Process Corner)
  Requirement:            8.928ns  (mipi_phy_if_clk_p_FIFO_WRCLK_OUT rise@8.928ns - mipi_phy_if_clk_p_FIFO_WRCLK_OUT rise@0.000ns)
  Data Path Delay:        0.607ns  (logic 0.171ns (28.171%)  route 0.436ns (71.829%))
  Logic Levels:           1  (LUT1=1)
  Clock Path Skew:        -0.145ns (DCD - SCD + CPR)
    Destination Clock Delay (DCD):    4.349ns = ( 13.277 - 8.928 ) 
    Source Clock Delay      (SCD):    5.623ns
    Clock Pessimism Removal (CPR):    1.129ns
  Clock Uncertainty:      0.035ns  ((TSJ^2 + TIJ^2)^1/2 + DJ) / 2 + PE
    Total System Jitter     (TSJ):    0.071ns
    Total Input Jitter      (TIJ):    0.000ns
    Discrete Jitter          (DJ):    0.000ns
    Phase Error              (PE):    0.000ns

    Location             Delay type                Incr(ns)  Path(ns)    Netlist Resource(s)
  -------------------------------------------------------------------    -------------------
                         (clock mipi_phy_if_clk_p_FIFO_WRCLK_OUT rise edge)
                                                      0.000     0.000 r  
    G1                                                0.000     0.000 f  mipi_phy_if_clk_p (IN)
                         net (fo=0)                   0.000     0.000    system_top_i/mipi_csi2_rx/inst/phy/inst/inst/bd_a98f_phy_0_rx_support_i/slave_rx.bd_a98f_phy_0_rx_hssio_i/inst/top_inst/iobuf_top_inst/io_gen[0].ibufds_dphy/I
    HPIOBDIFFINBUF_X0Y72 DPHY_DIFFINBUF (Prop_DPHY_DIFFINBUF_HPIOBDIFFINBUF_I_HSRX_O)
                                                      0.386     0.386 f  system_top_i/mipi_csi2_rx/inst/phy/inst/inst/bd_a98f_phy_0_rx_support_i/slave_rx.bd_a98f_phy_0_rx_hssio_i/inst/top_inst/iobuf_top_inst/io_gen[0].ibufds_dphy/DIFFINBUF_INST/HSRX_O
                         net (fo=1, estimated)        0.050     0.436    system_top_i/mipi_csi2_rx/inst/phy/inst/inst/bd_a98f_phy_0_rx_support_i/slave_rx.bd_a98f_phy_0_rx_hssio_i/inst/top_inst/iobuf_top_inst/io_gen[0].ibufds_dphy/OUT
    G1                   IBUFCTRL (Prop_IBUFCTRL_HPIOB_M_I_O)
                                                      0.000     0.436 f  system_top_i/mipi_csi2_rx/inst/phy/inst/inst/bd_a98f_phy_0_rx_support_i/slave_rx.bd_a98f_phy_0_rx_hssio_i/inst/top_inst/iobuf_top_inst/io_gen[0].ibufds_dphy/IBUFCTRL_INST/O
                         net (fo=1, estimated)        0.003     0.439    system_top_i/mipi_csi2_rx/inst/phy/inst/inst/bd_a98f_phy_0_rx_support_i/slave_rx.bd_a98f_phy_0_rx_hssio_i/inst/top_inst/bs_top_inst/u_rx_bs/data_to_bs_out[0]
    BITSLICE_RX_TX_X0Y156
                         RX_BITSLICE (Prop_RX_BITSLICE_BITSLICE_RXTX_RX_DATAIN_RX_BIT_CTRL_OUT[9])
                                                      0.050     0.489 r  system_top_i/mipi_csi2_rx/inst/phy/inst/inst/bd_a98f_phy_0_rx_support_i/slave_rx.bd_a98f_phy_0_rx_hssio_i/inst/top_inst/bs_top_inst/u_rx_bs/RX_BS[0].rx_bitslice_if_bs/RX_BIT_CTRL_OUT[9]
                         net (fo=1, unplaced)         0.006     0.495    system_top_i/mipi_csi2_rx/inst/phy/inst/inst/bd_a98f_phy_0_rx_support_i/slave_rx.bd_a98f_phy_0_rx_hssio_i/inst/top_inst/bs_ctrl_top_inst/rx_bs0_rx_bit_ctrl_out[9]
                         BITSLICE_CONTROL (Prop_BITSLICE_CONTROL_RX_BIT_CTRL_IN0[9]_RX_BIT_CTRL_OUT0[20])
                                                      0.712     1.207 r  system_top_i/mipi_csi2_rx/inst/phy/inst/inst/bd_a98f_phy_0_rx_support_i/slave_rx.bd_a98f_phy_0_rx_hssio_i/inst/top_inst/bs_ctrl_top_inst/BITSLICE_CTRL[0].bs_ctrl_inst/RX_BIT_CTRL_OUT0[20]
                         net (fo=1, unplaced)         0.013     1.220    system_top_i/mipi_csi2_rx/inst/phy/inst/inst/bd_a98f_phy_0_rx_support_i/slave_rx.bd_a98f_phy_0_rx_hssio_i/inst/top_inst/bs_top_inst/u_rx_bs/rx_bs0_rx_bit_ctrl_in[20]
    BITSLICE_RX_TX_X0Y156
                         RX_BITSLICE (Prop_RX_BITSLICE_BITSLICE_RXTX_RX_RX_BIT_CTRL_IN[20]_FIFO_WRCLK_OUT)
                                                      0.745     1.965 r  system_top_i/mipi_csi2_rx/inst/phy/inst/inst/bd_a98f_phy_0_rx_support_i/slave_rx.bd_a98f_phy_0_rx_hssio_i/inst/top_inst/bs_top_inst/u_rx_bs/RX_BS[0].rx_bitslice_if_bs/FIFO_WRCLK_OUT
                         net (fo=1, unplaced)         0.752     2.717    system_top_i/mipi_csi2_rx/inst/phy/inst/inst/bd_a98f_phy_0_rx_support_i/div4_clk_t
                         BUFGCE (Prop_BUFGCE_I_O)     0.044     2.761 r  system_top_i/mipi_csi2_rx/inst/phy/inst/inst/bd_a98f_phy_0_rx_support_i/slave_rx.rxbyteclkhs_buf/O
                         net (fo=849, unplaced)       2.862     5.623    system_top_wrapper/system_top/system_top_mipi_csi2_rx_0/system_top_mipi_csi2_rx_0_bd_a98f/bd_a98f_rx_0/<hidden>/<hidden>
                         FDCE                                         r  system_top_wrapper/system_top/system_top_mipi_csi2_rx_0/system_top_mipi_csi2_rx_0_bd_a98f/bd_a98f_rx_0/<hidden>/<hidden>
  -------------------------------------------------------------------    -------------------
                         FDCE (Prop_FDCE_C_Q)         0.113     5.736 r  system_top_wrapper/system_top/system_top_mipi_csi2_rx_0/system_top_mipi_csi2_rx_0_bd_a98f/bd_a98f_rx_0/<hidden>/<hidden>
                         net (fo=2, unplaced)         0.154     5.890    system_top_wrapper/system_top/system_top_mipi_csi2_rx_0/system_top_mipi_csi2_rx_0_bd_a98f/bd_a98f_rx_0/<hidden>/<hidden>
                         LUT1 (Prop_LUT1_I0_O)        0.058     5.948 f  system_top_wrapper/system_top/system_top_mipi_csi2_rx_0/system_top_mipi_csi2_rx_0_bd_a98f/bd_a98f_rx_0/<hidden>/<hidden>
                         net (fo=35, unplaced)        0.282     6.230    system_top_wrapper/system_top/system_top_mipi_csi2_rx_0/system_top_mipi_csi2_rx_0_bd_a98f/bd_a98f_rx_0/<hidden>/<hidden>
                         FDPE                                         f  system_top_wrapper/system_top/system_top_mipi_csi2_rx_0/system_top_mipi_csi2_rx_0_bd_a98f/bd_a98f_rx_0/<hidden>/<hidden>
  -------------------------------------------------------------------    -------------------

                         (clock mipi_phy_if_clk_p_FIFO_WRCLK_OUT rise edge)
                                                      8.928     8.928 f  
    G1                                                0.000     8.928 f  mipi_phy_if_clk_p (IN)
                         net (fo=0)                   0.000     8.928    system_top_i/mipi_csi2_rx/inst/phy/inst/inst/bd_a98f_phy_0_rx_support_i/slave_rx.bd_a98f_phy_0_rx_hssio_i/inst/top_inst/iobuf_top_inst/io_gen[0].ibufds_dphy/I
    HPIOBDIFFINBUF_X0Y72 DPHY_DIFFINBUF (Prop_DPHY_DIFFINBUF_HPIOBDIFFINBUF_I_HSRX_O)
                                                      0.305     9.233 f  system_top_i/mipi_csi2_rx/inst/phy/inst/inst/bd_a98f_phy_0_rx_support_i/slave_rx.bd_a98f_phy_0_rx_hssio_i/inst/top_inst/iobuf_top_inst/io_gen[0].ibufds_dphy/DIFFINBUF_INST/HSRX_O
                         net (fo=1, estimated)        0.040     9.273    system_top_i/mipi_csi2_rx/inst/phy/inst/inst/bd_a98f_phy_0_rx_support_i/slave_rx.bd_a98f_phy_0_rx_hssio_i/inst/top_inst/iobuf_top_inst/io_gen[0].ibufds_dphy/OUT
    G1                   IBUFCTRL (Prop_IBUFCTRL_HPIOB_M_I_O)
                                                      0.000     9.273 f  system_top_i/mipi_csi2_rx/inst/phy/inst/inst/bd_a98f_phy_0_rx_support_i/slave_rx.bd_a98f_phy_0_rx_hssio_i/inst/top_inst/iobuf_top_inst/io_gen[0].ibufds_dphy/IBUFCTRL_INST/O
                         net (fo=1, estimated)        0.000     9.273    system_top_i/mipi_csi2_rx/inst/phy/inst/inst/bd_a98f_phy_0_rx_support_i/slave_rx.bd_a98f_phy_0_rx_hssio_i/inst/top_inst/bs_top_inst/u_rx_bs/data_to_bs_out[0]
    BITSLICE_RX_TX_X0Y156
                         RX_BITSLICE (Prop_RX_BITSLICE_BITSLICE_RXTX_RX_DATAIN_RX_BIT_CTRL_OUT[9])
                                                      0.025     9.298 r  system_top_i/mipi_csi2_rx/inst/phy/inst/inst/bd_a98f_phy_0_rx_support_i/slave_rx.bd_a98f_phy_0_rx_hssio_i/inst/top_inst/bs_top_inst/u_rx_bs/RX_BS[0].rx_bitslice_if_bs/RX_BIT_CTRL_OUT[9]
                         net (fo=1, unplaced)         0.003     9.301    system_top_i/mipi_csi2_rx/inst/phy/inst/inst/bd_a98f_phy_0_rx_support_i/slave_rx.bd_a98f_phy_0_rx_hssio_i/inst/top_inst/bs_ctrl_top_inst/rx_bs0_rx_bit_ctrl_out[9]
                         BITSLICE_CONTROL (Prop_BITSLICE_CONTROL_RX_BIT_CTRL_IN0[9]_RX_BIT_CTRL_OUT0[20])
                                                      0.242     9.543 r  system_top_i/mipi_csi2_rx/inst/phy/inst/inst/bd_a98f_phy_0_rx_support_i/slave_rx.bd_a98f_phy_0_rx_hssio_i/inst/top_inst/bs_ctrl_top_inst/BITSLICE_CTRL[0].bs_ctrl_inst/RX_BIT_CTRL_OUT0[20]
                         net (fo=1, unplaced)         0.006     9.549    system_top_i/mipi_csi2_rx/inst/phy/inst/inst/bd_a98f_phy_0_rx_support_i/slave_rx.bd_a98f_phy_0_rx_hssio_i/inst/top_inst/bs_top_inst/u_rx_bs/rx_bs0_rx_bit_ctrl_in[20]
    BITSLICE_RX_TX_X0Y156
                         RX_BITSLICE (Prop_RX_BITSLICE_BITSLICE_RXTX_RX_RX_BIT_CTRL_IN[20]_FIFO_WRCLK_OUT)
                                                      0.382     9.931 r  system_top_i/mipi_csi2_rx/inst/phy/inst/inst/bd_a98f_phy_0_rx_support_i/slave_rx.bd_a98f_phy_0_rx_hssio_i/inst/top_inst/bs_top_inst/u_rx_bs/RX_BS[0].rx_bitslice_if_bs/FIFO_WRCLK_OUT
                         net (fo=1, unplaced)         0.590    10.521    system_top_i/mipi_csi2_rx/inst/phy/inst/inst/bd_a98f_phy_0_rx_support_i/div4_clk_t
                         BUFGCE (Prop_BUFGCE_I_O)     0.039    10.560 r  system_top_i/mipi_csi2_rx/inst/phy/inst/inst/bd_a98f_phy_0_rx_support_i/slave_rx.rxbyteclkhs_buf/O
                         net (fo=849, unplaced)       2.717    13.277    system_top_wrapper/system_top/system_top_mipi_csi2_rx_0/system_top_mipi_csi2_rx_0_bd_a98f/bd_a98f_rx_0/<hidden>/<hidden>
                         FDPE                                         r  system_top_wrapper/system_top/system_top_mipi_csi2_rx_0/system_top_mipi_csi2_rx_0_bd_a98f/bd_a98f_rx_0/<hidden>/<hidden>
                         clock pessimism              1.129    14.406    
                         clock uncertainty           -0.035    14.370    
                         FDPE (Recov_FDPE_C_PRE)     -0.093    14.277    system_top_wrapper/system_top/system_top_mipi_csi2_rx_0/system_top_mipi_csi2_rx_0_bd_a98f/bd_a98f_rx_0/<hidden>/<hidden>
  -------------------------------------------------------------------
                         required time                         14.277    
                         arrival time                          -6.230    
  -------------------------------------------------------------------
                         slack                                  8.048    





Min Delay Paths
--------------------------------------------------------------------------------------
Slack (MET) :             0.079ns  (arrival time - required time)
  Source:                 system_top_wrapper/system_top/system_top_mipi_csi2_rx_0/system_top_mipi_csi2_rx_0_bd_a98f/bd_a98f_phy_0/bd_a98f_phy_0_core/bd_a98f_phy_0_c1/bd_a98f_phy_0_support/<hidden>/<hidden>
                            (rising edge-triggered cell FDRE clocked by mipi_phy_if_clk_p_FIFO_WRCLK_OUT  {rise@0.000ns fall@4.464ns period=8.928ns})
  Destination:            system_top_wrapper/system_top/system_top_mipi_csi2_rx_0/system_top_mipi_csi2_rx_0_bd_a98f/bd_a98f_phy_0/bd_a98f_phy_0_core/bd_a98f_phy_0_c1/bd_a98f_phy_0_support/<hidden>
                            (removal check against rising-edge clock mipi_phy_if_clk_p_FIFO_WRCLK_OUT  {rise@0.000ns fall@4.464ns period=8.928ns})
  Path Group:             **async_default**
  Path Type:              Removal (Min at Fast Process Corner)
  Requirement:            0.000ns  (mipi_phy_if_clk_p_FIFO_WRCLK_OUT rise@0.000ns - mipi_phy_if_clk_p_FIFO_WRCLK_OUT rise@0.000ns)
  Data Path Delay:        0.206ns  (logic 0.082ns (39.806%)  route 0.124ns (60.194%))
  Logic Levels:           0  
  Clock Path Skew:        0.145ns (DCD - SCD - CPR)
    Destination Clock Delay (DCD):    3.413ns
    Source Clock Delay      (SCD):    2.576ns
    Clock Pessimism Removal (CPR):    0.692ns

    Location             Delay type                Incr(ns)  Path(ns)    Netlist Resource(s)
  -------------------------------------------------------------------    -------------------
                         (clock mipi_phy_if_clk_p_FIFO_WRCLK_OUT rise edge)
                                                      0.000     0.000 r  
    G1                                                0.000     0.000 f  mipi_phy_if_clk_p (IN)
                         net (fo=0)                   0.000     0.000    system_top_i/mipi_csi2_rx/inst/phy/inst/inst/bd_a98f_phy_0_rx_support_i/slave_rx.bd_a98f_phy_0_rx_hssio_i/inst/top_inst/iobuf_top_inst/io_gen[0].ibufds_dphy/I
    HPIOBDIFFINBUF_X0Y72 DPHY_DIFFINBUF (Prop_DPHY_DIFFINBUF_HPIOBDIFFINBUF_I_HSRX_O)
                                                      0.186     0.186 f  system_top_i/mipi_csi2_rx/inst/phy/inst/inst/bd_a98f_phy_0_rx_support_i/slave_rx.bd_a98f_phy_0_rx_hssio_i/inst/top_inst/iobuf_top_inst/io_gen[0].ibufds_dphy/DIFFINBUF_INST/HSRX_O
                         net (fo=1, estimated)        0.040     0.226    system_top_i/mipi_csi2_rx/inst/phy/inst/inst/bd_a98f_phy_0_rx_support_i/slave_rx.bd_a98f_phy_0_rx_hssio_i/inst/top_inst/iobuf_top_inst/io_gen[0].ibufds_dphy/OUT
    G1                   IBUFCTRL (Prop_IBUFCTRL_HPIOB_M_I_O)
                                                      0.000     0.226 f  system_top_i/mipi_csi2_rx/inst/phy/inst/inst/bd_a98f_phy_0_rx_support_i/slave_rx.bd_a98f_phy_0_rx_hssio_i/inst/top_inst/iobuf_top_inst/io_gen[0].ibufds_dphy/IBUFCTRL_INST/O
                         net (fo=1, estimated)        0.000     0.226    system_top_i/mipi_csi2_rx/inst/phy/inst/inst/bd_a98f_phy_0_rx_support_i/slave_rx.bd_a98f_phy_0_rx_hssio_i/inst/top_inst/bs_top_inst/u_rx_bs/data_to_bs_out[0]
    BITSLICE_RX_TX_X0Y156
                         RX_BITSLICE (Prop_RX_BITSLICE_BITSLICE_RXTX_RX_DATAIN_RX_BIT_CTRL_OUT[9])
                                                      0.025     0.251 r  system_top_i/mipi_csi2_rx/inst/phy/inst/inst/bd_a98f_phy_0_rx_support_i/slave_rx.bd_a98f_phy_0_rx_hssio_i/inst/top_inst/bs_top_inst/u_rx_bs/RX_BS[0].rx_bitslice_if_bs/RX_BIT_CTRL_OUT[9]
                         net (fo=1, unplaced)         0.003     0.254    system_top_i/mipi_csi2_rx/inst/phy/inst/inst/bd_a98f_phy_0_rx_support_i/slave_rx.bd_a98f_phy_0_rx_hssio_i/inst/top_inst/bs_ctrl_top_inst/rx_bs0_rx_bit_ctrl_out[9]
                         BITSLICE_CONTROL (Prop_BITSLICE_CONTROL_RX_BIT_CTRL_IN0[9]_RX_BIT_CTRL_OUT0[20])
                                                      0.220     0.474 r  system_top_i/mipi_csi2_rx/inst/phy/inst/inst/bd_a98f_phy_0_rx_support_i/slave_rx.bd_a98f_phy_0_rx_hssio_i/inst/top_inst/bs_ctrl_top_inst/BITSLICE_CTRL[0].bs_ctrl_inst/RX_BIT_CTRL_OUT0[20]
                         net (fo=1, unplaced)         0.006     0.480    system_top_i/mipi_csi2_rx/inst/phy/inst/inst/bd_a98f_phy_0_rx_support_i/slave_rx.bd_a98f_phy_0_rx_hssio_i/inst/top_inst/bs_top_inst/u_rx_bs/rx_bs0_rx_bit_ctrl_in[20]
    BITSLICE_RX_TX_X0Y156
                         RX_BITSLICE (Prop_RX_BITSLICE_BITSLICE_RXTX_RX_RX_BIT_CTRL_IN[20]_FIFO_WRCLK_OUT)
                                                      0.200     0.680 r  system_top_i/mipi_csi2_rx/inst/phy/inst/inst/bd_a98f_phy_0_rx_support_i/slave_rx.bd_a98f_phy_0_rx_hssio_i/inst/top_inst/bs_top_inst/u_rx_bs/RX_BS[0].rx_bitslice_if_bs/FIFO_WRCLK_OUT
                         net (fo=1, unplaced)         0.319     0.999    system_top_i/mipi_csi2_rx/inst/phy/inst/inst/bd_a98f_phy_0_rx_support_i/div4_clk_t
                         BUFGCE (Prop_BUFGCE_I_O)     0.023     1.022 r  system_top_i/mipi_csi2_rx/inst/phy/inst/inst/bd_a98f_phy_0_rx_support_i/slave_rx.rxbyteclkhs_buf/O
                         net (fo=849, unplaced)       1.554     2.576    system_top_wrapper/system_top/system_top_mipi_csi2_rx_0/system_top_mipi_csi2_rx_0_bd_a98f/bd_a98f_phy_0/bd_a98f_phy_0_core/bd_a98f_phy_0_c1/bd_a98f_phy_0_support/<hidden>/<hidden>
                         FDRE                                         r  system_top_wrapper/system_top/system_top_mipi_csi2_rx_0/system_top_mipi_csi2_rx_0_bd_a98f/bd_a98f_phy_0/bd_a98f_phy_0_core/bd_a98f_phy_0_c1/bd_a98f_phy_0_support/<hidden>/<hidden>
  -------------------------------------------------------------------    -------------------
                         FDRE (Prop_FDRE_C_Q)         0.082     2.658 f  system_top_wrapper/system_top/system_top_mipi_csi2_rx_0/system_top_mipi_csi2_rx_0_bd_a98f/bd_a98f_phy_0/bd_a98f_phy_0_core/bd_a98f_phy_0_c1/bd_a98f_phy_0_support/<hidden>/<hidden>
                         net (fo=9, unplaced)         0.124     2.782    system_top_wrapper/system_top/system_top_mipi_csi2_rx_0/system_top_mipi_csi2_rx_0_bd_a98f/bd_a98f_phy_0/bd_a98f_phy_0_core/bd_a98f_phy_0_c1/bd_a98f_phy_0_support/<hidden>
                         FDCE                                         f  system_top_wrapper/system_top/system_top_mipi_csi2_rx_0/system_top_mipi_csi2_rx_0_bd_a98f/bd_a98f_phy_0/bd_a98f_phy_0_core/bd_a98f_phy_0_c1/bd_a98f_phy_0_support/<hidden>
  -------------------------------------------------------------------    -------------------

                         (clock mipi_phy_if_clk_p_FIFO_WRCLK_OUT rise edge)
                                                      0.000     0.000 f  
    G1                                                0.000     0.000 f  mipi_phy_if_clk_p (IN)
                         net (fo=0)                   0.000     0.000    system_top_i/mipi_csi2_rx/inst/phy/inst/inst/bd_a98f_phy_0_rx_support_i/slave_rx.bd_a98f_phy_0_rx_hssio_i/inst/top_inst/iobuf_top_inst/io_gen[0].ibufds_dphy/I
    HPIOBDIFFINBUF_X0Y72 DPHY_DIFFINBUF (Prop_DPHY_DIFFINBUF_HPIOBDIFFINBUF_I_HSRX_O)
                                                      0.285     0.285 f  system_top_i/mipi_csi2_rx/inst/phy/inst/inst/bd_a98f_phy_0_rx_support_i/slave_rx.bd_a98f_phy_0_rx_hssio_i/inst/top_inst/iobuf_top_inst/io_gen[0].ibufds_dphy/DIFFINBUF_INST/HSRX_O
                         net (fo=1, estimated)        0.050     0.335    system_top_i/mipi_csi2_rx/inst/phy/inst/inst/bd_a98f_phy_0_rx_support_i/slave_rx.bd_a98f_phy_0_rx_hssio_i/inst/top_inst/iobuf_top_inst/io_gen[0].ibufds_dphy/OUT
    G1                   IBUFCTRL (Prop_IBUFCTRL_HPIOB_M_I_O)
                                                      0.000     0.335 f  system_top_i/mipi_csi2_rx/inst/phy/inst/inst/bd_a98f_phy_0_rx_support_i/slave_rx.bd_a98f_phy_0_rx_hssio_i/inst/top_inst/iobuf_top_inst/io_gen[0].ibufds_dphy/IBUFCTRL_INST/O
                         net (fo=1, estimated)        0.002     0.337    system_top_i/mipi_csi2_rx/inst/phy/inst/inst/bd_a98f_phy_0_rx_support_i/slave_rx.bd_a98f_phy_0_rx_hssio_i/inst/top_inst/bs_top_inst/u_rx_bs/data_to_bs_out[0]
    BITSLICE_RX_TX_X0Y156
                         RX_BITSLICE (Prop_RX_BITSLICE_BITSLICE_RXTX_RX_DATAIN_RX_BIT_CTRL_OUT[9])
                                                      0.041     0.378 r  system_top_i/mipi_csi2_rx/inst/phy/inst/inst/bd_a98f_phy_0_rx_support_i/slave_rx.bd_a98f_phy_0_rx_hssio_i/inst/top_inst/bs_top_inst/u_rx_bs/RX_BS[0].rx_bitslice_if_bs/RX_BIT_CTRL_OUT[9]
                         net (fo=1, unplaced)         0.005     0.383    system_top_i/mipi_csi2_rx/inst/phy/inst/inst/bd_a98f_phy_0_rx_support_i/slave_rx.bd_a98f_phy_0_rx_hssio_i/inst/top_inst/bs_ctrl_top_inst/rx_bs0_rx_bit_ctrl_out[9]
                         BITSLICE_CONTROL (Prop_BITSLICE_CONTROL_RX_BIT_CTRL_IN0[9]_RX_BIT_CTRL_OUT0[20])
                                                      0.543     0.926 r  system_top_i/mipi_csi2_rx/inst/phy/inst/inst/bd_a98f_phy_0_rx_support_i/slave_rx.bd_a98f_phy_0_rx_hssio_i/inst/top_inst/bs_ctrl_top_inst/BITSLICE_CTRL[0].bs_ctrl_inst/RX_BIT_CTRL_OUT0[20]
                         net (fo=1, unplaced)         0.011     0.937    system_top_i/mipi_csi2_rx/inst/phy/inst/inst/bd_a98f_phy_0_rx_support_i/slave_rx.bd_a98f_phy_0_rx_hssio_i/inst/top_inst/bs_top_inst/u_rx_bs/rx_bs0_rx_bit_ctrl_in[20]
    BITSLICE_RX_TX_X0Y156
                         RX_BITSLICE (Prop_RX_BITSLICE_BITSLICE_RXTX_RX_RX_BIT_CTRL_IN[20]_FIFO_WRCLK_OUT)
                                                      0.362     1.299 r  system_top_i/mipi_csi2_rx/inst/phy/inst/inst/bd_a98f_phy_0_rx_support_i/slave_rx.bd_a98f_phy_0_rx_hssio_i/inst/top_inst/bs_top_inst/u_rx_bs/RX_BS[0].rx_bitslice_if_bs/FIFO_WRCLK_OUT
                         net (fo=1, unplaced)         0.389     1.688    system_top_i/mipi_csi2_rx/inst/phy/inst/inst/bd_a98f_phy_0_rx_support_i/div4_clk_t
                         BUFGCE (Prop_BUFGCE_I_O)     0.026     1.714 r  system_top_i/mipi_csi2_rx/inst/phy/inst/inst/bd_a98f_phy_0_rx_support_i/slave_rx.rxbyteclkhs_buf/O
                         net (fo=849, unplaced)       1.699     3.413    system_top_wrapper/system_top/system_top_mipi_csi2_rx_0/system_top_mipi_csi2_rx_0_bd_a98f/bd_a98f_phy_0/bd_a98f_phy_0_core/bd_a98f_phy_0_c1/bd_a98f_phy_0_support/<hidden>
                         FDCE                                         r  system_top_wrapper/system_top/system_top_mipi_csi2_rx_0/system_top_mipi_csi2_rx_0_bd_a98f/bd_a98f_phy_0/bd_a98f_phy_0_core/bd_a98f_phy_0_c1/bd_a98f_phy_0_support/<hidden>
                         clock pessimism             -0.692     2.721    
                         FDCE (Remov_FDCE_C_CLR)     -0.018     2.703    system_top_wrapper/system_top/system_top_mipi_csi2_rx_0/system_top_mipi_csi2_rx_0_bd_a98f/bd_a98f_phy_0/bd_a98f_phy_0_core/bd_a98f_phy_0_c1/bd_a98f_phy_0_support/<hidden>
  -------------------------------------------------------------------
                         required time                         -2.703    
                         arrival time                           2.782    
  -------------------------------------------------------------------
                         slack                                  0.079    





