Copyright 1986-2022 Xilinx, Inc. All Rights Reserved. Copyright 2022-2025 Advanced Micro Devices, Inc. All Rights Reserved.
---------------------------------------------------------------------------------------------------------------------------------------------------------------------------------------------------------------------
| Tool Version : Vivado v.2025.2 (lin64) Build 6299465 Fri Nov 14 12:34:56 MST 2025
| Date         : Mon May 18 06:20:05 2026
| Host         : cloud-vm-44-108 running 64-bit Ubuntu 20.04.6 LTS
| Command      : report_utilization -hierarchical -hierarchical_depth 20 -file /home/cbt22/code/code_fyp/VisionSoC/fpga/build/mudkip2d128big1bram1chain2lanescale_fpga_maskopt-20260518-055430/utilization_synth.rpt
| Design       : system_top_wrapper
| Device       : xck26-sfvc784-2LV-c
| Speed File   : -2LV
| Design State : Synthesized
---------------------------------------------------------------------------------------------------------------------------------------------------------------------------------------------------------------------

Utilization Design Information

Table of Contents
-----------------
1. Utilization by Hierarchy

1. Utilization by Hierarchy
---------------------------

+---------------------------------------------------------------------------------------------------+----------------------------------------------------------------------------------------------+------------+------------+---------+------+--------+--------+--------+------+------------+
|                                              Instance                                             |                                            Module                                            | Total LUTs | Logic LUTs | LUTRAMs | SRLs |   FFs  | RAMB36 | RAMB18 | URAM | DSP Blocks |
+---------------------------------------------------------------------------------------------------+----------------------------------------------------------------------------------------------+------------+------------+---------+------+--------+--------+--------+------+------------+
| system_top_wrapper                                                                                |                                                                                        (top) |     104717 |     101686 |    2432 |  599 | 108017 |    143 |      2 |   16 |         31 |
|   (system_top_wrapper)                                                                            |                                                                                        (top) |          0 |          0 |       0 |    0 |      0 |      0 |      0 |    0 |          0 |
|   system_top_i                                                                                    |                                                                                   system_top |     104717 |     101686 |    2432 |  599 | 108017 |    143 |      2 |   16 |         31 |
|     zynq_ps                                                                                       |                                                                         system_top_zynq_ps_0 |        266 |        266 |       0 |    0 |      0 |      0 |      0 |    0 |          0 |
|       inst                                                                                        |                                  system_top_zynq_ps_0_zynq_ultra_ps_e_v3_5_8_zynq_ultra_ps_e |        266 |        266 |       0 |    0 |      0 |      0 |      0 |    0 |          0 |
|     axi_dma                                                                                       |                                                                         system_top_axi_dma_0 |       2014 |       1808 |       8 |  198 |   2692 |      4 |      2 |    0 |          0 |
|       U0                                                                                          |                                                                 system_top_axi_dma_0_axi_dma |       2014 |       1808 |       8 |  198 |   2692 |      4 |      2 |    0 |          0 |
|         I_PRMRY_DATAMOVER                                                                         |                                                           system_top_axi_dma_0_axi_datamover |       1793 |       1587 |       8 |  198 |   2204 |      4 |      2 |    0 |          0 |
|           GEN_MM2S_FULL.I_MM2S_FULL_WRAPPER                                                       |                                            system_top_axi_dma_0_axi_datamover_mm2s_full_wrap |        557 |        476 |       0 |   81 |    544 |      2 |      1 |    0 |          0 |
|             ENABLE_AXIS_SKID.I_MM2S_SKID_BUF                                                      |                                                system_top_axi_dma_0_axi_datamover_skid_buf_8 |         42 |         42 |       0 |    0 |     81 |      0 |      0 |    0 |          0 |
|             GEN_INCLUDE_MM2S_SF.I_RD_SF                                                           |                                                     system_top_axi_dma_0_axi_datamover_rd_sf |        122 |        120 |       0 |    2 |     61 |      2 |      1 |    0 |          0 |
|               I_DATA_FIFO                                                                         |                                              system_top_axi_dma_0_axi_datamover_sfifo_autord |        108 |        108 |       0 |    0 |     47 |      2 |      1 |    0 |          0 |
|                 (I_DATA_FIFO)                                                                     |                                              system_top_axi_dma_0_axi_datamover_sfifo_autord |         50 |         50 |       0 |    0 |      0 |      0 |      0 |    0 |          0 |
|                 BLK_MEM.I_SYNC_FIFOGEN_FIFO                                                       |                                                           system_top_axi_dma_0_xpm_fifo_sync |         58 |         58 |       0 |    0 |     47 |      2 |      1 |    0 |          0 |
|                   xpm_fifo_base_inst                                                              |                                                           system_top_axi_dma_0_xpm_fifo_base |         58 |         58 |       0 |    0 |     47 |      2 |      1 |    0 |          0 |
|             I_CMD_STATUS                                                                          |                                                system_top_axi_dma_0_axi_datamover_cmd_status |          7 |          7 |       0 |    0 |     68 |      0 |      0 |    0 |          0 |
|               I_CMD_FIFO                                                                          |                                                   system_top_axi_dma_0_axi_datamover_fifo_10 |          2 |          2 |       0 |    0 |     62 |      0 |      0 |    0 |          0 |
|             I_MSTR_PCC                                                                            |                                                       system_top_axi_dma_0_axi_datamover_pcc |        229 |        229 |       0 |    0 |    205 |      0 |      0 |    0 |          0 |
|             I_RD_DATA_CNTL                                                                        |                                               system_top_axi_dma_0_axi_datamover_rddata_cntl |        101 |         61 |       0 |   40 |     67 |      0 |      0 |    0 |          0 |
|               (I_RD_DATA_CNTL)                                                                    |                                               system_top_axi_dma_0_axi_datamover_rddata_cntl |         40 |         40 |       0 |    0 |     61 |      0 |      0 |    0 |          0 |
|               GEN_DATA_CNTL_FIFO.I_DATA_CNTL_FIFO                                                 |                                      system_top_axi_dma_0_axi_datamover_fifo__parameterized2 |         61 |         21 |       0 |   40 |      6 |      0 |      0 |    0 |          0 |
|                 USE_SRL_FIFO.I_SYNC_FIFO                                                          |                          system_top_axi_dma_0_axi_datamover_v5_1_37_srl_fifo__parameterized0 |         60 |         20 |       0 |   40 |      4 |      0 |      0 |    0 |          0 |
|           GEN_S2MM_FULL.I_S2MM_FULL_WRAPPER                                                       |                                            system_top_axi_dma_0_axi_datamover_s2mm_full_wrap |       1236 |       1111 |       8 |  117 |   1660 |      2 |      1 |    0 |          0 |
|             ENABLE_AXIS_SKID.I_S2MM_STRM_SKID_BUF                                                 |                                                  system_top_axi_dma_0_axi_datamover_skid_buf |         48 |         48 |       0 |    0 |     80 |      0 |      0 |    0 |          0 |
|             GEN_ENABLE_INDET_BTT_SF.I_INDET_BTT                                                   |                                                 system_top_axi_dma_0_axi_datamover_indet_btt |        317 |        309 |       8 |    0 |    575 |      2 |      1 |    0 |          0 |
|               (GEN_ENABLE_INDET_BTT_SF.I_INDET_BTT)                                               |                                                 system_top_axi_dma_0_axi_datamover_indet_btt |         16 |         16 |       0 |    0 |    172 |      0 |      0 |    0 |          0 |
|               ENABLE_AXIS_SKID.I_INDET_BTT_SKID_BUF                                               |                                  system_top_axi_dma_0_axi_datamover_skid_buf__parameterized0 |        158 |        158 |       0 |    0 |    306 |      0 |      0 |    0 |          0 |
|               I_DATA_FIFO                                                                         |                              system_top_axi_dma_0_axi_datamover_sfifo_autord__parameterized1 |         81 |         81 |       0 |    0 |     39 |      2 |      1 |    0 |          0 |
|               I_XD_FIFO                                                                           |                              system_top_axi_dma_0_axi_datamover_sfifo_autord__parameterized0 |         62 |         54 |       8 |    0 |     58 |      0 |      0 |    0 |          0 |
|                 NON_BLK_MEM.I_SYNC_FIFOGEN_FIFO                                                   |                                           system_top_axi_dma_0_xpm_fifo_sync__parameterized1 |         45 |         37 |       8 |    0 |     58 |      0 |      0 |    0 |          0 |
|                   xpm_fifo_base_inst                                                              |                                           system_top_axi_dma_0_xpm_fifo_base__parameterized0 |         45 |         37 |       8 |    0 |     58 |      0 |      0 |    0 |          0 |
|             GEN_INCLUDE_IBTTCC.I_S2MM_MSTR_IBTTCC                                                 |                                                    system_top_axi_dma_0_axi_datamover_ibttcc |        201 |        201 |       0 |    0 |    245 |      0 |      0 |    0 |          0 |
|             GEN_INCLUDE_REALIGNER.I_S2MM_REALIGNER                                                |                                              system_top_axi_dma_0_axi_datamover_s2mm_realign |        298 |        261 |       0 |   37 |    185 |      0 |      0 |    0 |          0 |
|               GEN_INCLUDE_SCATTER.I_S2MM_SCATTER                                                  |                                              system_top_axi_dma_0_axi_datamover_s2mm_scatter |        257 |        248 |       0 |    9 |    170 |      0 |      0 |    0 |          0 |
|                 (GEN_INCLUDE_SCATTER.I_S2MM_SCATTER)                                              |                                              system_top_axi_dma_0_axi_datamover_s2mm_scatter |         72 |         72 |       0 |    0 |     65 |      0 |      0 |    0 |          0 |
|                 I_MSSAI_SKID_BUF                                                                  |                                            system_top_axi_dma_0_axi_datamover_mssai_skid_buf |        139 |        139 |       0 |    0 |     83 |      0 |      0 |    0 |          0 |
|             I_CMD_STATUS                                                                          |                                system_top_axi_dma_0_axi_datamover_cmd_status__parameterized0 |         22 |         22 |       0 |    0 |     93 |      0 |      0 |    0 |          0 |
|               I_CMD_FIFO                                                                          |                                                      system_top_axi_dma_0_axi_datamover_fifo |          5 |          5 |       0 |    0 |     62 |      0 |      0 |    0 |          0 |
|             I_S2MM_MMAP_SKID_BUF                                                                  |                                               system_top_axi_dma_0_axi_datamover_skid2mm_buf |        132 |        132 |       0 |    0 |    295 |      0 |      0 |    0 |          0 |
|             I_WR_DATA_CNTL                                                                        |                                               system_top_axi_dma_0_axi_datamover_wrdata_cntl |        106 |         94 |       0 |   12 |     71 |      0 |      0 |    0 |          0 |
|               (I_WR_DATA_CNTL)                                                                    |                                               system_top_axi_dma_0_axi_datamover_wrdata_cntl |         65 |         65 |       0 |    0 |     65 |      0 |      0 |    0 |          0 |
|         INCLUDE_MM2S_SOF_EOF_GENERATOR.I_MM2S_DMA_MNGR                                            |                                                       system_top_axi_dma_0_axi_dma_mm2s_mngr |         17 |         17 |       0 |    0 |     73 |      0 |      0 |    0 |          0 |
|           GEN_MM2S_DMA_CONTROL.GEN_SIMPLE_DMA_MODE.I_MM2S_SMPL_SM                                 |                                                     system_top_axi_dma_0_axi_dma_smple_sm_20 |          9 |          9 |       0 |    0 |     62 |      0 |      0 |    0 |          0 |
|         INCLUDE_S2MM_SOF_EOF_GENERATOR.I_S2MM_DMA_MNGR                                            |                                                       system_top_axi_dma_0_axi_dma_s2mm_mngr |         29 |         29 |       0 |    0 |     98 |      0 |      0 |    0 |          0 |
|           GEN_S2MM_DMA_CONTROL.GEN_SIMPLE_DMA_MODE.I_S2MM_SMPL_SM                                 |                                                        system_top_axi_dma_0_axi_dma_smple_sm |          9 |          9 |       0 |    0 |     62 |      0 |      0 |    0 |          0 |
|         I_AXI_DMA_REG_MODULE                                                                      |                                                      system_top_axi_dma_0_axi_dma_reg_module |        136 |        136 |       0 |    0 |    261 |      0 |      0 |    0 |          0 |
|           GEN_S2MM_REGISTERS.I_S2MM_DMA_REGISTER                                                  |                                                   system_top_axi_dma_0_axi_dma_register_s2mm |         11 |         11 |       0 |    0 |     88 |      0 |      0 |    0 |          0 |
|           GEN_AXI_LITE_IF.AXI_LITE_IF_I                                                           |                                                         system_top_axi_dma_0_axi_dma_lite_if |        105 |        105 |       0 |    0 |     85 |      0 |      0 |    0 |          0 |
|           GEN_MM2S_REGISTERS.I_MM2S_DMA_REGISTER                                                  |                                                        system_top_axi_dma_0_axi_dma_register |         18 |         18 |       0 |    0 |     88 |      0 |      0 |    0 |          0 |
|     axi_reg_slice_hb                                                                              |                                                                system_top_axi_reg_slice_hb_0 |        547 |        547 |       0 |    0 |   1260 |      0 |      0 |    0 |          0 |
|       inst                                                                                        |                  system_top_axi_reg_slice_hb_0_axi_register_slice_v2_1_36_axi_register_slice |        547 |        547 |       0 |    0 |   1260 |      0 |      0 |    0 |          0 |
|         w15.w_multi                                                                               |           system_top_axi_reg_slice_hb_0_axi_register_slice_v2_1_36_multi_slr__parameterized0 |        205 |        205 |       0 |    0 |    443 |      0 |      0 |    0 |          0 |
|           single_slr.slr_master                                                                   |          system_top_axi_reg_slice_hb_0_axi_register_slice_v2_1_36_single_slr__parameterized0 |        205 |        205 |       0 |    0 |    443 |      0 |      0 |    0 |          0 |
|         ar15.ar_multi                                                                             |                           system_top_axi_reg_slice_hb_0_axi_register_slice_v2_1_36_multi_slr |         70 |         70 |       0 |    0 |    194 |      0 |      0 |    0 |          0 |
|           single_slr.slr_master                                                                   |                        system_top_axi_reg_slice_hb_0_axi_register_slice_v2_1_36_single_slr_1 |         70 |         70 |       0 |    0 |    194 |      0 |      0 |    0 |          0 |
|         aw15.aw_multi                                                                             |                         system_top_axi_reg_slice_hb_0_axi_register_slice_v2_1_36_multi_slr_0 |         72 |         72 |       0 |    0 |    199 |      0 |      0 |    0 |          0 |
|           single_slr.slr_master                                                                   |                          system_top_axi_reg_slice_hb_0_axi_register_slice_v2_1_36_single_slr |         72 |         72 |       0 |    0 |    199 |      0 |      0 |    0 |          0 |
|         r15.r_multi                                                                               |           system_top_axi_reg_slice_hb_0_axi_register_slice_v2_1_36_multi_slr__parameterized2 |        189 |        189 |       0 |    0 |    407 |      0 |      0 |    0 |          0 |
|           single_slr.slr_master                                                                   |          system_top_axi_reg_slice_hb_0_axi_register_slice_v2_1_36_single_slr__parameterized2 |        189 |        189 |       0 |    0 |    407 |      0 |      0 |    0 |          0 |
|     axis_data_fifo_cap                                                                            |                                                              system_top_axis_data_fifo_cap_0 |         20 |         20 |       0 |    0 |     61 |      0 |      0 |    0 |          0 |
|       inst                                                                                        |              system_top_axis_data_fifo_cap_0_axis_register_slice_v1_1_35_axis_register_slice |         20 |         20 |       0 |    0 |     61 |      0 |      0 |    0 |          0 |
|         axisc_register_slice_0                                                                    |             system_top_axis_data_fifo_cap_0_axis_register_slice_v1_1_35_axisc_register_slice |         19 |         19 |       0 |    0 |     60 |      0 |      0 |    0 |          0 |
|     axis_reg_slice_dma                                                                            |                                                              system_top_axis_reg_slice_dma_0 |         24 |         24 |       0 |    0 |     79 |      0 |      0 |    0 |          0 |
|       inst                                                                                        |              system_top_axis_reg_slice_dma_0_axis_register_slice_v1_1_35_axis_register_slice |         24 |         24 |       0 |    0 |     79 |      0 |      0 |    0 |          0 |
|         axisc_register_slice_0                                                                    |             system_top_axis_reg_slice_dma_0_axis_register_slice_v1_1_35_axisc_register_slice |         23 |         23 |       0 |    0 |     78 |      0 |      0 |    0 |          0 |
|     bram                                                                                          |                                                                            system_top_bram_0 |          0 |          0 |       0 |    0 |    128 |      0 |      0 |   16 |          0 |
|       inst                                                                                        |                                                            system_top_bram_0_uram_scratchpad |          0 |          0 |       0 |    0 |    128 |      0 |      0 |   16 |          0 |
|         u_uram                                                                                    |                                                           system_top_bram_0_xpm_memory_spram |          0 |          0 |       0 |    0 |    128 |      0 |      0 |   16 |          0 |
|           xpm_memory_base_inst                                                                    |                                                            system_top_bram_0_xpm_memory_base |          0 |          0 |       0 |    0 |    128 |      0 |      0 |   16 |          0 |
|     bram_ctrl                                                                                     |                                                                       system_top_bram_ctrl_0 |       1285 |        545 |     740 |    0 |    327 |      0 |      0 |    0 |          0 |
|       U0                                                                                          |                                                         system_top_bram_ctrl_0_axi_bram_ctrl |       1285 |        545 |     740 |    0 |    327 |      0 |      0 |    0 |          0 |
|         gext_inst.abcv4_0_ext_inst                                                                |                                                     system_top_bram_ctrl_0_axi_bram_ctrl_top |       1285 |        545 |     740 |    0 |    327 |      0 |      0 |    0 |          0 |
|           GEN_AXI4.I_FULL_AXI                                                                     |                                                              system_top_bram_ctrl_0_full_axi |       1285 |        545 |     740 |    0 |    327 |      0 |      0 |    0 |          0 |
|             I_WR_CHNL                                                                             |                                                               system_top_bram_ctrl_0_wr_chnl |         51 |         51 |       0 |    0 |    176 |      0 |      0 |    0 |          0 |
|               (I_WR_CHNL)                                                                         |                                                               system_top_bram_ctrl_0_wr_chnl |         22 |         22 |       0 |    0 |    159 |      0 |      0 |    0 |          0 |
|             I_RD_CHNL                                                                             |                                                               system_top_bram_ctrl_0_rd_chnl |       1207 |        467 |     740 |    0 |    129 |      0 |      0 |    0 |          0 |
|               (I_RD_CHNL)                                                                         |                                                               system_top_bram_ctrl_0_rd_chnl |       1160 |        420 |     740 |    0 |    112 |      0 |      0 |    0 |          0 |
|     mipi_csi2_rx                                                                                  |                                                                    system_top_mipi_csi2_rx_0 |       4386 |       4208 |     176 |    2 |   6096 |      5 |      0 |    0 |          0 |
|       inst                                                                                        |                                                            system_top_mipi_csi2_rx_0_bd_a98f |       4386 |       4208 |     176 |    2 |   6096 |      5 |      0 |    0 |          0 |
|         vfb_0                                                                                     |                                                                              bd_a98f_vfb_0_0 |        737 |        633 |     104 |    0 |   1188 |      4 |      0 |    0 |          0 |
|           inst                                                                                    |                                                                         bd_a98f_vfb_0_0_core |        737 |        633 |     104 |    0 |   1188 |      4 |      0 |    0 |          0 |
|             op_inf                                                                                |                                                           bd_a98f_vfb_0_0_vfb_v1_0_29_op_inf |         19 |         19 |       0 |    0 |    109 |      0 |      0 |    0 |          0 |
|             VFB_MIN.reorder                                                                       |                                                          bd_a98f_vfb_0_0_vfb_v1_0_29_reorder |        143 |        143 |       0 |    0 |    254 |      0 |      0 |    0 |          0 |
|             VFB_YUV420.YUV420                                                                     |                                                                     bd_a98f_vfb_0_0_fifo_yuv |        137 |         33 |     104 |    0 |    397 |      0 |      0 |    0 |          0 |
|               fifo_yuv_lines                                                                      |                                                                bd_a98f_vfb_0_0_xpm_fifo_axis |        131 |         27 |     104 |    0 |    397 |      0 |      0 |    0 |          0 |
|                 xpm_fifo_base_inst                                                                |                                                                bd_a98f_vfb_0_0_xpm_fifo_base |        129 |         25 |     104 |    0 |    393 |      0 |      0 |    0 |          0 |
|                   gen_sdpram.xpm_memory_base_inst                                                 |                                                              bd_a98f_vfb_0_0_xpm_memory_base |        104 |          0 |     104 |    0 |    364 |      0 |      0 |    0 |          0 |
|             VFB_YUV420_FXD_VC.axis_ycomp_dconverter                                               |                                                        bd_a98f_vfb_0_0_axis_ycomp_dconverter |        117 |        117 |       0 |    0 |    203 |      0 |      0 |    0 |          0 |
|               ydconverter                                                                         |                                                      bd_a98f_vfb_0_0_vfb_v1_0_29_ydconverter |        110 |        110 |       0 |    0 |    200 |      0 |      0 |    0 |          0 |
|             VFB_YUV420_FXD_VC.line_selector                                                       |                                                    bd_a98f_vfb_0_0_vfb_v1_0_29_line_selector |        120 |        120 |       0 |    0 |      1 |      0 |      0 |    0 |          0 |
|             VFB_YUV420_FXD_VC.ycomp_odd                                                           |                                                                   bd_a98f_vfb_0_0_fifo_ycomp |         82 |         82 |       0 |    0 |    104 |      4 |      0 |    0 |          0 |
|               fifo_ycomp                                                                          |                                                bd_a98f_vfb_0_0_xpm_fifo_axis__parameterized0 |         81 |         81 |       0 |    0 |    104 |      4 |      0 |    0 |          0 |
|                 xpm_fifo_base_inst                                                                |                                                bd_a98f_vfb_0_0_xpm_fifo_base__parameterized0 |         79 |         79 |       0 |    0 |    100 |      4 |      0 |    0 |          0 |
|             axis_dconverter                                                                       |                                                              bd_a98f_vfb_0_0_axis_dconverter |         84 |         84 |       0 |    0 |    115 |      0 |      0 |    0 |          0 |
|               axis_conv_inst                                                                      |                                                               bd_a98f_vfb_0_0_axis_converter |         63 |         63 |       0 |    0 |    115 |      0 |      0 |    0 |          0 |
|                 inst                                                                              |                          bd_a98f_vfb_0_0_axis_dwidth_converter_v1_1_34_axis_dwidth_converter |         63 |         63 |       0 |    0 |    115 |      0 |      0 |    0 |          0 |
|                   gen_downsizer_conversion.axisc_downsizer_0                                      |                                bd_a98f_vfb_0_0_axis_dwidth_converter_v1_1_34_axisc_downsizer |         62 |         62 |       0 |    0 |    114 |      0 |      0 |    0 |          0 |
|         phy                                                                                       |                                                                                bd_a98f_phy_0 |       1432 |       1432 |       0 |    0 |   1072 |      0 |      0 |    0 |          0 |
|           inst                                                                                    |                                                                           bd_a98f_phy_0_core |       1432 |       1432 |       0 |    0 |   1072 |      0 |      0 |    0 |          0 |
|             inst                                                                                  |                                                                             bd_a98f_phy_0_c1 |       1432 |       1432 |       0 |    0 |   1072 |      0 |      0 |    0 |          0 |
|               bd_a98f_phy_0_rx_support_i                                                          |                                                                        bd_a98f_phy_0_support |       1432 |       1432 |       0 |    0 |   1072 |      0 |      0 |    0 |          0 |
|                 slave_rx.u_rx_rst_logic                                                           |                                                 bd_a98f_phy_0_mipi_dphy_v4_3_17_rx_rst_logic |         82 |         82 |       0 |    0 |     44 |      0 |      0 |    0 |          0 |
|                 slave_rx.bd_a98f_phy_0_rx_hssio_i                                                 |                                                                       bd_a98f_phy_0_hssio_rx |         44 |         44 |       0 |    0 |    341 |      0 |      0 |    0 |          0 |
|                   inst                                                                            |                                       bd_a98f_phy_0_hssio_rx_high_speed_selectio_wiz_v3_6_11 |         44 |         44 |       0 |    0 |    341 |      0 |      0 |    0 |          0 |
|                     top_inst                                                                      |                                                         bd_a98f_phy_0_hssio_rx_hssio_wiz_top |         44 |         44 |       0 |    0 |    341 |      0 |      0 |    0 |          0 |
|                       (top_inst)                                                                  |                                                         bd_a98f_phy_0_hssio_rx_hssio_wiz_top |          2 |          2 |       0 |    0 |     84 |      0 |      0 |    0 |          0 |
|                       clk_rst_top_inst                                                            |                                    bd_a98f_phy_0_high_speed_selectio_wiz_v3_6_11_clk_rst_top |         40 |         40 |       0 |    0 |    250 |      0 |      0 |    0 |          0 |
|                         rst_scheme_inst                                                           |                                     bd_a98f_phy_0_high_speed_selectio_wiz_v3_6_11_rst_scheme |         40 |         40 |       0 |    0 |    250 |      0 |      0 |    0 |          0 |
|                           (rst_scheme_inst)                                                       |                                     bd_a98f_phy_0_high_speed_selectio_wiz_v3_6_11_rst_scheme |         18 |         18 |       0 |    0 |    201 |      0 |      0 |    0 |          0 |
|                 slave_rx.dphy_rx_fab_top                                                          |                                                   bd_a98f_phy_0_mipi_dphy_v4_3_17_rx_fab_top |       1283 |       1283 |       0 |    0 |    678 |      0 |      0 |    0 |          0 |
|                   gen_rx_data_lane[3].rx_data_lane_inst                                           |                                              bd_a98f_phy_0_mipi_dphy_v4_3_17_rx_data_lane_10 |        266 |        266 |       0 |    0 |    139 |      0 |      0 |    0 |          0 |
|                     gen_hs_high_rates_spec_v1_1.rx_sot_det_align_i                                |                                             bd_a98f_phy_0_mipi_dphy_v4_3_17_rx_sot_det_align |        129 |        129 |       0 |    0 |     46 |      0 |      0 |    0 |          0 |
|                       (gen_hs_high_rates_spec_v1_1.rx_sot_det_align_i)                            |                                             bd_a98f_phy_0_mipi_dphy_v4_3_17_rx_sot_det_align |        110 |        110 |       0 |    0 |     40 |      0 |      0 |    0 |          0 |
|                     gen_csi_rx_data_lane_sm.csi_rx_data_lane_sm                                   |                                          bd_a98f_phy_0_mipi_dphy_v4_3_17_csi_rx_data_lane_sm |        109 |        109 |       0 |    0 |     73 |      0 |      0 |    0 |          0 |
|                       (gen_csi_rx_data_lane_sm.csi_rx_data_lane_sm)                               |                                          bd_a98f_phy_0_mipi_dphy_v4_3_17_csi_rx_data_lane_sm |         41 |         41 |       0 |    0 |     61 |      0 |      0 |    0 |          0 |
|                   gen_csi_rx_clk_lane.dphy_rx_clk_lane                                            |                                              bd_a98f_phy_0_mipi_dphy_v4_3_17_csi_rx_clk_lane |         85 |         85 |       0 |    0 |     55 |      0 |      0 |    0 |          0 |
|                   gen_rx_data_lane[0].rx_data_lane_inst                                           |                                                 bd_a98f_phy_0_mipi_dphy_v4_3_17_rx_data_lane |        278 |        278 |       0 |    0 |    139 |      0 |      0 |    0 |          0 |
|                     gen_hs_high_rates_spec_v1_1.rx_sot_det_align_i                                |                                          bd_a98f_phy_0_mipi_dphy_v4_3_17_rx_sot_det_align_29 |        141 |        141 |       0 |    0 |     46 |      0 |      0 |    0 |          0 |
|                       (gen_hs_high_rates_spec_v1_1.rx_sot_det_align_i)                            |                                          bd_a98f_phy_0_mipi_dphy_v4_3_17_rx_sot_det_align_29 |        122 |        122 |       0 |    0 |     40 |      0 |      0 |    0 |          0 |
|                     gen_csi_rx_data_lane_sm.csi_rx_data_lane_sm                                   |                                       bd_a98f_phy_0_mipi_dphy_v4_3_17_csi_rx_data_lane_sm_28 |        109 |        109 |       0 |    0 |     73 |      0 |      0 |    0 |          0 |
|                       (gen_csi_rx_data_lane_sm.csi_rx_data_lane_sm)                               |                                       bd_a98f_phy_0_mipi_dphy_v4_3_17_csi_rx_data_lane_sm_28 |         38 |         38 |       0 |    0 |     61 |      0 |      0 |    0 |          0 |
|                   gen_rx_data_lane[1].rx_data_lane_inst                                           |                                               bd_a98f_phy_0_mipi_dphy_v4_3_17_rx_data_lane_8 |        265 |        265 |       0 |    0 |    139 |      0 |      0 |    0 |          0 |
|                     gen_hs_high_rates_spec_v1_1.rx_sot_det_align_i                                |                                          bd_a98f_phy_0_mipi_dphy_v4_3_17_rx_sot_det_align_23 |        129 |        129 |       0 |    0 |     46 |      0 |      0 |    0 |          0 |
|                       (gen_hs_high_rates_spec_v1_1.rx_sot_det_align_i)                            |                                          bd_a98f_phy_0_mipi_dphy_v4_3_17_rx_sot_det_align_23 |        110 |        110 |       0 |    0 |     40 |      0 |      0 |    0 |          0 |
|                     gen_csi_rx_data_lane_sm.csi_rx_data_lane_sm                                   |                                       bd_a98f_phy_0_mipi_dphy_v4_3_17_csi_rx_data_lane_sm_22 |        108 |        108 |       0 |    0 |     73 |      0 |      0 |    0 |          0 |
|                       (gen_csi_rx_data_lane_sm.csi_rx_data_lane_sm)                               |                                       bd_a98f_phy_0_mipi_dphy_v4_3_17_csi_rx_data_lane_sm_22 |         39 |         39 |       0 |    0 |     61 |      0 |      0 |    0 |          0 |
|                   gen_rx_data_lane[2].rx_data_lane_inst                                           |                                               bd_a98f_phy_0_mipi_dphy_v4_3_17_rx_data_lane_9 |        265 |        265 |       0 |    0 |    139 |      0 |      0 |    0 |          0 |
|                     gen_hs_high_rates_spec_v1_1.rx_sot_det_align_i                                |                                          bd_a98f_phy_0_mipi_dphy_v4_3_17_rx_sot_det_align_17 |        129 |        129 |       0 |    0 |     46 |      0 |      0 |    0 |          0 |
|                       (gen_hs_high_rates_spec_v1_1.rx_sot_det_align_i)                            |                                          bd_a98f_phy_0_mipi_dphy_v4_3_17_rx_sot_det_align_17 |        110 |        110 |       0 |    0 |     40 |      0 |      0 |    0 |          0 |
|                     gen_csi_rx_data_lane_sm.csi_rx_data_lane_sm                                   |                                       bd_a98f_phy_0_mipi_dphy_v4_3_17_csi_rx_data_lane_sm_16 |        108 |        108 |       0 |    0 |     73 |      0 |      0 |    0 |          0 |
|                       (gen_csi_rx_data_lane_sm.csi_rx_data_lane_sm)                               |                                       bd_a98f_phy_0_mipi_dphy_v4_3_17_csi_rx_data_lane_sm_16 |         42 |         42 |       0 |    0 |     61 |      0 |      0 |    0 |          0 |
|         rx                                                                                        |                                                                                 bd_a98f_rx_0 |       2198 |       2125 |      72 |    1 |   3796 |      1 |      0 |    0 |          0 |
|           mipi_csi2_rx_ctrl_v1_0_14_top_dut                                                       |                                                   bd_a98f_rx_0_mipi_csi2_rx_ctrl_v1_0_14_top |       2198 |       2125 |      72 |    1 |   3796 |      1 |      0 |    0 |          0 |
|             stream                                                                                |                                                bd_a98f_rx_0_mipi_csi2_rx_ctrl_v1_0_14_stream |        218 |        218 |       0 |    0 |    577 |      0 |      0 |    0 |          0 |
|             AXI_LITE.isr_cdc                                                                      |                                               bd_a98f_rx_0_mipi_csi2_rx_ctrl_v1_0_14_isr_cdc |        208 |        208 |       0 |    0 |    720 |      0 |      0 |    0 |          0 |
|               (AXI_LITE.isr_cdc)                                                                  |                                               bd_a98f_rx_0_mipi_csi2_rx_ctrl_v1_0_14_isr_cdc |        114 |        114 |       0 |    0 |    136 |      0 |      0 |    0 |          0 |
|             AXI_LITE.reg_inf                                                                      |                                               bd_a98f_rx_0_mipi_csi2_rx_ctrl_v1_0_14_reg_inf |        484 |        468 |      16 |    0 |   1035 |      0 |      0 |    0 |          0 |
|               (AXI_LITE.reg_inf)                                                                  |                                               bd_a98f_rx_0_mipi_csi2_rx_ctrl_v1_0_14_reg_inf |        277 |        277 |       0 |    0 |    542 |      0 |      0 |    0 |          0 |
|               gen_spkt_fifo                                                                       |                                         bd_a98f_rx_0_mipi_csi2_rx_ctrl_v1_0_14_gen_spkt_fifo |        201 |        185 |      16 |    0 |    188 |      0 |      0 |    0 |          0 |
|                 (gen_spkt_fifo)                                                                   |                                         bd_a98f_rx_0_mipi_csi2_rx_ctrl_v1_0_14_gen_spkt_fifo |         77 |         77 |       0 |    0 |      0 |      0 |      0 |    0 |          0 |
|                 generic_pkt                                                                       |                                                                  bd_a98f_rx_0_xpm_fifo_async |        123 |        107 |      16 |    0 |    185 |      0 |      0 |    0 |          0 |
|                   gnuram_async_fifo.xpm_fifo_base_inst                                            |                                                   bd_a98f_rx_0_xpm_fifo_base__parameterized1 |        123 |        107 |      16 |    0 |    185 |      0 |      0 |    0 |          0 |
|               img_info_cdc                                                                        |                                               bd_a98f_rx_0_xpm_cdc_handshake__parameterized1 |          2 |          2 |       0 |    0 |     61 |      0 |      0 |    0 |          0 |
|                 (img_info_cdc)                                                                    |                                               bd_a98f_rx_0_xpm_cdc_handshake__parameterized1 |          2 |          2 |       0 |    0 |     55 |      0 |      0 |    0 |          0 |
|               xpm_array_single_01                                                                 |                                            bd_a98f_rx_0_xpm_cdc_array_single__parameterized1 |          0 |          0 |       0 |    0 |    184 |      0 |      0 |    0 |          0 |
|             LANE_1.ppi_fifo0                                                                      |                                              bd_a98f_rx_0_mipi_csi2_rx_ctrl_v1_0_14_ppi_fifo |         31 |         23 |       8 |    0 |     51 |      0 |      0 |    0 |          0 |
|               CSI_OPT3_OFF.ppi_fifo                                                               |                                                                bd_a98f_rx_0_xpm_fifo_sync__1 |         31 |         23 |       8 |    0 |     51 |      0 |      0 |    0 |          0 |
|                 xpm_fifo_base_inst                                                                |                                                                bd_a98f_rx_0_xpm_fifo_base__1 |         31 |         23 |       8 |    0 |     51 |      0 |      0 |    0 |          0 |
|             LANE_2.ppi_fifo1                                                                      |                                            bd_a98f_rx_0_mipi_csi2_rx_ctrl_v1_0_14_ppi_fifo_0 |         33 |         25 |       8 |    0 |     51 |      0 |      0 |    0 |          0 |
|               CSI_OPT3_OFF.ppi_fifo                                                               |                                                                bd_a98f_rx_0_xpm_fifo_sync__2 |         31 |         23 |       8 |    0 |     51 |      0 |      0 |    0 |          0 |
|                 xpm_fifo_base_inst                                                                |                                                                bd_a98f_rx_0_xpm_fifo_base__2 |         31 |         23 |       8 |    0 |     51 |      0 |      0 |    0 |          0 |
|             LANE_3.ppi_fifo2                                                                      |                                            bd_a98f_rx_0_mipi_csi2_rx_ctrl_v1_0_14_ppi_fifo_2 |         36 |         28 |       8 |    0 |     51 |      0 |      0 |    0 |          0 |
|               CSI_OPT3_OFF.ppi_fifo                                                               |                                                                bd_a98f_rx_0_xpm_fifo_sync__3 |         31 |         23 |       8 |    0 |     51 |      0 |      0 |    0 |          0 |
|                 xpm_fifo_base_inst                                                                |                                                                bd_a98f_rx_0_xpm_fifo_base__3 |         31 |         23 |       8 |    0 |     51 |      0 |      0 |    0 |          0 |
|             LANE_4.ppi_fifo3                                                                      |                                            bd_a98f_rx_0_mipi_csi2_rx_ctrl_v1_0_14_ppi_fifo_4 |         33 |         25 |       8 |    0 |     51 |      0 |      0 |    0 |          0 |
|               CSI_OPT3_OFF.ppi_fifo                                                               |                                                                   bd_a98f_rx_0_xpm_fifo_sync |         31 |         23 |       8 |    0 |     51 |      0 |      0 |    0 |          0 |
|                 xpm_fifo_base_inst                                                                |                                                                   bd_a98f_rx_0_xpm_fifo_base |         31 |         23 |       8 |    0 |     51 |      0 |      0 |    0 |          0 |
|             RX_1500M.line_buffer                                                                  |                                           bd_a98f_rx_0_mipi_csi2_rx_ctrl_v1_0_14_line_buffer |         68 |         68 |       0 |    0 |     52 |      1 |      0 |    0 |          0 |
|               line_buf                                                                            |                                                   bd_a98f_rx_0_xpm_fifo_sync__parameterized0 |         65 |         65 |       0 |    0 |     52 |      1 |      0 |    0 |          0 |
|                 xpm_fifo_base_inst                                                                |                                                   bd_a98f_rx_0_xpm_fifo_base__parameterized0 |         65 |         65 |       0 |    0 |     52 |      1 |      0 |    0 |          0 |
|             control                                                                               |                                               bd_a98f_rx_0_mipi_csi2_rx_ctrl_v1_0_14_control |         71 |         71 |       0 |    0 |    103 |      0 |      0 |    0 |          0 |
|             crc                                                                                   |                                                   bd_a98f_rx_0_mipi_csi2_rx_ctrl_v1_0_14_crc |        179 |        179 |       0 |    0 |    104 |      0 |      0 |    0 |          0 |
|               (crc)                                                                               |                                                   bd_a98f_rx_0_mipi_csi2_rx_ctrl_v1_0_14_crc |          0 |          0 |       0 |    0 |     55 |      0 |      0 |    0 |          0 |
|               CSI_OPT1_OFF.crc_32b_i                                                              |                                                  bd_a98f_rx_0_mipi_csi2_rx_ctrl_v1_0_14_crc0 |        179 |        179 |       0 |    0 |     49 |      0 |      0 |    0 |          0 |
|             data                                                                                  |                                                  bd_a98f_rx_0_mipi_csi2_rx_ctrl_v1_0_14_data |        225 |        225 |       0 |    0 |    353 |      0 |      0 |    0 |          0 |
|             gen_pkt_fifo                                                                          |                                              bd_a98f_rx_0_mipi_csi2_rx_ctrl_v1_0_14_pkt_fifo |        160 |        136 |      24 |    0 |    192 |      0 |      0 |    0 |          0 |
|               pkt_fifo                                                                            |                                                  bd_a98f_rx_0_xpm_fifo_async__parameterized0 |        131 |        107 |      24 |    0 |    192 |      0 |      0 |    0 |          0 |
|                 gnuram_async_fifo.xpm_fifo_base_inst                                              |                                                   bd_a98f_rx_0_xpm_fifo_base__parameterized2 |        131 |        107 |      24 |    0 |    192 |      0 |      0 |    0 |          0 |
|             lane_merger                                                                           |                                           bd_a98f_rx_0_mipi_csi2_rx_ctrl_v1_0_14_lane_merger |        133 |        133 |       0 |    0 |     85 |      0 |      0 |    0 |          0 |
|             phecc                                                                                 |                                                 bd_a98f_rx_0_mipi_csi2_rx_ctrl_v1_0_14_phecc |        282 |        282 |       0 |    0 |    181 |      0 |      0 |    0 |          0 |
|     sensor_iic                                                                                    |                                                                      system_top_sensor_iic_0 |        383 |        365 |       0 |   18 |    363 |      0 |      0 |    0 |          0 |
|       U0                                                                                          |                                                              system_top_sensor_iic_0_axi_iic |        383 |        365 |       0 |   18 |    363 |      0 |      0 |    0 |          0 |
|         X_IIC                                                                                     |                                                                  system_top_sensor_iic_0_iic |        383 |        365 |       0 |   18 |    363 |      0 |      0 |    0 |          0 |
|           X_AXI_IPIF_SSP1                                                                         |                                                        system_top_sensor_iic_0_axi_ipif_ssp1 |        135 |        135 |       0 |    0 |     91 |      0 |      0 |    0 |          0 |
|             AXI_LITE_IPIF_I                                                                       |                                                        system_top_sensor_iic_0_axi_lite_ipif |        117 |        117 |       0 |    0 |     63 |      0 |      0 |    0 |          0 |
|               I_SLAVE_ATTACHMENT                                                                  |                                                     system_top_sensor_iic_0_slave_attachment |        117 |        117 |       0 |    0 |     63 |      0 |      0 |    0 |          0 |
|                 (I_SLAVE_ATTACHMENT)                                                              |                                                     system_top_sensor_iic_0_slave_attachment |         54 |         54 |       0 |    0 |     38 |      0 |      0 |    0 |          0 |
|                 I_DECODER                                                                         |                                                      system_top_sensor_iic_0_address_decoder |         63 |         63 |       0 |    0 |     25 |      0 |      0 |    0 |          0 |
|           IIC_CONTROL_I                                                                           |                                                          system_top_sensor_iic_0_iic_control |        129 |        129 |       0 |    0 |    113 |      0 |      0 |    0 |          0 |
|             (IIC_CONTROL_I)                                                                       |                                                          system_top_sensor_iic_0_iic_control |         64 |         64 |       0 |    0 |     75 |      0 |      0 |    0 |          0 |
|           REG_INTERFACE_I                                                                         |                                                        system_top_sensor_iic_0_reg_interface |         58 |         58 |       0 |    0 |    116 |      0 |      0 |    0 |          0 |
|     smartconnect_ctrl                                                                             |                                                               system_top_smartconnect_ctrl_0 |       1038 |       1037 |       0 |    1 |   1102 |      0 |      0 |    0 |          0 |
|       inst                                                                                        |                                                       system_top_smartconnect_ctrl_0_bd_1cbc |       1038 |       1037 |       0 |    1 |   1102 |      0 |      0 |    0 |          0 |
|         s00_entry_pipeline                                                                        |                                system_top_smartconnect_ctrl_0_s00_entry_pipeline_imp_1M29BRS |        724 |        724 |       0 |    0 |    673 |      0 |      0 |    0 |          0 |
|           s00_mmu                                                                                 |                                              system_top_smartconnect_ctrl_0_bd_1cbc_s00mmu_0 |        238 |        238 |       0 |    0 |    271 |      0 |      0 |    0 |          0 |
|             inst                                                                                  |                                            system_top_smartconnect_ctrl_0_sc_mmu_v1_0_16_top |        238 |        238 |       0 |    0 |    271 |      0 |      0 |    0 |          0 |
|               (inst)                                                                              |                                            system_top_smartconnect_ctrl_0_sc_mmu_v1_0_16_top |         74 |         74 |       0 |    0 |     21 |      0 |      0 |    0 |          0 |
|               ar_reg_stall                                                                        |                  system_top_smartconnect_ctrl_0_sc_util_v1_0_4_axi_reg_stall__parameterized0 |         50 |         50 |       0 |    0 |     98 |      0 |      0 |    0 |          0 |
|               aw_reg_stall                                                                        |               system_top_smartconnect_ctrl_0_sc_util_v1_0_4_axi_reg_stall__parameterized0_14 |         45 |         45 |       0 |    0 |     98 |      0 |      0 |    0 |          0 |
|               gen_endpoint.decerr_slave_inst                                                      |                                   system_top_smartconnect_ctrl_0_sc_mmu_v1_0_16_decerr_slave |         56 |         56 |       0 |    0 |     49 |      0 |      0 |    0 |          0 |
|           s00_si_converter                                                                        |                                              system_top_smartconnect_ctrl_0_bd_1cbc_s00sic_0 |        476 |        476 |       0 |    0 |    362 |      0 |      0 |    0 |          0 |
|             inst                                                                                  |                                   system_top_smartconnect_ctrl_0_sc_si_converter_v1_0_16_top |        476 |        476 |       0 |    0 |    362 |      0 |      0 |    0 |          0 |
|               gen_axilite_conv.axilite_conv_inst                                                  |                          system_top_smartconnect_ctrl_0_sc_si_converter_v1_0_16_axilite_conv |        474 |        474 |       0 |    0 |    358 |      0 |      0 |    0 |          0 |
|         switchboards                                                                              |                                      system_top_smartconnect_ctrl_0_switchboards_imp_1CKKC0M |        147 |        147 |       0 |    0 |    206 |      0 |      0 |    0 |          0 |
|           i_nodes                                                                                 |                                            system_top_smartconnect_ctrl_0_i_nodes_imp_TQHKHA |        111 |        111 |       0 |    0 |    206 |      0 |      0 |    0 |          0 |
|             i_r_node                                                                              |                                                 system_top_smartconnect_ctrl_0_bd_1cbc_rni_0 |         33 |         33 |       0 |    0 |     64 |      0 |      0 |    0 |          0 |
|               inst                                                                                |                          system_top_smartconnect_ctrl_0_sc_node_v1_0_19_top__parameterized12 |         33 |         33 |       0 |    0 |     64 |      0 |      0 |    0 |          0 |
|             i_w_node                                                                              |                                                 system_top_smartconnect_ctrl_0_bd_1cbc_wni_0 |         15 |         15 |       0 |    0 |     52 |      0 |      0 |    0 |          0 |
|               inst                                                                                |                          system_top_smartconnect_ctrl_0_sc_node_v1_0_19_top__parameterized13 |         15 |         15 |       0 |    0 |     52 |      0 |      0 |    0 |          0 |
|     smartconnect_hb                                                                               |                                                                 system_top_smartconnect_hb_0 |       5966 |       4776 |    1104 |   86 |   9103 |      0 |      0 |    0 |          0 |
|       inst                                                                                        |                                                         system_top_smartconnect_hb_0_bd_97f1 |       5966 |       4776 |    1104 |   86 |   9103 |      0 |      0 |    0 |          0 |
|         switchboards                                                                              |                                        system_top_smartconnect_hb_0_switchboards_imp_1Q5OWAX |        464 |        464 |       0 |    0 |    924 |      0 |      0 |    0 |          0 |
|           ar_switchboard                                                                          |                                                  system_top_smartconnect_hb_0_bd_97f1_arsw_0 |         84 |         84 |       0 |    0 |    168 |      0 |      0 |    0 |          0 |
|             inst                                                                                  |                                       system_top_smartconnect_hb_0_sc_switchboard_v1_0_9_top |         84 |         84 |       0 |    0 |    168 |      0 |      0 |    0 |          0 |
|               gen_mi[1].inst_opipe_payld                                                          |                     system_top_smartconnect_hb_0_sc_util_v1_0_4_pipeline__parameterized10_11 |          0 |          0 |       0 |    0 |     84 |      0 |      0 |    0 |          0 |
|               gen_mi[0].inst_opipe_payld                                                          |                      system_top_smartconnect_hb_0_sc_util_v1_0_4_pipeline__parameterized10_9 |          0 |          0 |       0 |    0 |     84 |      0 |      0 |    0 |          0 |
|           aw_switchboard                                                                          |                                                  system_top_smartconnect_hb_0_bd_97f1_awsw_0 |         84 |         84 |       0 |    0 |    168 |      0 |      0 |    0 |          0 |
|             inst                                                                                  |                                    system_top_smartconnect_hb_0_sc_switchboard_v1_0_9_top__1 |         84 |         84 |       0 |    0 |    168 |      0 |      0 |    0 |          0 |
|               gen_mi[1].inst_opipe_payld                                                          |                      system_top_smartconnect_hb_0_sc_util_v1_0_4_pipeline__parameterized10_7 |          0 |          0 |       0 |    0 |     84 |      0 |      0 |    0 |          0 |
|               gen_mi[0].inst_opipe_payld                                                          |                        system_top_smartconnect_hb_0_sc_util_v1_0_4_pipeline__parameterized10 |          0 |          0 |       0 |    0 |     84 |      0 |      0 |    0 |          0 |
|           r_switchboard                                                                           |                                                   system_top_smartconnect_hb_0_bd_97f1_rsw_0 |        138 |        138 |       0 |    0 |    276 |      0 |      0 |    0 |          0 |
|             inst                                                                                  |                       system_top_smartconnect_hb_0_sc_switchboard_v1_0_9_top__parameterized1 |        138 |        138 |       0 |    0 |    276 |      0 |      0 |    0 |          0 |
|               gen_mi[1].inst_opipe_payld                                                          |                      system_top_smartconnect_hb_0_sc_util_v1_0_4_pipeline__parameterized12_3 |          0 |          0 |       0 |    0 |    138 |      0 |      0 |    0 |          0 |
|               gen_mi[0].inst_mux_payld                                                            |                              system_top_smartconnect_hb_0_sc_util_v1_0_4_mux__parameterized1 |         69 |         69 |       0 |    0 |      0 |      0 |      0 |    0 |          0 |
|               gen_mi[0].inst_opipe_payld                                                          |                        system_top_smartconnect_hb_0_sc_util_v1_0_4_pipeline__parameterized12 |          0 |          0 |       0 |    0 |    138 |      0 |      0 |    0 |          0 |
|               gen_mi[1].inst_mux_payld                                                            |                            system_top_smartconnect_hb_0_sc_util_v1_0_4_mux__parameterized1_2 |         69 |         69 |       0 |    0 |      0 |      0 |      0 |    0 |          0 |
|           w_switchboard                                                                           |                                                   system_top_smartconnect_hb_0_bd_97f1_wsw_0 |        150 |        150 |       0 |    0 |    298 |      0 |      0 |    0 |          0 |
|             inst                                                                                  |                       system_top_smartconnect_hb_0_sc_switchboard_v1_0_9_top__parameterized2 |        150 |        150 |       0 |    0 |    298 |      0 |      0 |    0 |          0 |
|               gen_mi[1].inst_opipe_payld                                                          |                      system_top_smartconnect_hb_0_sc_util_v1_0_4_pipeline__parameterized13_1 |          0 |          0 |       0 |    0 |    149 |      0 |      0 |    0 |          0 |
|               gen_mi[0].inst_mux_payld                                                            |                              system_top_smartconnect_hb_0_sc_util_v1_0_4_mux__parameterized2 |         75 |         75 |       0 |    0 |      0 |      0 |      0 |    0 |          0 |
|               gen_mi[0].inst_opipe_payld                                                          |                        system_top_smartconnect_hb_0_sc_util_v1_0_4_pipeline__parameterized13 |          0 |          0 |       0 |    0 |    149 |      0 |      0 |    0 |          0 |
|               gen_mi[1].inst_mux_payld                                                            |                            system_top_smartconnect_hb_0_sc_util_v1_0_4_mux__parameterized2_0 |         75 |         75 |       0 |    0 |      0 |      0 |      0 |    0 |          0 |
|         m00_exit_pipeline                                                                         |                                    system_top_smartconnect_hb_0_m00_exit_pipeline_imp_85IVT0 |        322 |        304 |       0 |   18 |    832 |      0 |      0 |    0 |          0 |
|           m00_exit                                                                                |                                                  system_top_smartconnect_hb_0_bd_97f1_m00e_0 |        322 |        304 |       0 |   18 |    832 |      0 |      0 |    0 |          0 |
|             inst                                                                                  |                                             system_top_smartconnect_hb_0_sc_exit_v1_0_18_top |        322 |        304 |       0 |   18 |    832 |      0 |      0 |    0 |          0 |
|               w_reg                                                                               |                                system_top_smartconnect_hb_0_sc_util_v1_0_4_axi_reg_stall_376 |         79 |         79 |       0 |    0 |    294 |      0 |      0 |    0 |          0 |
|               ar_reg                                                                              |                                system_top_smartconnect_hb_0_sc_util_v1_0_4_axi_reg_stall_372 |         41 |         41 |       0 |    0 |    112 |      0 |      0 |    0 |          0 |
|               aw_reg                                                                              |                                system_top_smartconnect_hb_0_sc_util_v1_0_4_axi_reg_stall_373 |         41 |         41 |       0 |    0 |    112 |      0 |      0 |    0 |          0 |
|               exit_inst                                                                           |                                            system_top_smartconnect_hb_0_sc_exit_v1_0_18_exit |         79 |         61 |       0 |   18 |     35 |      0 |      0 |    0 |          0 |
|                 gen_r_cmd_fifo.r_cmd_fifo                                                         |                            system_top_smartconnect_hb_0_sc_util_v1_0_4_axic_reg_srl_fifo_377 |         56 |         40 |       0 |   16 |     24 |      0 |      0 |    0 |          0 |
|               r_reg                                                                               |                                system_top_smartconnect_hb_0_sc_util_v1_0_4_axi_reg_stall_375 |         73 |         73 |       0 |    0 |    266 |      0 |      0 |    0 |          0 |
|         m00_nodes                                                                                 |                                            system_top_smartconnect_hb_0_m00_nodes_imp_LGK3OO |        713 |        435 |     276 |    2 |    771 |      0 |      0 |    0 |          0 |
|           m00_ar_node                                                                             |                                                system_top_smartconnect_hb_0_bd_97f1_m00arn_0 |        126 |         78 |      48 |    0 |    135 |      0 |      0 |    0 |          0 |
|             inst                                                                                  |                                             system_top_smartconnect_hb_0_sc_node_v1_0_19_top |        126 |         78 |      48 |    0 |    135 |      0 |      0 |    0 |          0 |
|               inst_mi_handler                                                                     |                                  system_top_smartconnect_hb_0_sc_node_v1_0_19_mi_handler_355 |        108 |         60 |      48 |    0 |    116 |      0 |      0 |    0 |          0 |
|                 gen_normal_area.inst_fifo_node_payld                                              |                        system_top_smartconnect_hb_0_sc_node_v1_0_19_fifo__parameterized0_361 |         74 |         26 |      48 |    0 |     92 |      0 |      0 |    0 |          0 |
|                   gen_xpm_memory_fifo.inst_fifo                                                   |              system_top_smartconnect_hb_0_sc_util_v1_0_4_xpm_memory_fifo__parameterized0_364 |         74 |         26 |      48 |    0 |     92 |      0 |      0 |    0 |          0 |
|                     gen_mem_rep[0].inst_xpm_memory                                                |                               system_top_smartconnect_hb_0_xpm_memory_sdpram__parameterized0 |         48 |          0 |      48 |    0 |     71 |      0 |      0 |    0 |          0 |
|                       xpm_memory_base_inst                                                        |                                 system_top_smartconnect_hb_0_xpm_memory_base__parameterized0 |         48 |          0 |      48 |    0 |     71 |      0 |      0 |    0 |          0 |
|           m00_aw_node                                                                             |                                                system_top_smartconnect_hb_0_bd_97f1_m00awn_0 |        137 |         95 |      40 |    2 |    137 |      0 |      0 |    0 |          0 |
|             inst                                                                                  |                             system_top_smartconnect_hb_0_sc_node_v1_0_19_top__parameterized0 |        137 |         95 |      40 |    2 |    137 |      0 |      0 |    0 |          0 |
|               inst_mi_handler                                                                     |                  system_top_smartconnect_hb_0_sc_node_v1_0_19_mi_handler__parameterized0_335 |        100 |         60 |      40 |    0 |    109 |      0 |      0 |    0 |          0 |
|                 gen_normal_area.inst_fifo_node_payld                                              |                        system_top_smartconnect_hb_0_sc_node_v1_0_19_fifo__parameterized0_344 |         66 |         26 |      40 |    0 |     85 |      0 |      0 |    0 |          0 |
|                   gen_xpm_memory_fifo.inst_fifo                                                   |              system_top_smartconnect_hb_0_sc_util_v1_0_4_xpm_memory_fifo__parameterized0_347 |         66 |         26 |      40 |    0 |     85 |      0 |      0 |    0 |          0 |
|                     gen_mem_rep[0].inst_xpm_memory                                                |                            system_top_smartconnect_hb_0_xpm_memory_sdpram__parameterized0__1 |         40 |          0 |      40 |    0 |     64 |      0 |      0 |    0 |          0 |
|                       xpm_memory_base_inst                                                        |                              system_top_smartconnect_hb_0_xpm_memory_base__parameterized0__1 |         40 |          0 |      40 |    0 |     64 |      0 |      0 |    0 |          0 |
|           m00_b_node                                                                              |                                                 system_top_smartconnect_hb_0_bd_97f1_m00bn_0 |         93 |         81 |      12 |    0 |     73 |      0 |      0 |    0 |          0 |
|             inst                                                                                  |                             system_top_smartconnect_hb_0_sc_node_v1_0_19_top__parameterized1 |         93 |         81 |      12 |    0 |     73 |      0 |      0 |    0 |          0 |
|               inst_mi_handler                                                                     |                  system_top_smartconnect_hb_0_sc_node_v1_0_19_mi_handler__parameterized1_322 |         87 |         75 |      12 |    0 |     65 |      0 |      0 |    0 |          0 |
|           m00_r_node                                                                              |                                                 system_top_smartconnect_hb_0_bd_97f1_m00rn_0 |        165 |         81 |      84 |    0 |    204 |      0 |      0 |    0 |          0 |
|             inst                                                                                  |                             system_top_smartconnect_hb_0_sc_node_v1_0_19_top__parameterized2 |        165 |         81 |      84 |    0 |    204 |      0 |      0 |    0 |          0 |
|               inst_mi_handler                                                                     |                  system_top_smartconnect_hb_0_sc_node_v1_0_19_mi_handler__parameterized2_309 |        159 |         75 |      84 |    0 |    196 |      0 |      0 |    0 |          0 |
|                 gen_normal_area.inst_fifo_node_payld                                              |                        system_top_smartconnect_hb_0_sc_node_v1_0_19_fifo__parameterized3_312 |        115 |         35 |      80 |    0 |    160 |      0 |      0 |    0 |          0 |
|                   gen_xpm_memory_fifo.inst_fifo                                                   |              system_top_smartconnect_hb_0_sc_util_v1_0_4_xpm_memory_fifo__parameterized3_314 |        115 |         35 |      80 |    0 |    160 |      0 |      0 |    0 |          0 |
|                     gen_mem_rep[0].inst_xpm_memory                                                |                               system_top_smartconnect_hb_0_xpm_memory_sdpram__parameterized3 |         80 |          0 |      80 |    0 |    138 |      0 |      0 |    0 |          0 |
|                       xpm_memory_base_inst                                                        |                                 system_top_smartconnect_hb_0_xpm_memory_base__parameterized3 |         80 |          0 |      80 |    0 |    138 |      0 |      0 |    0 |          0 |
|           m00_w_node                                                                              |                                                 system_top_smartconnect_hb_0_bd_97f1_m00wn_0 |        192 |        100 |      92 |    0 |    222 |      0 |      0 |    0 |          0 |
|             inst                                                                                  |                             system_top_smartconnect_hb_0_sc_node_v1_0_19_top__parameterized3 |        192 |        100 |      92 |    0 |    222 |      0 |      0 |    0 |          0 |
|               inst_mi_handler                                                                     |                  system_top_smartconnect_hb_0_sc_node_v1_0_19_mi_handler__parameterized3_281 |        151 |         63 |      88 |    0 |    191 |      0 |      0 |    0 |          0 |
|                 gen_normal_area.inst_fifo_node_payld                                              |                        system_top_smartconnect_hb_0_sc_node_v1_0_19_fifo__parameterized5_297 |        115 |         27 |      88 |    0 |    166 |      0 |      0 |    0 |          0 |
|                   gen_xpm_memory_fifo.inst_fifo                                                   |              system_top_smartconnect_hb_0_sc_util_v1_0_4_xpm_memory_fifo__parameterized5_301 |        115 |         27 |      88 |    0 |    166 |      0 |      0 |    0 |          0 |
|                     gen_mem_rep[0].inst_xpm_memory                                                |                               system_top_smartconnect_hb_0_xpm_memory_sdpram__parameterized5 |         88 |          0 |      88 |    0 |    145 |      0 |      0 |    0 |          0 |
|                       xpm_memory_base_inst                                                        |                                 system_top_smartconnect_hb_0_xpm_memory_base__parameterized5 |         88 |          0 |      88 |    0 |    145 |      0 |      0 |    0 |          0 |
|         m01_exit_pipeline                                                                         |                                    system_top_smartconnect_hb_0_m01_exit_pipeline_imp_2UT1DW |        310 |        292 |       0 |   18 |    780 |      0 |      0 |    0 |          0 |
|           m01_exit                                                                                |                                                  system_top_smartconnect_hb_0_bd_97f1_m01e_0 |        310 |        292 |       0 |   18 |    780 |      0 |      0 |    0 |          0 |
|             inst                                                                                  |                             system_top_smartconnect_hb_0_sc_exit_v1_0_18_top__parameterized0 |        310 |        292 |       0 |   18 |    780 |      0 |      0 |    0 |          0 |
|               w_reg                                                                               |                                system_top_smartconnect_hb_0_sc_util_v1_0_4_axi_reg_stall_262 |         79 |         79 |       0 |    0 |    294 |      0 |      0 |    0 |          0 |
|               ar_reg                                                                              |                                system_top_smartconnect_hb_0_sc_util_v1_0_4_axi_reg_stall_258 |         35 |         35 |       0 |    0 |     86 |      0 |      0 |    0 |          0 |
|               aw_reg                                                                              |                                system_top_smartconnect_hb_0_sc_util_v1_0_4_axi_reg_stall_259 |         35 |         35 |       0 |    0 |     86 |      0 |      0 |    0 |          0 |
|               exit_inst                                                                           |                            system_top_smartconnect_hb_0_sc_exit_v1_0_18_exit__parameterized0 |         79 |         61 |       0 |   18 |     35 |      0 |      0 |    0 |          0 |
|                 gen_r_cmd_fifo.r_cmd_fifo                                                         |                                system_top_smartconnect_hb_0_sc_util_v1_0_4_axic_reg_srl_fifo |         56 |         40 |       0 |   16 |     24 |      0 |      0 |    0 |          0 |
|               r_reg                                                                               |                                system_top_smartconnect_hb_0_sc_util_v1_0_4_axi_reg_stall_261 |         73 |         73 |       0 |    0 |    266 |      0 |      0 |    0 |          0 |
|         m01_nodes                                                                                 |                                           system_top_smartconnect_hb_0_m01_nodes_imp_1LT3FMM |        697 |        435 |     260 |    2 |    745 |      0 |      0 |    0 |          0 |
|           m01_ar_node                                                                             |                                                system_top_smartconnect_hb_0_bd_97f1_m01arn_0 |        118 |         78 |      40 |    0 |    122 |      0 |      0 |    0 |          0 |
|             inst                                                                                  |                                          system_top_smartconnect_hb_0_sc_node_v1_0_19_top__1 |        118 |         78 |      40 |    0 |    122 |      0 |      0 |    0 |          0 |
|               inst_mi_handler                                                                     |                                      system_top_smartconnect_hb_0_sc_node_v1_0_19_mi_handler |        100 |         60 |      40 |    0 |    103 |      0 |      0 |    0 |          0 |
|                 gen_normal_area.inst_fifo_node_payld                                              |                        system_top_smartconnect_hb_0_sc_node_v1_0_19_fifo__parameterized0_248 |         66 |         26 |      40 |    0 |     79 |      0 |      0 |    0 |          0 |
|                   gen_xpm_memory_fifo.inst_fifo                                                   |              system_top_smartconnect_hb_0_sc_util_v1_0_4_xpm_memory_fifo__parameterized0_250 |         66 |         26 |      40 |    0 |     79 |      0 |      0 |    0 |          0 |
|                     gen_mem_rep[0].inst_xpm_memory                                                |                            system_top_smartconnect_hb_0_xpm_memory_sdpram__parameterized0__3 |         40 |          0 |      40 |    0 |     58 |      0 |      0 |    0 |          0 |
|                       xpm_memory_base_inst                                                        |                              system_top_smartconnect_hb_0_xpm_memory_base__parameterized0__3 |         40 |          0 |      40 |    0 |     58 |      0 |      0 |    0 |          0 |
|           m01_aw_node                                                                             |                                                system_top_smartconnect_hb_0_bd_97f1_m01awn_0 |        129 |         95 |      32 |    2 |    124 |      0 |      0 |    0 |          0 |
|             inst                                                                                  |                          system_top_smartconnect_hb_0_sc_node_v1_0_19_top__parameterized0__1 |        129 |         95 |      32 |    2 |    124 |      0 |      0 |    0 |          0 |
|               inst_mi_handler                                                                     |                      system_top_smartconnect_hb_0_sc_node_v1_0_19_mi_handler__parameterized0 |         92 |         60 |      32 |    0 |     96 |      0 |      0 |    0 |          0 |
|                 gen_normal_area.inst_fifo_node_payld                                              |                            system_top_smartconnect_hb_0_sc_node_v1_0_19_fifo__parameterized0 |         58 |         26 |      32 |    0 |     72 |      0 |      0 |    0 |          0 |
|                   gen_xpm_memory_fifo.inst_fifo                                                   |                  system_top_smartconnect_hb_0_sc_util_v1_0_4_xpm_memory_fifo__parameterized0 |         58 |         26 |      32 |    0 |     72 |      0 |      0 |    0 |          0 |
|                     gen_mem_rep[0].inst_xpm_memory                                                |                            system_top_smartconnect_hb_0_xpm_memory_sdpram__parameterized0__2 |         32 |          0 |      32 |    0 |     51 |      0 |      0 |    0 |          0 |
|                       xpm_memory_base_inst                                                        |                              system_top_smartconnect_hb_0_xpm_memory_base__parameterized0__2 |         32 |          0 |      32 |    0 |     51 |      0 |      0 |    0 |          0 |
|           m01_b_node                                                                              |                                                 system_top_smartconnect_hb_0_bd_97f1_m01bn_0 |         93 |         81 |      12 |    0 |     73 |      0 |      0 |    0 |          0 |
|             inst                                                                                  |                          system_top_smartconnect_hb_0_sc_node_v1_0_19_top__parameterized1__1 |         93 |         81 |      12 |    0 |     73 |      0 |      0 |    0 |          0 |
|               inst_mi_handler                                                                     |                      system_top_smartconnect_hb_0_sc_node_v1_0_19_mi_handler__parameterized1 |         87 |         75 |      12 |    0 |     65 |      0 |      0 |    0 |          0 |
|           m01_r_node                                                                              |                                                 system_top_smartconnect_hb_0_bd_97f1_m01rn_0 |        165 |         81 |      84 |    0 |    204 |      0 |      0 |    0 |          0 |
|             inst                                                                                  |                          system_top_smartconnect_hb_0_sc_node_v1_0_19_top__parameterized2__1 |        165 |         81 |      84 |    0 |    204 |      0 |      0 |    0 |          0 |
|               inst_mi_handler                                                                     |                      system_top_smartconnect_hb_0_sc_node_v1_0_19_mi_handler__parameterized2 |        159 |         75 |      84 |    0 |    196 |      0 |      0 |    0 |          0 |
|                 gen_normal_area.inst_fifo_node_payld                                              |                            system_top_smartconnect_hb_0_sc_node_v1_0_19_fifo__parameterized3 |        115 |         35 |      80 |    0 |    160 |      0 |      0 |    0 |          0 |
|                   gen_xpm_memory_fifo.inst_fifo                                                   |                  system_top_smartconnect_hb_0_sc_util_v1_0_4_xpm_memory_fifo__parameterized3 |        115 |         35 |      80 |    0 |    160 |      0 |      0 |    0 |          0 |
|                     gen_mem_rep[0].inst_xpm_memory                                                |                            system_top_smartconnect_hb_0_xpm_memory_sdpram__parameterized3__1 |         80 |          0 |      80 |    0 |    138 |      0 |      0 |    0 |          0 |
|                       xpm_memory_base_inst                                                        |                              system_top_smartconnect_hb_0_xpm_memory_base__parameterized3__1 |         80 |          0 |      80 |    0 |    138 |      0 |      0 |    0 |          0 |
|           m01_w_node                                                                              |                                                 system_top_smartconnect_hb_0_bd_97f1_m01wn_0 |        192 |        100 |      92 |    0 |    222 |      0 |      0 |    0 |          0 |
|             inst                                                                                  |                          system_top_smartconnect_hb_0_sc_node_v1_0_19_top__parameterized3__1 |        192 |        100 |      92 |    0 |    222 |      0 |      0 |    0 |          0 |
|               inst_mi_handler                                                                     |                      system_top_smartconnect_hb_0_sc_node_v1_0_19_mi_handler__parameterized3 |        151 |         63 |      88 |    0 |    191 |      0 |      0 |    0 |          0 |
|                 gen_normal_area.inst_fifo_node_payld                                              |                            system_top_smartconnect_hb_0_sc_node_v1_0_19_fifo__parameterized5 |        115 |         27 |      88 |    0 |    166 |      0 |      0 |    0 |          0 |
|                   gen_xpm_memory_fifo.inst_fifo                                                   |                  system_top_smartconnect_hb_0_sc_util_v1_0_4_xpm_memory_fifo__parameterized5 |        115 |         27 |      88 |    0 |    166 |      0 |      0 |    0 |          0 |
|                     gen_mem_rep[0].inst_xpm_memory                                                |                            system_top_smartconnect_hb_0_xpm_memory_sdpram__parameterized5__1 |         88 |          0 |      88 |    0 |    145 |      0 |      0 |    0 |          0 |
|                       xpm_memory_base_inst                                                        |                              system_top_smartconnect_hb_0_xpm_memory_base__parameterized5__1 |         88 |          0 |      88 |    0 |    145 |      0 |      0 |    0 |          0 |
|         s00_entry_pipeline                                                                        |                                  system_top_smartconnect_hb_0_s00_entry_pipeline_imp_17X5O5J |       1368 |       1339 |       0 |   29 |   2021 |      0 |      0 |    0 |          0 |
|           s00_mmu                                                                                 |                                                system_top_smartconnect_hb_0_bd_97f1_s00mmu_0 |        489 |        487 |       0 |    2 |   1139 |      0 |      0 |    0 |          0 |
|             inst                                                                                  |                                              system_top_smartconnect_hb_0_sc_mmu_v1_0_16_top |        489 |        487 |       0 |    2 |   1139 |      0 |      0 |    0 |          0 |
|               w_sreg                                                                              |                                system_top_smartconnect_hb_0_sc_util_v1_0_4_axi_reg_stall_195 |         88 |         88 |       0 |    0 |    294 |      0 |      0 |    0 |          0 |
|               ar_reg_stall                                                                        |                                system_top_smartconnect_hb_0_sc_util_v1_0_4_axi_reg_stall_187 |         47 |         47 |       0 |    0 |    126 |      0 |      0 |    0 |          0 |
|               ar_sreg                                                                             |                                system_top_smartconnect_hb_0_sc_util_v1_0_4_axi_reg_stall_188 |         47 |         47 |       0 |    0 |    122 |      0 |      0 |    0 |          0 |
|               aw_reg_stall                                                                        |                                system_top_smartconnect_hb_0_sc_util_v1_0_4_axi_reg_stall_189 |         42 |         42 |       0 |    0 |    126 |      0 |      0 |    0 |          0 |
|               aw_sreg                                                                             |                                system_top_smartconnect_hb_0_sc_util_v1_0_4_axi_reg_stall_190 |         52 |         52 |       0 |    0 |    122 |      0 |      0 |    0 |          0 |
|               r_sreg                                                                              |                                system_top_smartconnect_hb_0_sc_util_v1_0_4_axi_reg_stall_194 |        141 |        141 |       0 |    0 |    270 |      0 |      0 |    0 |          0 |
|           s00_si_converter                                                                        |                                                system_top_smartconnect_hb_0_bd_97f1_s00sic_0 |        717 |        694 |       0 |   23 |    540 |      0 |      0 |    0 |          0 |
|             inst                                                                                  |                                     system_top_smartconnect_hb_0_sc_si_converter_v1_0_16_top |        717 |        694 |       0 |   23 |    540 |      0 |      0 |    0 |          0 |
|               converter.low_area_converter.low_area_wrap_inst                                     |                            system_top_smartconnect_hb_0_sc_si_converter_v1_0_16_reduced_area |        679 |        670 |       0 |    9 |    513 |      0 |      0 |    0 |          0 |
|                 (converter.low_area_converter.low_area_wrap_inst)                                 |                            system_top_smartconnect_hb_0_sc_si_converter_v1_0_16_reduced_area |        629 |        629 |       0 |    0 |    495 |      0 |      0 |    0 |          0 |
|                 w_resp_fifo                                                                       |                system_top_smartconnect_hb_0_sc_util_v1_0_4_axic_reg_srl_fifo__parameterized4 |         50 |         41 |       0 |    9 |     18 |      0 |      0 |    0 |          0 |
|           s00_transaction_regulator                                                               |                                                 system_top_smartconnect_hb_0_bd_97f1_s00tr_0 |        162 |        158 |       0 |    4 |    342 |      0 |      0 |    0 |          0 |
|             inst                                                                                  |                            system_top_smartconnect_hb_0_sc_transaction_regulator_v1_0_12_top |        162 |        158 |       0 |    4 |    342 |      0 |      0 |    0 |          0 |
|               gen_endpoint.gen_w_singleorder.w_singleorder                                        |                system_top_smartconnect_hb_0_sc_transaction_regulator_v1_0_12_singleorder_154 |         80 |         78 |       0 |    2 |    169 |      0 |      0 |    0 |          0 |
|                 gen_cmd_reg.cmd_reg                                                               |                                system_top_smartconnect_hb_0_sc_util_v1_0_4_axi_reg_stall_155 |         57 |         57 |       0 |    0 |    150 |      0 |      0 |    0 |          0 |
|               gen_endpoint.gen_r_singleorder.r_singleorder                                        |                    system_top_smartconnect_hb_0_sc_transaction_regulator_v1_0_12_singleorder |         80 |         78 |       0 |    2 |    169 |      0 |      0 |    0 |          0 |
|                 gen_cmd_reg.cmd_reg                                                               |                                system_top_smartconnect_hb_0_sc_util_v1_0_4_axi_reg_stall_159 |         57 |         57 |       0 |    0 |    150 |      0 |      0 |    0 |          0 |
|         s00_nodes                                                                                 |                                           system_top_smartconnect_hb_0_s00_nodes_imp_12TVN31 |        684 |        400 |     284 |    0 |    776 |      0 |      0 |    0 |          0 |
|           s00_ar_node                                                                             |                                                  system_top_smartconnect_hb_0_bd_97f1_sarn_0 |        135 |         81 |      54 |    0 |    150 |      0 |      0 |    0 |          0 |
|             inst                                                                                  |                             system_top_smartconnect_hb_0_sc_node_v1_0_19_top__parameterized4 |        135 |         81 |      54 |    0 |    150 |      0 |      0 |    0 |          0 |
|               inst_mi_handler                                                                     |                  system_top_smartconnect_hb_0_sc_node_v1_0_19_mi_handler__parameterized4_141 |        129 |         75 |      54 |    0 |    142 |      0 |      0 |    0 |          0 |
|                 gen_normal_area.inst_fifo_node_payld                                              |                        system_top_smartconnect_hb_0_sc_node_v1_0_19_fifo__parameterized7_144 |         85 |         35 |      50 |    0 |    106 |      0 |      0 |    0 |          0 |
|                   gen_xpm_memory_fifo.inst_fifo                                                   |              system_top_smartconnect_hb_0_sc_util_v1_0_4_xpm_memory_fifo__parameterized7_146 |         85 |         35 |      50 |    0 |    106 |      0 |      0 |    0 |          0 |
|                     gen_mem_rep[0].inst_xpm_memory                                                |                               system_top_smartconnect_hb_0_xpm_memory_sdpram__parameterized7 |         50 |          0 |      50 |    0 |     84 |      0 |      0 |    0 |          0 |
|                       xpm_memory_base_inst                                                        |                                 system_top_smartconnect_hb_0_xpm_memory_base__parameterized7 |         50 |          0 |      50 |    0 |     84 |      0 |      0 |    0 |          0 |
|           s00_aw_node                                                                             |                                                  system_top_smartconnect_hb_0_bd_97f1_sawn_0 |        135 |         81 |      54 |    0 |    150 |      0 |      0 |    0 |          0 |
|             inst                                                                                  |                             system_top_smartconnect_hb_0_sc_node_v1_0_19_top__parameterized5 |        135 |         81 |      54 |    0 |    150 |      0 |      0 |    0 |          0 |
|               inst_mi_handler                                                                     |                  system_top_smartconnect_hb_0_sc_node_v1_0_19_mi_handler__parameterized5_128 |        129 |         75 |      54 |    0 |    142 |      0 |      0 |    0 |          0 |
|                 gen_normal_area.inst_fifo_node_payld                                              |                        system_top_smartconnect_hb_0_sc_node_v1_0_19_fifo__parameterized7_131 |         85 |         35 |      50 |    0 |    106 |      0 |      0 |    0 |          0 |
|                   gen_xpm_memory_fifo.inst_fifo                                                   |              system_top_smartconnect_hb_0_sc_util_v1_0_4_xpm_memory_fifo__parameterized7_133 |         85 |         35 |      50 |    0 |    106 |      0 |      0 |    0 |          0 |
|                     gen_mem_rep[0].inst_xpm_memory                                                |                            system_top_smartconnect_hb_0_xpm_memory_sdpram__parameterized7__1 |         50 |          0 |      50 |    0 |     84 |      0 |      0 |    0 |          0 |
|                       xpm_memory_base_inst                                                        |                              system_top_smartconnect_hb_0_xpm_memory_base__parameterized7__1 |         50 |          0 |      50 |    0 |     84 |      0 |      0 |    0 |          0 |
|           s00_b_node                                                                              |                                                   system_top_smartconnect_hb_0_bd_97f1_sbn_0 |         82 |         78 |       4 |    0 |     65 |      0 |      0 |    0 |          0 |
|             inst                                                                                  |                             system_top_smartconnect_hb_0_sc_node_v1_0_19_top__parameterized6 |         82 |         78 |       4 |    0 |     65 |      0 |      0 |    0 |          0 |
|           s00_r_node                                                                              |                                                   system_top_smartconnect_hb_0_bd_97f1_srn_0 |        159 |         79 |      80 |    0 |    195 |      0 |      0 |    0 |          0 |
|             inst                                                                                  |                             system_top_smartconnect_hb_0_sc_node_v1_0_19_top__parameterized7 |        159 |         79 |      80 |    0 |    195 |      0 |      0 |    0 |          0 |
|               inst_mi_handler                                                                     |                   system_top_smartconnect_hb_0_sc_node_v1_0_19_mi_handler__parameterized7_93 |        141 |         61 |      80 |    0 |    177 |      0 |      0 |    0 |          0 |
|                 gen_normal_area.inst_fifo_node_payld                                              |                         system_top_smartconnect_hb_0_sc_node_v1_0_19_fifo__parameterized9_99 |        107 |         27 |      80 |    0 |    152 |      0 |      0 |    0 |          0 |
|                   gen_xpm_memory_fifo.inst_fifo                                                   |              system_top_smartconnect_hb_0_sc_util_v1_0_4_xpm_memory_fifo__parameterized9_103 |        107 |         27 |      80 |    0 |    152 |      0 |      0 |    0 |          0 |
|                     gen_mem_rep[0].inst_xpm_memory                                                |                               system_top_smartconnect_hb_0_xpm_memory_sdpram__parameterized9 |         80 |          0 |      80 |    0 |    131 |      0 |      0 |    0 |          0 |
|                       xpm_memory_base_inst                                                        |                                 system_top_smartconnect_hb_0_xpm_memory_base__parameterized9 |         80 |          0 |      80 |    0 |    131 |      0 |      0 |    0 |          0 |
|           s00_w_node                                                                              |                                                   system_top_smartconnect_hb_0_bd_97f1_swn_0 |        173 |         81 |      92 |    0 |    216 |      0 |      0 |    0 |          0 |
|             inst                                                                                  |                             system_top_smartconnect_hb_0_sc_node_v1_0_19_top__parameterized8 |        173 |         81 |      92 |    0 |    216 |      0 |      0 |    0 |          0 |
|               inst_mi_handler                                                                     |                   system_top_smartconnect_hb_0_sc_node_v1_0_19_mi_handler__parameterized8_80 |        167 |         75 |      92 |    0 |    208 |      0 |      0 |    0 |          0 |
|                 gen_normal_area.inst_fifo_node_payld                                              |                        system_top_smartconnect_hb_0_sc_node_v1_0_19_fifo__parameterized10_83 |        123 |         35 |      88 |    0 |    171 |      0 |      0 |    0 |          0 |
|                   gen_xpm_memory_fifo.inst_fifo                                                   |              system_top_smartconnect_hb_0_sc_util_v1_0_4_xpm_memory_fifo__parameterized10_85 |        123 |         35 |      88 |    0 |    171 |      0 |      0 |    0 |          0 |
|                     gen_mem_rep[0].inst_xpm_memory                                                |                              system_top_smartconnect_hb_0_xpm_memory_sdpram__parameterized10 |         88 |          0 |      88 |    0 |    149 |      0 |      0 |    0 |          0 |
|                       xpm_memory_base_inst                                                        |                                system_top_smartconnect_hb_0_xpm_memory_base__parameterized10 |         88 |          0 |      88 |    0 |    149 |      0 |      0 |    0 |          0 |
|         s01_entry_pipeline                                                                        |                                   system_top_smartconnect_hb_0_s01_entry_pipeline_imp_1G5NWZ |        336 |        336 |       0 |    0 |    688 |      0 |      0 |    0 |          0 |
|           s01_mmu                                                                                 |                                                system_top_smartconnect_hb_0_bd_97f1_s01mmu_0 |        254 |        254 |       0 |    0 |    529 |      0 |      0 |    0 |          0 |
|             inst                                                                                  |                              system_top_smartconnect_hb_0_sc_mmu_v1_0_16_top__parameterized0 |        254 |        254 |       0 |    0 |    529 |      0 |      0 |    0 |          0 |
|               r_sreg                                                                              |                                 system_top_smartconnect_hb_0_sc_util_v1_0_4_axi_reg_stall_79 |        139 |        139 |       0 |    0 |    266 |      0 |      0 |    0 |          0 |
|               ar_reg_stall                                                                        |                                 system_top_smartconnect_hb_0_sc_util_v1_0_4_axi_reg_stall_76 |         43 |         43 |       0 |    0 |    118 |      0 |      0 |    0 |          0 |
|               ar_sreg                                                                             |                                 system_top_smartconnect_hb_0_sc_util_v1_0_4_axi_reg_stall_77 |         49 |         49 |       0 |    0 |    118 |      0 |      0 |    0 |          0 |
|           s01_transaction_regulator                                                               |                                                 system_top_smartconnect_hb_0_bd_97f1_s01tr_0 |         60 |         60 |       0 |    0 |    155 |      0 |      0 |    0 |          0 |
|             inst                                                                                  |            system_top_smartconnect_hb_0_sc_transaction_regulator_v1_0_12_top__parameterized0 |         60 |         60 |       0 |    0 |    155 |      0 |      0 |    0 |          0 |
|               gen_endpoint.gen_r_singleorder.r_singleorder                                        | system_top_smartconnect_hb_0_sc_transaction_regulator_v1_0_12_singleorder__parameterized1_74 |         58 |         58 |       0 |    0 |    151 |      0 |      0 |    0 |          0 |
|                 gen_cmd_reg.cmd_reg                                                               |                                 system_top_smartconnect_hb_0_sc_util_v1_0_4_axi_reg_stall_75 |         55 |         55 |       0 |    0 |    142 |      0 |      0 |    0 |          0 |
|         s01_nodes                                                                                 |                                            system_top_smartconnect_hb_0_s01_nodes_imp_6DNTNV |        294 |        160 |     134 |    0 |    345 |      0 |      0 |    0 |          0 |
|           s01_ar_node                                                                             |                                                  system_top_smartconnect_hb_0_bd_97f1_sarn_1 |        135 |         81 |      54 |    0 |    150 |      0 |      0 |    0 |          0 |
|             inst                                                                                  |                             system_top_smartconnect_hb_0_sc_node_v1_0_19_top__parameterized9 |        135 |         81 |      54 |    0 |    150 |      0 |      0 |    0 |          0 |
|               inst_mi_handler                                                                     |                      system_top_smartconnect_hb_0_sc_node_v1_0_19_mi_handler__parameterized4 |        129 |         75 |      54 |    0 |    142 |      0 |      0 |    0 |          0 |
|                 gen_normal_area.inst_fifo_node_payld                                              |                         system_top_smartconnect_hb_0_sc_node_v1_0_19_fifo__parameterized7_64 |         85 |         35 |      50 |    0 |    106 |      0 |      0 |    0 |          0 |
|                   gen_xpm_memory_fifo.inst_fifo                                                   |               system_top_smartconnect_hb_0_sc_util_v1_0_4_xpm_memory_fifo__parameterized7_66 |         85 |         35 |      50 |    0 |    106 |      0 |      0 |    0 |          0 |
|                     gen_mem_rep[0].inst_xpm_memory                                                |                            system_top_smartconnect_hb_0_xpm_memory_sdpram__parameterized7__3 |         50 |          0 |      50 |    0 |     84 |      0 |      0 |    0 |          0 |
|                       xpm_memory_base_inst                                                        |                              system_top_smartconnect_hb_0_xpm_memory_base__parameterized7__3 |         50 |          0 |      50 |    0 |     84 |      0 |      0 |    0 |          0 |
|           s01_r_node                                                                              |                                                   system_top_smartconnect_hb_0_bd_97f1_srn_1 |        159 |         79 |      80 |    0 |    195 |      0 |      0 |    0 |          0 |
|             inst                                                                                  |                            system_top_smartconnect_hb_0_sc_node_v1_0_19_top__parameterized10 |        159 |         79 |      80 |    0 |    195 |      0 |      0 |    0 |          0 |
|               inst_mi_handler                                                                     |                      system_top_smartconnect_hb_0_sc_node_v1_0_19_mi_handler__parameterized7 |        141 |         61 |      80 |    0 |    177 |      0 |      0 |    0 |          0 |
|                 gen_normal_area.inst_fifo_node_payld                                              |                            system_top_smartconnect_hb_0_sc_node_v1_0_19_fifo__parameterized9 |        107 |         27 |      80 |    0 |    152 |      0 |      0 |    0 |          0 |
|                   gen_xpm_memory_fifo.inst_fifo                                                   |                  system_top_smartconnect_hb_0_sc_util_v1_0_4_xpm_memory_fifo__parameterized9 |        107 |         27 |      80 |    0 |    152 |      0 |      0 |    0 |          0 |
|                     gen_mem_rep[0].inst_xpm_memory                                                |                            system_top_smartconnect_hb_0_xpm_memory_sdpram__parameterized9__1 |         80 |          0 |      80 |    0 |    131 |      0 |      0 |    0 |          0 |
|                       xpm_memory_base_inst                                                        |                              system_top_smartconnect_hb_0_xpm_memory_base__parameterized9__1 |         80 |          0 |      80 |    0 |    131 |      0 |      0 |    0 |          0 |
|         s02_entry_pipeline                                                                        |                                   system_top_smartconnect_hb_0_s02_entry_pipeline_imp_W5CGVI |        374 |        358 |       0 |   16 |    760 |      0 |      0 |    0 |          0 |
|           s02_mmu                                                                                 |                                                system_top_smartconnect_hb_0_bd_97f1_s02mmu_0 |        236 |        234 |       0 |    2 |    578 |      0 |      0 |    0 |          0 |
|             inst                                                                                  |                              system_top_smartconnect_hb_0_sc_mmu_v1_0_16_top__parameterized1 |        236 |        234 |       0 |    2 |    578 |      0 |      0 |    0 |          0 |
|               w_sreg                                                                              |                                 system_top_smartconnect_hb_0_sc_util_v1_0_4_axi_reg_stall_48 |         86 |         86 |       0 |    0 |    294 |      0 |      0 |    0 |          0 |
|               aw_reg_stall                                                                        |                                 system_top_smartconnect_hb_0_sc_util_v1_0_4_axi_reg_stall_45 |         43 |         43 |       0 |    0 |    118 |      0 |      0 |    0 |          0 |
|               aw_sreg                                                                             |                                 system_top_smartconnect_hb_0_sc_util_v1_0_4_axi_reg_stall_46 |         56 |         56 |       0 |    0 |    118 |      0 |      0 |    0 |          0 |
|           s02_si_converter                                                                        |                                                system_top_smartconnect_hb_0_bd_97f1_s02sic_0 |         79 |         65 |       0 |   14 |     27 |      0 |      0 |    0 |          0 |
|             inst                                                                                  |                     system_top_smartconnect_hb_0_sc_si_converter_v1_0_16_top__parameterized1 |         79 |         65 |       0 |   14 |     27 |      0 |      0 |    0 |          0 |
|               gen_normal.splitter_inst                                                            |                                system_top_smartconnect_hb_0_sc_si_converter_v1_0_16_splitter |         77 |         63 |       0 |   14 |     23 |      0 |      0 |    0 |          0 |
|                 gen_no_wsplitter.gen_endpoint_woffset.gen_wbypass_offset_fifo.wbypass_offset_fifo |                system_top_smartconnect_hb_0_sc_util_v1_0_4_axic_reg_srl_fifo__parameterized3 |         77 |         63 |       0 |   14 |     22 |      0 |      0 |    0 |          0 |
|           s02_transaction_regulator                                                               |                                                 system_top_smartconnect_hb_0_bd_97f1_s02tr_0 |         59 |         59 |       0 |    0 |    155 |      0 |      0 |    0 |          0 |
|             inst                                                                                  |            system_top_smartconnect_hb_0_sc_transaction_regulator_v1_0_12_top__parameterized1 |         59 |         59 |       0 |    0 |    155 |      0 |      0 |    0 |          0 |
|               gen_endpoint.gen_w_singleorder.w_singleorder                                        |    system_top_smartconnect_hb_0_sc_transaction_regulator_v1_0_12_singleorder__parameterized1 |         57 |         57 |       0 |    0 |    151 |      0 |      0 |    0 |          0 |
|                 gen_cmd_reg.cmd_reg                                                               |                                    system_top_smartconnect_hb_0_sc_util_v1_0_4_axi_reg_stall |         55 |         55 |       0 |    0 |    142 |      0 |      0 |    0 |          0 |
|         s02_nodes                                                                                 |                                            system_top_smartconnect_hb_0_s02_nodes_imp_TKXB8W |        390 |        240 |     150 |    0 |    431 |      0 |      0 |    0 |          0 |
|           s02_aw_node                                                                             |                                                  system_top_smartconnect_hb_0_bd_97f1_sawn_1 |        135 |         81 |      54 |    0 |    150 |      0 |      0 |    0 |          0 |
|             inst                                                                                  |                            system_top_smartconnect_hb_0_sc_node_v1_0_19_top__parameterized11 |        135 |         81 |      54 |    0 |    150 |      0 |      0 |    0 |          0 |
|               inst_mi_handler                                                                     |                      system_top_smartconnect_hb_0_sc_node_v1_0_19_mi_handler__parameterized5 |        129 |         75 |      54 |    0 |    142 |      0 |      0 |    0 |          0 |
|                 gen_normal_area.inst_fifo_node_payld                                              |                            system_top_smartconnect_hb_0_sc_node_v1_0_19_fifo__parameterized7 |         85 |         35 |      50 |    0 |    106 |      0 |      0 |    0 |          0 |
|                   gen_xpm_memory_fifo.inst_fifo                                                   |                  system_top_smartconnect_hb_0_sc_util_v1_0_4_xpm_memory_fifo__parameterized7 |         85 |         35 |      50 |    0 |    106 |      0 |      0 |    0 |          0 |
|                     gen_mem_rep[0].inst_xpm_memory                                                |                            system_top_smartconnect_hb_0_xpm_memory_sdpram__parameterized7__2 |         50 |          0 |      50 |    0 |     84 |      0 |      0 |    0 |          0 |
|                       xpm_memory_base_inst                                                        |                              system_top_smartconnect_hb_0_xpm_memory_base__parameterized7__2 |         50 |          0 |      50 |    0 |     84 |      0 |      0 |    0 |          0 |
|           s02_b_node                                                                              |                                                   system_top_smartconnect_hb_0_bd_97f1_sbn_1 |         82 |         78 |       4 |    0 |     65 |      0 |      0 |    0 |          0 |
|             inst                                                                                  |                            system_top_smartconnect_hb_0_sc_node_v1_0_19_top__parameterized12 |         82 |         78 |       4 |    0 |     65 |      0 |      0 |    0 |          0 |
|           s02_w_node                                                                              |                                                   system_top_smartconnect_hb_0_bd_97f1_swn_1 |        173 |         81 |      92 |    0 |    216 |      0 |      0 |    0 |          0 |
|             inst                                                                                  |                            system_top_smartconnect_hb_0_sc_node_v1_0_19_top__parameterized13 |        173 |         81 |      92 |    0 |    216 |      0 |      0 |    0 |          0 |
|               inst_mi_handler                                                                     |                      system_top_smartconnect_hb_0_sc_node_v1_0_19_mi_handler__parameterized8 |        167 |         75 |      92 |    0 |    208 |      0 |      0 |    0 |          0 |
|                 gen_normal_area.inst_fifo_node_payld                                              |                           system_top_smartconnect_hb_0_sc_node_v1_0_19_fifo__parameterized10 |        123 |         35 |      88 |    0 |    171 |      0 |      0 |    0 |          0 |
|                   gen_xpm_memory_fifo.inst_fifo                                                   |                 system_top_smartconnect_hb_0_sc_util_v1_0_4_xpm_memory_fifo__parameterized10 |        123 |         35 |      88 |    0 |    171 |      0 |      0 |    0 |          0 |
|                     gen_mem_rep[0].inst_xpm_memory                                                |                           system_top_smartconnect_hb_0_xpm_memory_sdpram__parameterized10__1 |         88 |          0 |      88 |    0 |    149 |      0 |      0 |    0 |          0 |
|                       xpm_memory_base_inst                                                        |                             system_top_smartconnect_hb_0_xpm_memory_base__parameterized10__1 |         88 |          0 |      88 |    0 |    149 |      0 |      0 |    0 |          0 |
|     smartconnect_idx                                                                              |                                                                system_top_smartconnect_idx_0 |       1281 |       1115 |     144 |   22 |   1246 |      0 |      0 |    0 |          0 |
|       inst                                                                                        |                                                        system_top_smartconnect_idx_0_bd_23f6 |       1281 |       1115 |     144 |   22 |   1246 |      0 |      0 |    0 |          0 |
|         s00_nodes                                                                                 |                                          system_top_smartconnect_idx_0_s00_nodes_imp_1ITYU3N |        363 |        219 |     144 |    0 |    362 |      0 |      0 |    0 |          0 |
|           s00_ar_node                                                                             |                                                 system_top_smartconnect_idx_0_bd_23f6_sarn_0 |         91 |         43 |      48 |    0 |     97 |      0 |      0 |    0 |          0 |
|             inst                                                                                  |                                            system_top_smartconnect_idx_0_sc_node_v1_0_19_top |         91 |         43 |      48 |    0 |     97 |      0 |      0 |    0 |          0 |
|               inst_mi_handler                                                                     |                                     system_top_smartconnect_idx_0_sc_node_v1_0_19_mi_handler |         85 |         37 |      48 |    0 |     89 |      0 |      0 |    0 |          0 |
|                 gen_normal_area.inst_fifo_node_payld                                              |                                        system_top_smartconnect_idx_0_sc_node_v1_0_19_fifo_10 |         85 |         37 |      48 |    0 |     87 |      0 |      0 |    0 |          0 |
|                   gen_xpm_memory_fifo.inst_fifo                                                   |                              system_top_smartconnect_idx_0_sc_util_v1_0_4_xpm_memory_fifo_11 |         85 |         37 |      48 |    0 |     87 |      0 |      0 |    0 |          0 |
|                     gen_mem_rep[0].inst_xpm_memory                                                |                                           system_top_smartconnect_idx_0_xpm_memory_sdpram__1 |         48 |          0 |      48 |    0 |     65 |      0 |      0 |    0 |          0 |
|                       xpm_memory_base_inst                                                        |                                             system_top_smartconnect_idx_0_xpm_memory_base__1 |         48 |          0 |      48 |    0 |     65 |      0 |      0 |    0 |          0 |
|           s00_aw_node                                                                             |                                                 system_top_smartconnect_idx_0_bd_23f6_sawn_0 |         87 |         43 |      44 |    0 |     95 |      0 |      0 |    0 |          0 |
|             inst                                                                                  |                            system_top_smartconnect_idx_0_sc_node_v1_0_19_top__parameterized0 |         87 |         43 |      44 |    0 |     95 |      0 |      0 |    0 |          0 |
|               inst_mi_handler                                                                     |                     system_top_smartconnect_idx_0_sc_node_v1_0_19_mi_handler__parameterized0 |         81 |         37 |      44 |    0 |     87 |      0 |      0 |    0 |          0 |
|                 gen_normal_area.inst_fifo_node_payld                                              |                                           system_top_smartconnect_idx_0_sc_node_v1_0_19_fifo |         81 |         37 |      44 |    0 |     85 |      0 |      0 |    0 |          0 |
|                   gen_xpm_memory_fifo.inst_fifo                                                   |                                 system_top_smartconnect_idx_0_sc_util_v1_0_4_xpm_memory_fifo |         81 |         37 |      44 |    0 |     85 |      0 |      0 |    0 |          0 |
|                     gen_mem_rep[0].inst_xpm_memory                                                |                                              system_top_smartconnect_idx_0_xpm_memory_sdpram |         44 |          0 |      44 |    0 |     63 |      0 |      0 |    0 |          0 |
|                       xpm_memory_base_inst                                                        |                                                system_top_smartconnect_idx_0_xpm_memory_base |         44 |          0 |      44 |    0 |     63 |      0 |      0 |    0 |          0 |
|           s00_r_node                                                                              |                                                  system_top_smartconnect_idx_0_bd_23f6_srn_0 |         68 |         44 |      24 |    0 |     67 |      0 |      0 |    0 |          0 |
|             inst                                                                                  |                            system_top_smartconnect_idx_0_sc_node_v1_0_19_top__parameterized2 |         68 |         44 |      24 |    0 |     67 |      0 |      0 |    0 |          0 |
|               inst_mi_handler                                                                     |                     system_top_smartconnect_idx_0_sc_node_v1_0_19_mi_handler__parameterized2 |         62 |         38 |      24 |    0 |     59 |      0 |      0 |    0 |          0 |
|                 gen_normal_area.inst_fifo_node_payld                                              |                           system_top_smartconnect_idx_0_sc_node_v1_0_19_fifo__parameterized1 |         62 |         38 |      24 |    0 |     57 |      0 |      0 |    0 |          0 |
|                   gen_xpm_memory_fifo.inst_fifo                                                   |                 system_top_smartconnect_idx_0_sc_util_v1_0_4_xpm_memory_fifo__parameterized1 |         62 |         38 |      24 |    0 |     57 |      0 |      0 |    0 |          0 |
|           s00_w_node                                                                              |                                                  system_top_smartconnect_idx_0_bd_23f6_swn_0 |         69 |         45 |      24 |    0 |     69 |      0 |      0 |    0 |          0 |
|             inst                                                                                  |                            system_top_smartconnect_idx_0_sc_node_v1_0_19_top__parameterized3 |         69 |         45 |      24 |    0 |     69 |      0 |      0 |    0 |          0 |
|               inst_mi_handler                                                                     |                     system_top_smartconnect_idx_0_sc_node_v1_0_19_mi_handler__parameterized3 |         63 |         39 |      24 |    0 |     61 |      0 |      0 |    0 |          0 |
|                 gen_normal_area.inst_fifo_node_payld                                              |                           system_top_smartconnect_idx_0_sc_node_v1_0_19_fifo__parameterized2 |         63 |         39 |      24 |    0 |     59 |      0 |      0 |    0 |          0 |
|                   gen_xpm_memory_fifo.inst_fifo                                                   |                 system_top_smartconnect_idx_0_sc_util_v1_0_4_xpm_memory_fifo__parameterized2 |         63 |         39 |      24 |    0 |     59 |      0 |      0 |    0 |          0 |
|         m00_exit_pipeline                                                                         |                                   system_top_smartconnect_idx_0_m00_exit_pipeline_imp_N1M1A2 |         60 |         55 |       0 |    5 |     27 |      0 |      0 |    0 |          0 |
|           m00_exit                                                                                |                                                 system_top_smartconnect_idx_0_bd_23f6_m00e_0 |         60 |         55 |       0 |    5 |     27 |      0 |      0 |    0 |          0 |
|             inst                                                                                  |                                            system_top_smartconnect_idx_0_sc_exit_v1_0_18_top |         60 |         55 |       0 |    5 |     27 |      0 |      0 |    0 |          0 |
|         s00_entry_pipeline                                                                        |                                 system_top_smartconnect_idx_0_s00_entry_pipeline_imp_1LR7MK9 |        844 |        828 |       0 |   16 |    827 |      0 |      0 |    0 |          0 |
|           s00_mmu                                                                                 |                                               system_top_smartconnect_idx_0_bd_23f6_s00mmu_0 |        180 |        180 |       0 |    0 |    296 |      0 |      0 |    0 |          0 |
|             inst                                                                                  |                                             system_top_smartconnect_idx_0_sc_mmu_v1_0_16_top |        180 |        180 |       0 |    0 |    296 |      0 |      0 |    0 |          0 |
|               aw_reg_stall                                                                        |                system_top_smartconnect_idx_0_sc_util_v1_0_4_axi_reg_stall__parameterized0_31 |         50 |         50 |       0 |    0 |    122 |      0 |      0 |    0 |          0 |
|               ar_reg_stall                                                                        |                   system_top_smartconnect_idx_0_sc_util_v1_0_4_axi_reg_stall__parameterized0 |         54 |         54 |       0 |    0 |    122 |      0 |      0 |    0 |          0 |
|           s00_si_converter                                                                        |                                               system_top_smartconnect_idx_0_bd_23f6_s00sic_0 |        621 |        609 |       0 |   12 |    507 |      0 |      0 |    0 |          0 |
|             inst                                                                                  |                                    system_top_smartconnect_idx_0_sc_si_converter_v1_0_16_top |        621 |        609 |       0 |   12 |    507 |      0 |      0 |    0 |          0 |
|               (converter.low_area_converter.low_area_wrap_inst)                                   |                           system_top_smartconnect_idx_0_sc_si_converter_v1_0_16_reduced_area |        551 |        551 |       0 |    0 |    473 |      0 |      0 |    0 |          0 |
|     smartconnect_lpd                                                                              |                                                                system_top_smartconnect_lpd_0 |       1089 |       1086 |       0 |    3 |   2484 |      0 |      0 |    0 |          0 |
|       inst                                                                                        |                                                        system_top_smartconnect_lpd_0_bd_15fe |       1089 |       1086 |       0 |    3 |   2484 |      0 |      0 |    0 |          0 |
|         clk_map                                                                                   |                                             system_top_smartconnect_lpd_0_clk_map_imp_M6XU0J |         41 |         38 |       0 |    3 |     90 |      0 |      0 |    0 |          0 |
|         m01_nodes                                                                                 |                                           system_top_smartconnect_lpd_0_m01_nodes_imp_XYXH9U |         91 |         91 |       0 |    0 |   1009 |      0 |      0 |    0 |          0 |
|           m01_ar_node                                                                             |                                               system_top_smartconnect_lpd_0_bd_15fe_m01arn_0 |         13 |         13 |       0 |    0 |    288 |      0 |      0 |    0 |          0 |
|             inst                                                                                  |                            system_top_smartconnect_lpd_0_sc_node_v1_0_19_top__parameterized4 |         13 |         13 |       0 |    0 |    288 |      0 |      0 |    0 |          0 |
|               inst_mi_handler                                                                     |                     system_top_smartconnect_lpd_0_sc_node_v1_0_19_mi_handler__parameterized4 |          8 |          8 |       0 |    0 |    280 |      0 |      0 |    0 |          0 |
|                 gen_normal_area.inst_fifo_node_payld                                              |                                        system_top_smartconnect_lpd_0_sc_node_v1_0_19_fifo_16 |          8 |          8 |       0 |    0 |    278 |      0 |      0 |    0 |          0 |
|                   gen_reg_fifo_async.inst_reg_fifo_async                                          |                              system_top_smartconnect_lpd_0_sc_node_v1_0_19_reg_fifo_async_17 |          8 |          8 |       0 |    0 |    278 |      0 |      0 |    0 |          0 |
|                     gen_xpm_cdc_handshake_array[0].inst_cdc_handshake                             |                                           system_top_smartconnect_lpd_0_xpm_cdc_handshake__1 |          2 |          2 |       0 |    0 |    268 |      0 |      0 |    0 |          0 |
|                       (gen_xpm_cdc_handshake_array[0].inst_cdc_handshake)                         |                                           system_top_smartconnect_lpd_0_xpm_cdc_handshake__1 |          2 |          2 |       0 |    0 |    262 |      0 |      0 |    0 |          0 |
|           m01_aw_node                                                                             |                                               system_top_smartconnect_lpd_0_bd_15fe_m01awn_0 |         13 |         13 |       0 |    0 |    285 |      0 |      0 |    0 |          0 |
|             inst                                                                                  |                            system_top_smartconnect_lpd_0_sc_node_v1_0_19_top__parameterized5 |         13 |         13 |       0 |    0 |    285 |      0 |      0 |    0 |          0 |
|               inst_mi_handler                                                                     |                     system_top_smartconnect_lpd_0_sc_node_v1_0_19_mi_handler__parameterized5 |          8 |          8 |       0 |    0 |    277 |      0 |      0 |    0 |          0 |
|                 gen_normal_area.inst_fifo_node_payld                                              |                                           system_top_smartconnect_lpd_0_sc_node_v1_0_19_fifo |          8 |          8 |       0 |    0 |    275 |      0 |      0 |    0 |          0 |
|                   gen_reg_fifo_async.inst_reg_fifo_async                                          |                                 system_top_smartconnect_lpd_0_sc_node_v1_0_19_reg_fifo_async |          8 |          8 |       0 |    0 |    275 |      0 |      0 |    0 |          0 |
|                     gen_xpm_cdc_handshake_array[0].inst_cdc_handshake                             |                                              system_top_smartconnect_lpd_0_xpm_cdc_handshake |          2 |          2 |       0 |    0 |    265 |      0 |      0 |    0 |          0 |
|                       (gen_xpm_cdc_handshake_array[0].inst_cdc_handshake)                         |                                              system_top_smartconnect_lpd_0_xpm_cdc_handshake |          2 |          2 |       0 |    0 |    259 |      0 |      0 |    0 |          0 |
|           m01_b_node                                                                              |                                                system_top_smartconnect_lpd_0_bd_15fe_m01bn_0 |         25 |         25 |       0 |    0 |     97 |      0 |      0 |    0 |          0 |
|             inst                                                                                  |                            system_top_smartconnect_lpd_0_sc_node_v1_0_19_top__parameterized6 |         25 |         25 |       0 |    0 |     97 |      0 |      0 |    0 |          0 |
|               inst_mi_handler                                                                     |                     system_top_smartconnect_lpd_0_sc_node_v1_0_19_mi_handler__parameterized6 |         20 |         20 |       0 |    0 |     89 |      0 |      0 |    0 |          0 |
|                 gen_normal_area.gen_fifo_req.inst_fifo_req                                        |                        system_top_smartconnect_lpd_0_sc_node_v1_0_19_fifo__parameterized0_13 |          8 |          8 |       0 |    0 |     54 |      0 |      0 |    0 |          0 |
|           m01_r_node                                                                              |                                                system_top_smartconnect_lpd_0_bd_15fe_m01rn_0 |         26 |         26 |       0 |    0 |    189 |      0 |      0 |    0 |          0 |
|             inst                                                                                  |                            system_top_smartconnect_lpd_0_sc_node_v1_0_19_top__parameterized7 |         26 |         26 |       0 |    0 |    189 |      0 |      0 |    0 |          0 |
|               inst_mi_handler                                                                     |                     system_top_smartconnect_lpd_0_sc_node_v1_0_19_mi_handler__parameterized7 |         21 |         21 |       0 |    0 |    181 |      0 |      0 |    0 |          0 |
|                 gen_normal_area.inst_fifo_node_payld                                              |                           system_top_smartconnect_lpd_0_sc_node_v1_0_19_fifo__parameterized2 |          8 |          8 |       0 |    0 |    121 |      0 |      0 |    0 |          0 |
|                   gen_reg_fifo_async.inst_reg_fifo_async                                          |                 system_top_smartconnect_lpd_0_sc_node_v1_0_19_reg_fifo_async__parameterized2 |          8 |          8 |       0 |    0 |    121 |      0 |      0 |    0 |          0 |
|                     gen_xpm_cdc_handshake_array[0].inst_cdc_handshake                             |                              system_top_smartconnect_lpd_0_xpm_cdc_handshake__parameterized2 |          2 |          2 |       0 |    0 |    111 |      0 |      0 |    0 |          0 |
|                       (gen_xpm_cdc_handshake_array[0].inst_cdc_handshake)                         |                              system_top_smartconnect_lpd_0_xpm_cdc_handshake__parameterized2 |          2 |          2 |       0 |    0 |    105 |      0 |      0 |    0 |          0 |
|                 gen_normal_area.gen_fifo_req.inst_fifo_req                                        |                           system_top_smartconnect_lpd_0_sc_node_v1_0_19_fifo__parameterized0 |          9 |          9 |       0 |    0 |     54 |      0 |      0 |    0 |          0 |
|           m01_w_node                                                                              |                                                system_top_smartconnect_lpd_0_bd_15fe_m01wn_0 |         14 |         14 |       0 |    0 |    150 |      0 |      0 |    0 |          0 |
|             inst                                                                                  |                            system_top_smartconnect_lpd_0_sc_node_v1_0_19_top__parameterized8 |         14 |         14 |       0 |    0 |    150 |      0 |      0 |    0 |          0 |
|               inst_mi_handler                                                                     |                     system_top_smartconnect_lpd_0_sc_node_v1_0_19_mi_handler__parameterized8 |          9 |          9 |       0 |    0 |    142 |      0 |      0 |    0 |          0 |
|                 gen_normal_area.inst_fifo_node_payld                                              |                           system_top_smartconnect_lpd_0_sc_node_v1_0_19_fifo__parameterized3 |          9 |          9 |       0 |    0 |    140 |      0 |      0 |    0 |          0 |
|                   gen_reg_fifo_async.inst_reg_fifo_async                                          |                 system_top_smartconnect_lpd_0_sc_node_v1_0_19_reg_fifo_async__parameterized3 |          9 |          9 |       0 |    0 |    140 |      0 |      0 |    0 |          0 |
|                     gen_xpm_cdc_handshake_array[0].inst_cdc_handshake                             |                              system_top_smartconnect_lpd_0_xpm_cdc_handshake__parameterized3 |          2 |          2 |       0 |    0 |    130 |      0 |      0 |    0 |          0 |
|                       (gen_xpm_cdc_handshake_array[0].inst_cdc_handshake)                         |                              system_top_smartconnect_lpd_0_xpm_cdc_handshake__parameterized3 |          2 |          2 |       0 |    0 |    124 |      0 |      0 |    0 |          0 |
|         s00_entry_pipeline                                                                        |                                  system_top_smartconnect_lpd_0_s00_entry_pipeline_imp_EKATIJ |        771 |        771 |       0 |    0 |    937 |      0 |      0 |    0 |          0 |
|           s00_mmu                                                                                 |                                               system_top_smartconnect_lpd_0_bd_15fe_s00mmu_0 |        300 |        300 |       0 |    0 |    474 |      0 |      0 |    0 |          0 |
|             inst                                                                                  |                                             system_top_smartconnect_lpd_0_sc_mmu_v1_0_16_top |        300 |        300 |       0 |    0 |    474 |      0 |      0 |    0 |          0 |
|               (inst)                                                                              |                                             system_top_smartconnect_lpd_0_sc_mmu_v1_0_16_top |         76 |         76 |       0 |    0 |     20 |      0 |      0 |    0 |          0 |
|               ar_reg_stall                                                                        |                   system_top_smartconnect_lpd_0_sc_util_v1_0_4_axi_reg_stall__parameterized0 |         78 |         78 |       0 |    0 |    200 |      0 |      0 |    0 |          0 |
|               aw_reg_stall                                                                        |                system_top_smartconnect_lpd_0_sc_util_v1_0_4_axi_reg_stall__parameterized0_12 |         75 |         75 |       0 |    0 |    200 |      0 |      0 |    0 |          0 |
|               gen_endpoint.decerr_slave_inst                                                      |                                    system_top_smartconnect_lpd_0_sc_mmu_v1_0_16_decerr_slave |         62 |         62 |       0 |    0 |     49 |      0 |      0 |    0 |          0 |
|           s00_si_converter                                                                        |                                               system_top_smartconnect_lpd_0_bd_15fe_s00sic_0 |        461 |        461 |       0 |    0 |    423 |      0 |      0 |    0 |          0 |
|             inst                                                                                  |                                    system_top_smartconnect_lpd_0_sc_si_converter_v1_0_16_top |        461 |        461 |       0 |    0 |    423 |      0 |      0 |    0 |          0 |
|               gen_axilite_conv.axilite_conv_inst                                                  |                           system_top_smartconnect_lpd_0_sc_si_converter_v1_0_16_axilite_conv |        456 |        456 |       0 |    0 |    419 |      0 |      0 |    0 |          0 |
|         switchboards                                                                              |                                        system_top_smartconnect_lpd_0_switchboards_imp_KL6ZTX |        105 |        105 |       0 |    0 |    332 |      0 |      0 |    0 |          0 |
|           i_nodes                                                                                 |                                            system_top_smartconnect_lpd_0_i_nodes_imp_13F8CT9 |         87 |         87 |       0 |    0 |    332 |      0 |      0 |    0 |          0 |
|             i_ar_node                                                                             |                                                 system_top_smartconnect_lpd_0_bd_15fe_arni_0 |         13 |         13 |       0 |    0 |     93 |      0 |      0 |    0 |          0 |
|               inst                                                                                |                           system_top_smartconnect_lpd_0_sc_node_v1_0_19_top__parameterized14 |         13 |         13 |       0 |    0 |     93 |      0 |      0 |    0 |          0 |
|                 inst_mi_handler                                                                   |                    system_top_smartconnect_lpd_0_sc_node_v1_0_19_mi_handler__parameterized14 |          8 |          8 |       0 |    0 |     86 |      0 |      0 |    0 |          0 |
|                   gen_normal_area.inst_fifo_node_payld                                            |                         system_top_smartconnect_lpd_0_sc_node_v1_0_19_fifo__parameterized4_8 |          8 |          8 |       0 |    0 |     84 |      0 |      0 |    0 |          0 |
|                     gen_reg_fifo.inst_reg_fifo                                                    |                                     system_top_smartconnect_lpd_0_sc_node_v1_0_19_reg_fifo_9 |          8 |          8 |       0 |    0 |     84 |      0 |      0 |    0 |          0 |
|                       (gen_reg_fifo.inst_reg_fifo)                                                |                                     system_top_smartconnect_lpd_0_sc_node_v1_0_19_reg_fifo_9 |          3 |          3 |       0 |    0 |     82 |      0 |      0 |    0 |          0 |
|             i_aw_node                                                                             |                                                 system_top_smartconnect_lpd_0_bd_15fe_awni_0 |         13 |         13 |       0 |    0 |     90 |      0 |      0 |    0 |          0 |
|               inst                                                                                |                           system_top_smartconnect_lpd_0_sc_node_v1_0_19_top__parameterized15 |         13 |         13 |       0 |    0 |     90 |      0 |      0 |    0 |          0 |
|                 inst_mi_handler                                                                   |                    system_top_smartconnect_lpd_0_sc_node_v1_0_19_mi_handler__parameterized15 |          8 |          8 |       0 |    0 |     83 |      0 |      0 |    0 |          0 |
|                   gen_normal_area.inst_fifo_node_payld                                            |                           system_top_smartconnect_lpd_0_sc_node_v1_0_19_fifo__parameterized4 |          8 |          8 |       0 |    0 |     81 |      0 |      0 |    0 |          0 |
|                     gen_reg_fifo.inst_reg_fifo                                                    |                                       system_top_smartconnect_lpd_0_sc_node_v1_0_19_reg_fifo |          8 |          8 |       0 |    0 |     81 |      0 |      0 |    0 |          0 |
|                       (gen_reg_fifo.inst_reg_fifo)                                                |                                       system_top_smartconnect_lpd_0_sc_node_v1_0_19_reg_fifo |          3 |          3 |       0 |    0 |     79 |      0 |      0 |    0 |          0 |
|             i_r_node                                                                              |                                                  system_top_smartconnect_lpd_0_bd_15fe_rni_0 |         24 |         24 |       0 |    0 |     59 |      0 |      0 |    0 |          0 |
|               inst                                                                                |                           system_top_smartconnect_lpd_0_sc_node_v1_0_19_top__parameterized17 |         24 |         24 |       0 |    0 |     59 |      0 |      0 |    0 |          0 |
|             i_w_node                                                                              |                                                  system_top_smartconnect_lpd_0_bd_15fe_wni_0 |         13 |         13 |       0 |    0 |     63 |      0 |      0 |    0 |          0 |
|               inst                                                                                |                           system_top_smartconnect_lpd_0_sc_node_v1_0_19_top__parameterized18 |         13 |         13 |       0 |    0 |     63 |      0 |      0 |    0 |          0 |
|                 inst_mi_handler                                                                   |                    system_top_smartconnect_lpd_0_sc_node_v1_0_19_mi_handler__parameterized18 |          8 |          8 |       0 |    0 |     56 |      0 |      0 |    0 |          0 |
|                   gen_normal_area.inst_fifo_node_payld                                            |                           system_top_smartconnect_lpd_0_sc_node_v1_0_19_fifo__parameterized7 |          8 |          8 |       0 |    0 |     54 |      0 |      0 |    0 |          0 |
|                     gen_reg_fifo.inst_reg_fifo                                                    |                       system_top_smartconnect_lpd_0_sc_node_v1_0_19_reg_fifo__parameterized2 |          8 |          8 |       0 |    0 |     54 |      0 |      0 |    0 |          0 |
|                       (gen_reg_fifo.inst_reg_fifo)                                                |                       system_top_smartconnect_lpd_0_sc_node_v1_0_19_reg_fifo__parameterized2 |          3 |          3 |       0 |    0 |     52 |      0 |      0 |    0 |          0 |
|     smartconnect_video                                                                            |                                                              system_top_smartconnect_video_0 |        763 |        492 |     260 |   11 |    831 |      0 |      0 |    0 |          0 |
|       inst                                                                                        |                                                      system_top_smartconnect_video_0_bd_493d |        763 |        492 |     260 |   11 |    831 |      0 |      0 |    0 |          0 |
|         s00_nodes                                                                                 |                                        system_top_smartconnect_video_0_s00_nodes_imp_1CRZBXC |        569 |        309 |     260 |    0 |    728 |      0 |      0 |    0 |          0 |
|           s00_ar_node                                                                             |                                               system_top_smartconnect_video_0_bd_493d_sarn_0 |         93 |         45 |      48 |    0 |     97 |      0 |      0 |    0 |          0 |
|             inst                                                                                  |                                          system_top_smartconnect_video_0_sc_node_v1_0_19_top |         93 |         45 |      48 |    0 |     97 |      0 |      0 |    0 |          0 |
|               inst_mi_handler                                                                     |                                   system_top_smartconnect_video_0_sc_node_v1_0_19_mi_handler |         86 |         38 |      48 |    0 |     89 |      0 |      0 |    0 |          0 |
|                 gen_normal_area.inst_fifo_node_payld                                              |                                      system_top_smartconnect_video_0_sc_node_v1_0_19_fifo_10 |         86 |         38 |      48 |    0 |     87 |      0 |      0 |    0 |          0 |
|                   gen_xpm_memory_fifo.inst_fifo                                                   |                            system_top_smartconnect_video_0_sc_util_v1_0_4_xpm_memory_fifo_11 |         86 |         38 |      48 |    0 |     87 |      0 |      0 |    0 |          0 |
|                     gen_mem_rep[0].inst_xpm_memory                                                |                                         system_top_smartconnect_video_0_xpm_memory_sdpram__1 |         48 |          0 |      48 |    0 |     65 |      0 |      0 |    0 |          0 |
|                       xpm_memory_base_inst                                                        |                                           system_top_smartconnect_video_0_xpm_memory_base__1 |         48 |          0 |      48 |    0 |     65 |      0 |      0 |    0 |          0 |
|           s00_aw_node                                                                             |                                               system_top_smartconnect_video_0_bd_493d_sawn_0 |         89 |         45 |      44 |    0 |     95 |      0 |      0 |    0 |          0 |
|             inst                                                                                  |                          system_top_smartconnect_video_0_sc_node_v1_0_19_top__parameterized0 |         89 |         45 |      44 |    0 |     95 |      0 |      0 |    0 |          0 |
|               inst_mi_handler                                                                     |                   system_top_smartconnect_video_0_sc_node_v1_0_19_mi_handler__parameterized0 |         82 |         38 |      44 |    0 |     87 |      0 |      0 |    0 |          0 |
|                 gen_normal_area.inst_fifo_node_payld                                              |                                         system_top_smartconnect_video_0_sc_node_v1_0_19_fifo |         82 |         38 |      44 |    0 |     85 |      0 |      0 |    0 |          0 |
|                   gen_xpm_memory_fifo.inst_fifo                                                   |                               system_top_smartconnect_video_0_sc_util_v1_0_4_xpm_memory_fifo |         82 |         38 |      44 |    0 |     85 |      0 |      0 |    0 |          0 |
|                     gen_mem_rep[0].inst_xpm_memory                                                |                                            system_top_smartconnect_video_0_xpm_memory_sdpram |         44 |          0 |      44 |    0 |     63 |      0 |      0 |    0 |          0 |
|                       xpm_memory_base_inst                                                        |                                              system_top_smartconnect_video_0_xpm_memory_base |         44 |          0 |      44 |    0 |     63 |      0 |      0 |    0 |          0 |
|           s00_r_node                                                                              |                                                system_top_smartconnect_video_0_bd_493d_srn_0 |        191 |        111 |      80 |    0 |    168 |      0 |      0 |    0 |          0 |
|             inst                                                                                  |                          system_top_smartconnect_video_0_sc_node_v1_0_19_top__parameterized2 |        191 |        111 |      80 |    0 |    168 |      0 |      0 |    0 |          0 |
|               inst_mi_handler                                                                     |                   system_top_smartconnect_video_0_sc_node_v1_0_19_mi_handler__parameterized2 |        185 |        105 |      80 |    0 |    160 |      0 |      0 |    0 |          0 |
|                 gen_normal_area.inst_fifo_node_payld                                              |                         system_top_smartconnect_video_0_sc_node_v1_0_19_fifo__parameterized1 |        184 |        104 |      80 |    0 |    155 |      0 |      0 |    0 |          0 |
|                   gen_xpm_memory_fifo.inst_fifo                                                   |               system_top_smartconnect_video_0_sc_util_v1_0_4_xpm_memory_fifo__parameterized1 |        184 |        104 |      80 |    0 |    155 |      0 |      0 |    0 |          0 |
|                     (gen_xpm_memory_fifo.inst_fifo)                                               |               system_top_smartconnect_video_0_sc_util_v1_0_4_xpm_memory_fifo__parameterized1 |         73 |         73 |       0 |    0 |      4 |      0 |      0 |    0 |          0 |
|                     gen_mem_rep[0].inst_xpm_memory                                                |                            system_top_smartconnect_video_0_xpm_memory_sdpram__parameterized1 |         80 |          0 |      80 |    0 |    133 |      0 |      0 |    0 |          0 |
|                       xpm_memory_base_inst                                                        |                              system_top_smartconnect_video_0_xpm_memory_base__parameterized1 |         80 |          0 |      80 |    0 |    133 |      0 |      0 |    0 |          0 |
|           s00_w_node                                                                              |                                                system_top_smartconnect_video_0_bd_493d_swn_0 |        149 |         65 |      84 |    0 |    334 |      0 |      0 |    0 |          0 |
|             inst                                                                                  |                          system_top_smartconnect_video_0_sc_node_v1_0_19_top__parameterized3 |        149 |         65 |      84 |    0 |    334 |      0 |      0 |    0 |          0 |
|               inst_mi_handler                                                                     |                   system_top_smartconnect_video_0_sc_node_v1_0_19_mi_handler__parameterized3 |        143 |         59 |      84 |    0 |    326 |      0 |      0 |    0 |          0 |
|                 gen_normal_area.inst_fifo_node_payld                                              |                         system_top_smartconnect_video_0_sc_node_v1_0_19_fifo__parameterized2 |        126 |         42 |      84 |    0 |    167 |      0 |      0 |    0 |          0 |
|                   gen_xpm_memory_fifo.inst_fifo                                                   |               system_top_smartconnect_video_0_sc_util_v1_0_4_xpm_memory_fifo__parameterized2 |        126 |         42 |      84 |    0 |    167 |      0 |      0 |    0 |          0 |
|                     gen_mem_rep[0].inst_xpm_memory                                                |                            system_top_smartconnect_video_0_xpm_memory_sdpram__parameterized2 |         84 |          0 |      84 |    0 |    145 |      0 |      0 |    0 |          0 |
|                       xpm_memory_base_inst                                                        |                              system_top_smartconnect_video_0_xpm_memory_base__parameterized2 |         84 |          0 |      84 |    0 |    145 |      0 |      0 |    0 |          0 |
|                 gen_normal_area.gen_upsizer.inst_upsizer                                          |                                      system_top_smartconnect_video_0_sc_node_v1_0_19_upsizer |         16 |         16 |       0 |    0 |    155 |      0 |      0 |    0 |          0 |
|                   (gen_normal_area.gen_upsizer.inst_upsizer)                                      |                                      system_top_smartconnect_video_0_sc_node_v1_0_19_upsizer |         15 |         15 |       0 |    0 |    151 |      0 |      0 |    0 |          0 |
|         m00_exit_pipeline                                                                         |                                 system_top_smartconnect_video_0_m00_exit_pipeline_imp_FWX455 |         62 |         57 |       0 |    5 |     27 |      0 |      0 |    0 |          0 |
|           m00_exit                                                                                |                                               system_top_smartconnect_video_0_bd_493d_m00e_0 |         62 |         57 |       0 |    5 |     27 |      0 |      0 |    0 |          0 |
|             inst                                                                                  |                                          system_top_smartconnect_video_0_sc_exit_v1_0_18_top |         62 |         57 |       0 |    5 |     27 |      0 |      0 |    0 |          0 |
|         s00_entry_pipeline                                                                        |                               system_top_smartconnect_video_0_s00_entry_pipeline_imp_1FQDKJE |        118 |        113 |       0 |    5 |     46 |      0 |      0 |    0 |          0 |
|           s00_si_converter                                                                        |                                             system_top_smartconnect_video_0_bd_493d_s00sic_0 |         76 |         71 |       0 |    5 |     18 |      0 |      0 |    0 |          0 |
|             inst                                                                                  |                                  system_top_smartconnect_video_0_sc_si_converter_v1_0_16_top |         76 |         71 |       0 |    5 |     18 |      0 |      0 |    0 |          0 |
|     t1_top                                                                                        |                                                                          system_top_t1_top_0 |      83692 |      83692 |       0 |    0 |  79761 |    132 |      0 |    0 |         31 |
|       inst                                                                                        |                                                              system_top_t1_top_0_t1_fpga_top |      83692 |      83692 |       0 |    0 |  79761 |    132 |      0 |    0 |         31 |
|         u_axi_lite_wrapper                                                                        |                                                      system_top_t1_top_0_t1_axi_lite_wrapper |        545 |        545 |       0 |    0 |    609 |      0 |      0 |    0 |          0 |
|         u_t1                                                                                      |                                                                       system_top_t1_top_0_T1 |      83147 |      83147 |       0 |    0 |  79152 |    132 |      0 |    0 |         31 |
|           (u_t1)                                                                                  |                                                                       system_top_t1_top_0_T1 |        256 |        256 |       0 |    0 |   6833 |      0 |      0 |    0 |          0 |
|           laneVec2D_0_0                                                                           |                                                                     system_top_t1_top_0_Lane |      14870 |      14870 |       0 |    0 |  19893 |      0 |      0 |    0 |         12 |
|             (laneVec2D_0_0)                                                                       |                                                                     system_top_t1_top_0_Lane |        567 |        567 |       0 |    0 |   1048 |      0 |      0 |    0 |          0 |
|             adder                                                                                 |                                                             system_top_t1_top_0_LaneAdder_14 |        788 |        788 |       0 |    0 |    228 |      0 |      0 |    0 |          0 |
|             executionUnit                                                                         |                                                   system_top_t1_top_0_LaneExecutionBridge_16 |       2284 |       2284 |       0 |    0 |   2896 |      0 |      0 |    0 |          0 |
|             logic_0                                                                               |                                                           system_top_t1_top_0_MaskedLogic_17 |        128 |        128 |       0 |    0 |    328 |      0 |      0 |    0 |          0 |
|             maskStage                                                                             |                                                      system_top_t1_top_0_MaskExchangeUnit_18 |       3579 |       3579 |       0 |    0 |   5957 |      0 |      0 |    0 |          0 |
|             maskedWriteUnit                                                                       |                                                           system_top_t1_top_0_MaskedWrite_19 |        308 |        308 |       0 |    0 |    790 |      0 |      0 |    0 |          0 |
|             multiplier                                                                            |                                                            system_top_t1_top_0_LaneMulDSP_20 |       2385 |       2385 |       0 |    0 |    349 |      0 |      0 |    0 |         12 |
|               (multiplier)                                                                        |                                                            system_top_t1_top_0_LaneMulDSP_20 |        765 |        765 |       0 |    0 |    349 |      0 |      0 |    0 |          0 |
|               responseVec_fusionMultiplier                                                        |                                         system_top_t1_top_0_VectorMultiplier32UnsignedDSP_37 |        800 |        800 |       0 |    0 |      0 |      0 |      0 |    0 |          6 |
|               responseVec_fusionMultiplier_1                                                      |                                         system_top_t1_top_0_VectorMultiplier32UnsignedDSP_38 |        820 |        820 |       0 |    0 |      0 |      0 |      0 |    0 |          6 |
|             other                                                                                 |                                                             system_top_t1_top_0_OtherUnit_21 |        564 |        564 |       0 |    0 |    195 |      0 |      0 |    0 |          0 |
|             shift                                                                                 |                                                           system_top_t1_top_0_LaneShifter_22 |        237 |        237 |       0 |    0 |     76 |      0 |      0 |    0 |          0 |
|             stage0                                                                                |                                                            system_top_t1_top_0_LaneStage0_23 |        248 |        248 |       0 |    0 |    183 |      0 |      0 |    0 |          0 |
|             stage1                                                                                |                                                            system_top_t1_top_0_LaneStage1_24 |       2523 |       2523 |       0 |    0 |   5939 |      0 |      0 |    0 |          0 |
|               (stage1)                                                                            |                                                            system_top_t1_top_0_LaneStage1_24 |       1595 |       1595 |       0 |    0 |   4354 |      0 |      0 |    0 |          0 |
|               crossReadUnitOp                                                                     |                                                         system_top_t1_top_0_CrossReadUnit_31 |        296 |        296 |       0 |    0 |    261 |      0 |      0 |    0 |          0 |
|               readPipe0                                                                           |                                                           system_top_t1_top_0_VrfReadPipe_32 |         87 |         87 |       0 |    0 |    266 |      0 |      0 |    0 |          0 |
|               readPipe1                                                                           |                                                         system_top_t1_top_0_VrfReadPipe_1_33 |        267 |        267 |       0 |    0 |    529 |      0 |      0 |    0 |          0 |
|                 (readPipe1)                                                                       |                                                         system_top_t1_top_0_VrfReadPipe_1_33 |        163 |        163 |       0 |    0 |    528 |      0 |      0 |    0 |          0 |
|                 reqArbitrate                                                                      |                                                  system_top_t1_top_0_ReadStageRRArbiter_1_36 |        104 |        104 |       0 |    0 |      1 |      0 |      0 |    0 |          0 |
|               readPipe2                                                                           |                                                         system_top_t1_top_0_VrfReadPipe_1_34 |        278 |        278 |       0 |    0 |    529 |      0 |      0 |    0 |          0 |
|                 (readPipe2)                                                                       |                                                         system_top_t1_top_0_VrfReadPipe_1_34 |        163 |        163 |       0 |    0 |    528 |      0 |      0 |    0 |          0 |
|                 reqArbitrate                                                                      |                                                  system_top_t1_top_0_ReadStageRRArbiter_1_35 |        115 |        115 |       0 |    0 |      1 |      0 |      0 |    0 |          0 |
|             stage2                                                                                |                                                            system_top_t1_top_0_LaneStage2_25 |        287 |        287 |       0 |    0 |    682 |      0 |      0 |    0 |          0 |
|             stage3                                                                                |                                                            system_top_t1_top_0_LaneStage3_26 |        114 |        114 |       0 |    0 |    336 |      0 |      0 |    0 |          0 |
|             tokenManager                                                                          |                                                      system_top_t1_top_0_SlotTokenManager_27 |        281 |        281 |       0 |    0 |    104 |      0 |      0 |    0 |          0 |
|             vfuResponse_otherDistributor                                                          |                                                           system_top_t1_top_0_Distributor_29 |        367 |        367 |       0 |    0 |    475 |      0 |      0 |    0 |          0 |
|             vfuResponse_shiftDistributor                                                          |                                                           system_top_t1_top_0_Distributor_30 |        180 |        180 |       0 |    0 |    277 |      0 |      0 |    0 |          0 |
|           laneVec2D_0_1                                                                           |                                                                   system_top_t1_top_0_Lane_1 |      14879 |      14879 |       0 |    0 |  19883 |      0 |      0 |    0 |         12 |
|             (laneVec2D_0_1)                                                                       |                                                                   system_top_t1_top_0_Lane_1 |        607 |        607 |       0 |    0 |   1048 |      0 |      0 |    0 |          0 |
|             adder                                                                                 |                                                                system_top_t1_top_0_LaneAdder |        788 |        788 |       0 |    0 |    228 |      0 |      0 |    0 |          0 |
|             executionUnit                                                                         |                                                      system_top_t1_top_0_LaneExecutionBridge |       2284 |       2284 |       0 |    0 |   2897 |      0 |      0 |    0 |          0 |
|             logic_0                                                                               |                                                              system_top_t1_top_0_MaskedLogic |        128 |        128 |       0 |    0 |    328 |      0 |      0 |    0 |          0 |
|             maskStage                                                                             |                                                         system_top_t1_top_0_MaskExchangeUnit |       3535 |       3535 |       0 |    0 |   5949 |      0 |      0 |    0 |          0 |
|             maskedWriteUnit                                                                       |                                                              system_top_t1_top_0_MaskedWrite |        305 |        305 |       0 |    0 |    790 |      0 |      0 |    0 |          0 |
|             multiplier                                                                            |                                                               system_top_t1_top_0_LaneMulDSP |       2385 |       2385 |       0 |    0 |    349 |      0 |      0 |    0 |         12 |
|               (multiplier)                                                                        |                                                               system_top_t1_top_0_LaneMulDSP |        765 |        765 |       0 |    0 |    349 |      0 |      0 |    0 |          0 |
|               responseVec_fusionMultiplier                                                        |                                            system_top_t1_top_0_VectorMultiplier32UnsignedDSP |        800 |        800 |       0 |    0 |      0 |      0 |      0 |    0 |          6 |
|               responseVec_fusionMultiplier_1                                                      |                                         system_top_t1_top_0_VectorMultiplier32UnsignedDSP_13 |        820 |        820 |       0 |    0 |      0 |      0 |      0 |    0 |          6 |
|             other                                                                                 |                                                                system_top_t1_top_0_OtherUnit |        567 |        567 |       0 |    0 |    196 |      0 |      0 |    0 |          0 |
|             shift                                                                                 |                                                              system_top_t1_top_0_LaneShifter |        237 |        237 |       0 |    0 |     76 |      0 |      0 |    0 |          0 |
|             stage0                                                                                |                                                               system_top_t1_top_0_LaneStage0 |        255 |        255 |       0 |    0 |    183 |      0 |      0 |    0 |          0 |
|             stage1                                                                                |                                                               system_top_t1_top_0_LaneStage1 |       2525 |       2525 |       0 |    0 |   5938 |      0 |      0 |    0 |          0 |
|               (stage1)                                                                            |                                                               system_top_t1_top_0_LaneStage1 |       1599 |       1599 |       0 |    0 |   4353 |      0 |      0 |    0 |          0 |
|               crossReadUnitOp                                                                     |                                                            system_top_t1_top_0_CrossReadUnit |        296 |        296 |       0 |    0 |    261 |      0 |      0 |    0 |          0 |
|               readPipe0                                                                           |                                                              system_top_t1_top_0_VrfReadPipe |         86 |         86 |       0 |    0 |    266 |      0 |      0 |    0 |          0 |
|               readPipe1                                                                           |                                                            system_top_t1_top_0_VrfReadPipe_1 |        266 |        266 |       0 |    0 |    529 |      0 |      0 |    0 |          0 |
|                 (readPipe1)                                                                       |                                                            system_top_t1_top_0_VrfReadPipe_1 |        164 |        164 |       0 |    0 |    528 |      0 |      0 |    0 |          0 |
|                 reqArbitrate                                                                      |                                                  system_top_t1_top_0_ReadStageRRArbiter_1_12 |        102 |        102 |       0 |    0 |      1 |      0 |      0 |    0 |          0 |
|               readPipe2                                                                           |                                                         system_top_t1_top_0_VrfReadPipe_1_11 |        278 |        278 |       0 |    0 |    529 |      0 |      0 |    0 |          0 |
|                 (readPipe2)                                                                       |                                                         system_top_t1_top_0_VrfReadPipe_1_11 |        163 |        163 |       0 |    0 |    528 |      0 |      0 |    0 |          0 |
|                 reqArbitrate                                                                      |                                                     system_top_t1_top_0_ReadStageRRArbiter_1 |        115 |        115 |       0 |    0 |      1 |      0 |      0 |    0 |          0 |
|             stage2                                                                                |                                                               system_top_t1_top_0_LaneStage2 |        286 |        286 |       0 |    0 |    678 |      0 |      0 |    0 |          0 |
|             stage3                                                                                |                                                               system_top_t1_top_0_LaneStage3 |        114 |        114 |       0 |    0 |    336 |      0 |      0 |    0 |          0 |
|             tokenManager                                                                          |                                                         system_top_t1_top_0_SlotTokenManager |        286 |        286 |       0 |    0 |    104 |      0 |      0 |    0 |          0 |
|             vfuResponse_otherDistributor                                                          |                                                            system_top_t1_top_0_Distributor_9 |        367 |        367 |       0 |    0 |    476 |      0 |      0 |    0 |          0 |
|             vfuResponse_shiftDistributor                                                          |                                                           system_top_t1_top_0_Distributor_10 |        180 |        180 |       0 |    0 |    277 |      0 |      0 |    0 |          0 |
|           lsu2D_0                                                                                 |                                                                      system_top_t1_top_0_LSU |      20155 |      20155 |       0 |    0 |  15548 |      0 |      0 |    0 |          7 |
|             (lsu2D_0)                                                                             |                                                                      system_top_t1_top_0_LSU |       2679 |       2679 |       0 |    0 |   7690 |      0 |      0 |    0 |          0 |
|             loadUnit                                                                              |                                                                 system_top_t1_top_0_LoadUnit |       7105 |       7105 |       0 |    0 |   2323 |      0 |      0 |    0 |          1 |
|             otherUnit                                                                             |                                                         system_top_t1_top_0_SimpleAccessUnit |       2297 |       2297 |       0 |    0 |   2094 |      0 |      0 |    0 |          5 |
|             storeUnit                                                                             |                                                                system_top_t1_top_0_StoreUnit |       8074 |       8074 |       0 |    0 |   3441 |      0 |      0 |    0 |          1 |
|           maskUnit2D_0                                                                            |                                                             system_top_t1_top_0_MaskUnitFpga |      21034 |      21034 |       0 |    0 |  15603 |      4 |      0 |    0 |          0 |
|             (maskUnit2D_0)                                                                        |                                                             system_top_t1_top_0_MaskUnitFpga |      11638 |      11638 |       0 |    0 |  12220 |      0 |      0 |    0 |          0 |
|             compressUnit                                                                          |                                                             system_top_t1_top_0_MaskCompress |       5891 |       5891 |       0 |    0 |   1065 |      0 |      0 |    0 |          0 |
|             maskedWrite                                                                           |                                                        system_top_t1_top_0_BitLevelMaskWrite |       3231 |       3231 |       0 |    0 |   2318 |      0 |      0 |    0 |          0 |
|             v0BramInst                                                                            |                                                                  system_top_t1_top_0_v0_bram |        274 |        274 |       0 |    0 |      0 |      4 |      0 |    0 |          0 |
|           replayFSM                                                                               |                                                   system_top_t1_top_0_time_multiplex_row_fsm |       1202 |       1202 |       0 |    0 |     22 |      0 |      0 |    0 |          0 |
|           sharedVRF2D_0                                                                           |                                                                system_top_t1_top_0_SharedVRF |      10651 |      10651 |       0 |    0 |   1317 |    128 |      0 |    0 |          0 |
|             (sharedVRF2D_0)                                                                       |                                                                system_top_t1_top_0_SharedVRF |       1458 |       1458 |       0 |    0 |   1317 |      0 |      0 |    0 |          0 |
|             vrfSRAM_mem                                                                           |                                                system_top_t1_top_0_sram_0R_0W_2RW_8M_8192x64 |       1406 |       1406 |       0 |    0 |      0 |     16 |      0 |    0 |          0 |
|             vrfSRAM_mem_1                                                                         |                                              system_top_t1_top_0_sram_0R_0W_2RW_8M_8192x64_2 |        144 |        144 |       0 |    0 |      0 |     16 |      0 |    0 |          0 |
|             vrfSRAM_mem_2                                                                         |                                              system_top_t1_top_0_sram_0R_0W_2RW_8M_8192x64_3 |       1788 |       1788 |       0 |    0 |      0 |     16 |      0 |    0 |          0 |
|             vrfSRAM_mem_3                                                                         |                                              system_top_t1_top_0_sram_0R_0W_2RW_8M_8192x64_4 |        120 |        120 |       0 |    0 |      0 |     16 |      0 |    0 |          0 |
|             vrfSRAM_mem_4                                                                         |                                              system_top_t1_top_0_sram_0R_0W_2RW_8M_8192x64_5 |       2042 |       2042 |       0 |    0 |      0 |     16 |      0 |    0 |          0 |
|             vrfSRAM_mem_5                                                                         |                                              system_top_t1_top_0_sram_0R_0W_2RW_8M_8192x64_6 |        121 |        121 |       0 |    0 |      0 |     16 |      0 |    0 |          0 |
|             vrfSRAM_mem_6                                                                         |                                              system_top_t1_top_0_sram_0R_0W_2RW_8M_8192x64_7 |       3449 |       3449 |       0 |    0 |      0 |     16 |      0 |    0 |          0 |
|             vrfSRAM_mem_7                                                                         |                                              system_top_t1_top_0_sram_0R_0W_2RW_8M_8192x64_8 |        123 |        123 |       0 |    0 |      0 |     16 |      0 |    0 |          0 |
|     v_frmbuf_wr                                                                                   |                                                                     system_top_v_frmbuf_wr_0 |       1905 |       1650 |       0 |  255 |   2364 |      2 |      0 |    0 |          0 |
|       inst                                                                                        |                                                         system_top_v_frmbuf_wr_0_v_frmbuf_wr |       1905 |       1650 |       0 |  255 |   2364 |      2 |      0 |    0 |          0 |
|         (inst)                                                                                    |                                                         system_top_v_frmbuf_wr_0_v_frmbuf_wr |          2 |          2 |       0 |    0 |    125 |      0 |      0 |    0 |          0 |
|         CTRL_s_axi_U                                                                              |                                                          system_top_v_frmbuf_wr_0_CTRL_s_axi |        193 |        193 |       0 |    0 |    216 |      0 |      0 |    0 |          0 |
|         grp_FrmbufWrHlsDataFlow_fu_170                                                            |                                                 system_top_v_frmbuf_wr_0_FrmbufWrHlsDataFlow |        957 |        957 |       0 |    0 |   1188 |      2 |      0 |    0 |          0 |
|           (Bytes2AXIMMvideo_U0)                                                                   |                                                    system_top_v_frmbuf_wr_0_Bytes2AXIMMvideo |        275 |        275 |       0 |    0 |    465 |      0 |      0 |    0 |          0 |
|           AXIvideo2MultiPixStream_U0                                                              |                                             system_top_v_frmbuf_wr_0_AXIvideo2MultiPixStream |        133 |        133 |       0 |    0 |    145 |      0 |      0 |    0 |          0 |
|             (AXIvideo2MultiPixStream_U0)                                                          |                                             system_top_v_frmbuf_wr_0_AXIvideo2MultiPixStream |         21 |         21 |       0 |    0 |     76 |      0 |      0 |    0 |          0 |
|             grp_AXIvideo2MultiPixStream_Pipeline_loop_width_fu_162                                |                         system_top_v_frmbuf_wr_0_AXIvideo2MultiPixStream_Pipeline_loop_width |         66 |         66 |       0 |    0 |     44 |      0 |      0 |    0 |          0 |
|           MultiPixStream2Bytes_U0                                                                 |                                                system_top_v_frmbuf_wr_0_MultiPixStream2Bytes |        411 |        411 |       0 |    0 |    446 |      0 |      0 |    0 |          0 |
|             (MultiPixStream2Bytes_U0)                                                             |                                                system_top_v_frmbuf_wr_0_MultiPixStream2Bytes |         52 |         52 |       0 |    0 |     68 |      0 |      0 |    0 |          0 |
|             grp_MultiPixStream2Bytes_Pipeline_VITIS_LOOP_863_1_fu_181                             |                      system_top_v_frmbuf_wr_0_MultiPixStream2Bytes_Pipeline_VITIS_LOOP_863_1 |        163 |        163 |       0 |    0 |    116 |      0 |      0 |    0 |          0 |
|               (grp_MultiPixStream2Bytes_Pipeline_VITIS_LOOP_863_1_fu_181)                         |                      system_top_v_frmbuf_wr_0_MultiPixStream2Bytes_Pipeline_VITIS_LOOP_863_1 |        136 |        136 |       0 |    0 |    114 |      0 |      0 |    0 |          0 |
|             grp_MultiPixStream2Bytes_Pipeline_VITIS_LOOP_904_4_fu_160                             |                      system_top_v_frmbuf_wr_0_MultiPixStream2Bytes_Pipeline_VITIS_LOOP_904_4 |        196 |        196 |       0 |    0 |    262 |      0 |      0 |    0 |          0 |
|               (grp_MultiPixStream2Bytes_Pipeline_VITIS_LOOP_904_4_fu_160)                         |                      system_top_v_frmbuf_wr_0_MultiPixStream2Bytes_Pipeline_VITIS_LOOP_904_4 |        170 |        170 |       0 |    0 |    260 |      0 |      0 |    0 |          0 |
|         mm_video_m_axi_U                                                                          |                                                      system_top_v_frmbuf_wr_0_mm_video_m_axi |        685 |        430 |       0 |  255 |    766 |      0 |      0 |    0 |          0 |
|           bus_write                                                                               |                                                system_top_v_frmbuf_wr_0_mm_video_m_axi_write |        309 |        279 |       0 |   30 |    502 |      0 |      0 |    0 |          0 |
|             wreq_burst_conv                                                                       |                                      system_top_v_frmbuf_wr_0_mm_video_m_axi_burst_converter |        178 |        178 |       0 |    0 |    278 |      0 |      0 |    0 |          0 |
|               burst_sequential                                                                    |                                     system_top_v_frmbuf_wr_0_mm_video_m_axi_burst_sequential |        178 |        178 |       0 |    0 |    278 |      0 |      0 |    0 |          0 |
|                 (burst_sequential)                                                                |                                     system_top_v_frmbuf_wr_0_mm_video_m_axi_burst_sequential |        114 |        114 |       0 |    0 |    197 |      0 |      0 |    0 |          0 |
|                 rs_req                                                                            |                                            system_top_v_frmbuf_wr_0_mm_video_m_axi_reg_slice |         64 |         64 |       0 |    0 |     81 |      0 |      0 |    0 |          0 |
|             wreq_throttle                                                                         |                                             system_top_v_frmbuf_wr_0_mm_video_m_axi_throttle |        113 |         84 |       0 |   29 |    207 |      0 |      0 |    0 |          0 |
|               (wreq_throttle)                                                                     |                                             system_top_v_frmbuf_wr_0_mm_video_m_axi_throttle |          7 |          7 |       0 |    0 |     83 |      0 |      0 |    0 |          0 |
|               rs_req                                                                              |                            system_top_v_frmbuf_wr_0_mm_video_m_axi_reg_slice__parameterized1 |         46 |         46 |       0 |    0 |     71 |      0 |      0 |    0 |          0 |
|           store_unit_0                                                                            |                                                system_top_v_frmbuf_wr_0_mm_video_m_axi_store |        365 |        140 |       0 |  225 |    253 |      0 |      0 |    0 |          0 |
|             (store_unit_0)                                                                        |                                                system_top_v_frmbuf_wr_0_mm_video_m_axi_store |          2 |          2 |       0 |    0 |     52 |      0 |      0 |    0 |          0 |
|             buff_wdata                                                                            |                                 system_top_v_frmbuf_wr_0_mm_video_m_axi_fifo__parameterized1 |         91 |         19 |       0 |   72 |     92 |      0 |      0 |    0 |          0 |
|               U_fifo_srl                                                                          |                                  system_top_v_frmbuf_wr_0_mm_video_m_axi_srl__parameterized1 |         72 |          0 |       0 |   72 |     72 |      0 |      0 |    0 |          0 |
|             fifo_wreq                                                                             |                                 system_top_v_frmbuf_wr_0_mm_video_m_axi_fifo__parameterized0 |        195 |         47 |       0 |  148 |     63 |      0 |      0 |    0 |          0 |
|               U_fifo_srl                                                                          |                                  system_top_v_frmbuf_wr_0_mm_video_m_axi_srl__parameterized0 |        160 |         12 |       0 |  148 |     37 |      0 |      0 |    0 |          0 |
|         regslice_both_s_axis_video_V_data_V_U                                                     |                                                       system_top_v_frmbuf_wr_0_regslice_both |         30 |         30 |       0 |    0 |     53 |      0 |      0 |    0 |          0 |
+---------------------------------------------------------------------------------------------------+----------------------------------------------------------------------------------------------+------------+------------+---------+------+--------+--------+--------+------+------------+


